beta,mode,seeds,samples_per_run,target,mean,mean_error,mean_pull,seed_stddev,rms_error,relative_error_percent,relative_error_denominator,wall_seconds,cpu_seconds,variance_times_wall,evaluation_us,mapping_us,physical_us,max_rejected_percent,mean_f64_percent,mean_quad_percent,mean_arb_percent,fermi_sample_percent,max_abs_run_pull,rmse_to_reference,runs_within_2sigma,efficiency_vs_ordinary,efficiency_seed_min_vs_ordinary,efficiency_seed_max_vs_ordinary,variance_gain_vs_ordinary,extra_cost_break_even_us_vs_ordinary,efficiency_vs_optimized,efficiency_seed_min_vs_optimized,efficiency_seed_max_vs_optimized,variance_gain_vs_optimized,extra_cost_break_even_us_vs_optimized
1.0,fermi,3,100000,-1.2071002793975552,-1.006200066186093,0.09183293623314624,2.1876705836935773,0.0673493923474575,0.15905931136404214,13.176975772338164,target,16.985851985247184,16.866698000000003,0.43569567142965115,162.381,132.37566666666666,18.224999999999998,0.0,95.53866666666667,4.392,0.06933333333333333,100,3.6882284611347522,0.20829031686916882,2,0.22605005091604372,0.10578369736797548,0.24622750078754274,0.8967232491082854,,0.0008686070234395462,0.0003560928016524447,0.005813328161333431,0.0024736421445287716,
1.0,mixed,3,100000,-1.2071002793975552,-1.112971645624254,0.0903019082146878,1.042377017654107,0.14171670492813523,0.15640749304826063,12.95729076678875,target,24.99461245816201,24.77688466666666,0.6141257919273975,242.13466666666667,211.439,17.627333333333333,0.0,96.226,3.719666666666667,0.05433333333333333,35.228,3.17483892361251,0.1491619343749839,2,0.1603727282019381,0.02379738151155385,0.24507896971386198,0.9273880925709325,,0.0006162390918288355,0.0003544318025905862,0.002697633422385828,0.0025582321774291253,
1.0,optimized,3,100000,-1.2071002793975552,-1.2062315991423733,0.00456737748079583,0.19019234973117874,0.002823946399197032,0.007910929854084323,0.6553664172816317,target,6.047169050046553,6.006601333333331,0.0003784483202860038,52.95633333333333,26.251333333333335,17.829666666666665,0.0,94.596,5.366,0.038,0.0,0.44191628724130405,0.0024639509389261026,3,260.2443277754321,39.69853458422206,691.4700315337091,362.51130790751904,0,1.0,1.0,1.0,1.0,
1.0,optimized_fermi,3,100000,-1.2071002793975552,-1.2098878166618507,0.004826866378443727,-0.5775045434745071,0.002803670662664267,0.008360377808810519,0.692600105517584,target,40.183474623753376,39.809802000000005,0.0028089885237930234,393.47133333333335,353.8843333333333,23.584999999999997,0.0,93.90899999999999,5.999666666666667,0.09133333333333334,16.234333333333332,0.6746147843913685,0.003607040817109273,3,35.06209721981389,5.598442793221936,92.0626529431021,324.58228840972765,0,0.13472761354502752,0.13036826663215764,0.1410239156648115,0.895371485880745,
1.0,ordinary,3,100000,-1.2071002793975552,-1.073355722202107,0.08696163277518576,1.537972010498079,0.12278809696152357,0.15062196627576863,12.477999454274148,target,4.282682933378965,4.246,0.0984890287105725,35.20466666666667,14.920666666666666,11.787333333333333,0.0,97.82433333333333,2.155333333333333,0.02033333333333333,0.0,4.01391824839989,0.16714928781290536,1,1.0,1.0,1.0,1.0,,0.003842542923213726,0.0014461942736432969,0.025189846690145682,0.0027585346392976847,
10.0,fermi,3,100000,-0.01939613254103737,-0.01469531460994187,0.001619119492354267,2.9033174841594405,0.0033952201558582447,0.002804397224282719,14.45853815625004,target,20.590797015155356,20.441111333333335,0.00016019584919593787,198.21533333333332,150.61499999999998,33.63966666666667,0.0,93.90899999999999,5.24,0.8510000000000001,100,5.958789230558518,0.005457353066503306,1,0.11287586807397877,0.08994553487643024,1.6458622058996741,0.36449668778675315,,0.008500476041533696,0.002949690121685863,0.2917965260766187,0.02093861869646817,
10.0,mixed,3,100000,-0.01939613254103737,-0.015622405254971324,0.0009886828820490103,3.8169238636408176,0.001713511118443859,0.0017124489842825132,8.82881667600177,target,27.896859616041183,27.684392333333307,8.126466805481551e-05,271.063,221.51033333333334,33.86633333333333,0.0,94.27366666666667,4.899333333333334,0.8270000000000001,58.330666666666666,5.717565740517104,0.00402472746882153,0,0.22251054452892924,0.20664678132099729,0.33059887622118367,0.9775463509016072,,0.016756863845486688,0.006776811882636903,0.15823008586429868,0.05615543566098906,
10.0,optimized,3,100000,-0.01939613254103737,-0.019311161367384245,0.0002342895484474409,0.3626759034545161,0.0003421644015022636,0.0004058014015933376,2.092176884926741,target,8.270586281704405,8.204798333333331,1.361740978043215e-06,75.07266666666668,26.700666666666667,36.982,0.0,93.47533333333334,5.404333333333334,1.1203333333333334,0.0,1.0396128479513413,0.00029201213237739157,3,13.27877021504,1.3372526644337897,30.493214936429613,17.4078669214333,0,1.0,1.0,1.0,1.0,
10.0,optimized_fermi,3,100000,-0.01939613254103737,-0.0190746594454876,0.000231368121454703,1.3894442048824336,0.00024143551354767492,0.0004007413416113124,2.0660889007818635,target,43.45875384658575,43.116112,6.978992088958037e-06,426.15766666666667,363.7246666666666,43.287,0.0,93.00733333333334,5.816,1.1766666666666667,30.979666666666667,1.4651013471202303,0.00037710169622668006,3,2.5909537235969786,0.25913357997721276,6.025274316177552,17.850251842525708,0,0.19512000596729762,0.1937805673297599,0.1975939345437559,1.0254129310092392,13763.85420224911
10.0,ordinary,3,100000,-0.01939613254103737,-0.015026983285642963,0.0009775200957265883,4.469626020472582,0.0019993576110140855,0.0016931144712180434,8.729134365502174,target,6.255094138905406,6.201818999999998,1.8082245539839682e-05,54.769999999999996,15.288333333333334,28.955666666666666,0.0,94.92966666666666,4.270333333333333,0.7999999999999999,0.0,5.313560141762025,0.004664163281918148,0,1.0,1.0,1.0,1.0,,0.07530817867963141,0.03279418067543021,0.7478018377502453,0.05744529209197699,
100.0,fermi,3,100000,-0.016157606931864386,-0.015631672850382937,0.00023656140364271887,2.22324552265412,0.00035397951027145696,0.00040973637021899837,2.535872867478649,target,40.490193078915276,40.08696766666669,6.797935897524732e-06,396.7663333333333,167.889,199.94633333333334,0.0,83.089,6.691,10.22,100,1.8483031987986547,0.0006001174778255916,3,0.8672317953019003,0.8418484778434252,0.8872971110694041,1.1276982445296915,420.51206680757946,0.6185270209573475,0.6155772169027448,0.6240894755331318,0.9398213070200702,
100.0,mixed,3,100000,-0.016157606931864386,-0.015584448553333734,0.00023995207897856317,2.3886368518684797,0.0003605717134992462,0.00041560919217265143,2.572219969982246,target,51.44913140125573,50.971289000000006,8.887417061484833e-06,506.2376666666666,241.41,232.921,0.0,81.094,6.747333333333334,12.158666666666667,55.06433333333333,2.0232084773612775,0.0006443486379777186,2,0.66334077853804,0.6567569915240997,0.6694126096660535,1.0960532320984282,1802.5771402171035,0.473107879405909,0.4609642352564236,0.4802344503365812,0.9134484212874869,
100.0,optimized,3,100000,-0.016157606931864386,-0.01585772002674738,0.00022933298921167663,1.307648350757798,0.0004301161974231668,0.00039721638916626913,2.458386262528267,target,26.651088263994705,26.39123166666665,4.204707039354984e-06,258.399,30.211333333333332,202.8193333333333,0.0,81.97666666666667,7.284666666666666,10.738666666666667,0.0,1.4091683719283077,0.00046180672513996434,3,1.4020920120185068,1.3675757560995456,1.440295509364252,1.1999070845768864,0,1.0,1.0,1.0,1.0,
100.0,optimized_fermi,3,100000,-0.016157606931864386,-0.0160288349234075,0.0002366745982651406,0.5440888435041396,0.0001638570551970103,0.00040993242905617633,2.5370862825468876,target,64.36593431218837,63.78576300000002,1.0814570044773383e-05,634.4253333333334,381.81066666666663,219.57333333333332,0.0,82.10366666666667,6.761,11.135333333333334,32.36666666666667,0.6717587875156111,0.0001856923616825538,3,0.5451336602703695,0.5206347099797827,0.5684563266986361,1.1266198115045498,2312.3705683591706,0.3888002039791766,0.3806289257598152,0.40636421456572636,0.9389225432416046,
100.0,ordinary,3,100000,-0.016157606931864386,-0.01565174862534214,0.0002512119765665358,2.013671137165171,0.00050057904245214,0.0004351119068830422,2.69292296017524,target,31.143373660277575,30.846435333333304,5.895386152757608e-06,303.22333333333336,19.360333333333337,255.174,0.0,79.06566666666667,6.937333333333333,13.997,0.0,2.408888225710189,0.0006503426364405335,2,1.0,1.0,1.0,1.0,,0.7132199537749029,0.6943019633806962,0.7312209181391851,0.8333978629292133,
1000.0,fermi,3,100000,-0.016126085527358596,-0.015659432455963594,0.00023836493269709168,1.9577253504315302,0.00038028774300423836,0.00041286017417409873,2.5602008216666325,target,53.45983509238189,53.06862933333335,9.11234201005365e-06,526.535,169.67499999999998,324.0856666666666,0.0,78.26166666666667,3.345333333333333,18.393,100,1.7858938835924416,0.0005605154776589392,3,1.0387910152654978,1.010824967843017,1.0814081678911305,1.145332896874666,0,0.8034549690599724,0.7445798345202596,0.8450002378593577,0.9755901419757753,
1000.0,mixed,3,100000,-0.016126085527358596,-0.01557290180057892,0.00024189095339596488,2.286913665076756,0.00037672959954484993,0.00041896742117308666,2.598072672145329,target,66.95383381548648,66.38965566666667,1.175267198279331e-05,660.745,246.38666666666666,375.4893333333333,0.0,76.004,2.7936666666666667,21.202333333333332,55.245666666666665,1.8841811445593613,0.00063295262831379,3,0.8054184633016784,0.7845430620811371,0.8237327781006227,1.1121854535917077,1161.2224858294546,0.6229525063296663,0.5671631062331889,0.6664125974024965,0.9473552776958801,
1000.0,optimized,3,100000,-0.016126085527358596,-0.015913109730543818,0.00023543773211663903,0.9045950065016212,0.0002333744552880654,0.0004077901140448096,2.528760704840466,target,44.002025585621595,43.64692666666668,7.3213564677515415e-06,431.5693333333333,32.785666666666664,365.34700000000004,0.0,75.91666666666667,2.6056666666666666,21.477666666666664,0.0,0.8798276034650484,0.0002857757529069893,3,1.2929050852481059,1.212187125690122,1.4523736982319604,1.1739898217453553,0,1.0,1.0,1.0,1.0,
1000.0,optimized_fermi,3,100000,-0.016126085527358596,-0.015738634624077798,0.0002482084193062543,1.5609901725482502,0.00030229310941630715,0.00042990959310479235,2.665926534839669,target,79.54110777905832,78.87813966666668,1.470751001224611e-05,786.2370000000001,389.54266666666666,357.3036666666667,0.0,77.482,2.720666666666667,19.797333333333334,32.29933333333334,1.608761835695595,0.000459389760211117,3,0.6436044578714158,0.5856977481330706,0.7441407474274014,1.056290674161212,5031.859225931359,0.4977971432047616,0.40326931618636913,0.6042165166957638,0.8997443202623668,
1000.0,ordinary,3,100000,-0.016126085527358596,-0.015626048021357638,0.0002550986918560827,1.9601727565230358,0.000441208583710478,0.00044184389523909225,2.7399327288044275,target,48.4870634766606,48.07180566666665,9.465819008070078e-06,476.44733333333335,21.691333333333333,418.817,0.0,73.12666666666667,2.155333333333333,24.718,0.0,2.256005751060899,0.0006162906648929509,2,1.0,1.0,1.0,1.0,,0.7734519814407738,0.688528029127314,0.8249551400165881,0.8517961412248983,
