point,mode,source_batch,result_re,result_im,is_nan,final_precision,final_status,estimated_relative_accuracy,precision_history,primary_cut_weights,evaluation_seconds,raw_output_sha256
ap_nearby,z_norm,AP48,-7.394131575452668e-42,-3.445765925524822e-40,False,Quad,"{""Stable"":2}",3.6984603519307134e-13,"[{""precision"":""Double"",""status"":{""Unstable"":2},""estimated_relative_accuracy"":0.9999924347853645},{""precision"":""Quad"",""status"":{""Stable"":2},""estimated_relative_accuracy"":3.6984603519307134e-13}]","{""3"":{""re"":-4.345937771605393e-43,""im"":6.257606798186075e-44},""4"":{""re"":4.579226505396572e-45,""im"":-4.888982830593262e-45},""1"":{""re"":-6.998663973016335e-42,""im"":-3.446123614213206e-40},""0"":{""re"":3.3991689635631365e-44,""im"":-2.2092450164217432e-44},""5"":{""re"":5.552585831779965e-46,""im"":1.5448592813343327e-46},""2"":{""re"":4.1714786712782024e-80,""im"":1.9747923184760473e-47}}",0.238695604,9a27007edf2fd5aaede786f7bd5463e909c59da9d5d63b2117d121bcc5c9c41b
ap_nearby,z_components,AP48,-7.394131575460281e-42,-3.4457659255260954e-40,False,Quad,"{""Stable"":2}",1.0296405549616542e-12,"[{""precision"":""Double"",""status"":{""Unstable"":2},""estimated_relative_accuracy"":1.0000075652718683},{""precision"":""Quad"",""status"":{""Stable"":2},""estimated_relative_accuracy"":1.0296405549616542e-12}]","{""3"":{""re"":-4.345937771605393e-43,""im"":6.257606798186075e-44},""4"":{""re"":4.579226505396572e-45,""im"":-4.888982830593262e-45},""1"":{""re"":-6.998663973016335e-42,""im"":-3.446123614213206e-40},""0"":{""re"":3.3991689635631365e-44,""im"":-2.2092450164217432e-44},""5"":{""re"":5.552585831779965e-46,""im"":1.5448592813343327e-46},""2"":{""re"":4.1714786712782024e-80,""im"":1.9747923184760473e-47}}",0.220239737,c17cfc173524246bd1430173d3bfe096c926506768f37653e7ae6d35ae46c1a5
ap_nearby,euler_norm,AP48,-7.394130188969977e-42,-3.0757937896948634e-43,False,Arb,"{""Stable"":2}",3.011536495298269e-269,"[{""precision"":""Double"",""status"":{""Unstable"":2},""estimated_relative_accuracy"":0.0008670844697582469},{""precision"":""Quad"",""status"":{""Unstable"":2},""estimated_relative_accuracy"":0.9325188606336585},{""precision"":""Arb"",""status"":{""Stable"":2},""estimated_relative_accuracy"":3.011536495298269e-269}]","{""3"":{""re"":-4.345937771605393e-43,""im"":6.257606798186075e-44},""4"":{""re"":4.579226505396572e-45,""im"":-4.888982830593262e-45},""1"":{""re"":-6.998662586533643e-42,""im"":-3.433482478078546e-43},""0"":{""re"":3.3991689635631365e-44,""im"":-2.2092450164217432e-44},""5"":{""re"":5.552585831779965e-46,""im"":1.5448592813343327e-46},""2"":{""re"":0.0,""im"":1.9747923184760473e-47}}",2.657014552,4956635080baeb46a4608e855af01a40e080b82aaf1245df4d02184463588744
ap_nearby,euler_components,AP48,-7.394130188969977e-42,-3.0757937896948634e-43,False,Arb,"{""Stable"":2}",1.743406600455616e-266,"[{""precision"":""Double"",""status"":{""Unstable"":2},""estimated_relative_accuracy"":0.1941775759926859},{""precision"":""Quad"",""status"":{""Unstable"":2},""estimated_relative_accuracy"":1.0566766139976678},{""precision"":""Arb"",""status"":{""Stable"":2},""estimated_relative_accuracy"":1.743406600455616e-266}]","{""3"":{""re"":-4.345937771605393e-43,""im"":6.257606798186075e-44},""4"":{""re"":4.579226505396572e-45,""im"":-4.888982830593262e-45},""1"":{""re"":-6.998662586533643e-42,""im"":-3.433482478078546e-43},""0"":{""re"":3.3991689635631365e-44,""im"":-2.2092450164217432e-44},""5"":{""re"":5.552585831779965e-46,""im"":1.5448592813343327e-46},""2"":{""re"":0.0,""im"":1.9747923184760473e-47}}",2.654429383,79062269102a92e590442d3bda65e18d5c6d012a80f66a3c48892612326fbf88
ap_nearby,euler3_norm,AP48,-7.394130188969977e-42,-3.0757937896948634e-43,False,Arb,"{""Stable"":4}",6.023148441512894e-269,"[{""precision"":""Double"",""status"":{""Unstable"":4},""estimated_relative_accuracy"":0.9999962173050544},{""precision"":""Quad"",""status"":{""Unstable"":4},""estimated_relative_accuracy"":0.10986493546469124},{""precision"":""Arb"",""status"":{""Stable"":4},""estimated_relative_accuracy"":6.023148441512894e-269}]","{""3"":{""re"":-4.345937771605393e-43,""im"":6.257606798186075e-44},""4"":{""re"":4.579226505396572e-45,""im"":-4.888982830593262e-45},""1"":{""re"":-6.998662586533643e-42,""im"":-3.433482478078546e-43},""0"":{""re"":3.3991689635631365e-44,""im"":-2.2092450164217432e-44},""5"":{""re"":5.552585831779965e-46,""im"":1.5448592813343327e-46},""2"":{""re"":0.0,""im"":1.9747923184760473e-47}}",5.711956334,67cdd8d7f461ba4805f5bd485425be3a0be98ac03eeb458d583cd2ba4e91b2ad
ap_nearby,euler3_components,AP48,-7.394130188969977e-42,-3.0757937896948634e-43,False,Arb,"{""Stable"":4}",3.486856880154733e-266,"[{""precision"":""Double"",""status"":{""Unstable"":4},""estimated_relative_accuracy"":1.000003782709267},{""precision"":""Quad"",""status"":{""Unstable"":4},""estimated_relative_accuracy"":7.404931126608842},{""precision"":""Arb"",""status"":{""Stable"":4},""estimated_relative_accuracy"":3.486856880154733e-266}]","{""3"":{""re"":-4.345937771605393e-43,""im"":6.257606798186075e-44},""4"":{""re"":4.579226505396572e-45,""im"":-4.888982830593262e-45},""1"":{""re"":-6.998662586533643e-42,""im"":-3.433482478078546e-43},""0"":{""re"":3.3991689635631365e-44,""im"":-2.2092450164217432e-44},""5"":{""re"":5.552585831779965e-46,""im"":1.5448592813343327e-46},""2"":{""re"":0.0,""im"":1.9747923184760473e-47}}",5.716335675,f6a86d2f7884590a9019f2b02c7e8d72aeb5be91cd0f35ce85562c3a49fca03d
ap_nearby,z_strict_quad,AP48,-7.394130188969977e-42,-3.0757937896948634e-43,False,Arb,"{""Stable"":2}",3.369714238247868e-282,"[{""precision"":""Double"",""status"":{""Unstable"":2},""estimated_relative_accuracy"":0.9999924347853645},{""precision"":""Quad"",""status"":{""Unstable"":2},""estimated_relative_accuracy"":3.6984603519307134e-13},{""precision"":""Arb"",""status"":{""Stable"":2},""estimated_relative_accuracy"":3.369714238247868e-282}]","{""3"":{""re"":-4.345937771605393e-43,""im"":6.257606798186075e-44},""4"":{""re"":4.579226505396572e-45,""im"":-4.888982830593262e-45},""1"":{""re"":-6.998662586533643e-42,""im"":-3.433482478078546e-43},""0"":{""re"":3.3991689635631365e-44,""im"":-2.2092450164217432e-44},""5"":{""re"":5.552585831779965e-46,""im"":1.5448592813343327e-46},""2"":{""re"":0.0,""im"":1.9747923184760473e-47}}",2.317745841,a1bc87e5e733eea00fd223f64f6b9a03b1ba461c366aeb881a9106868ef9dc7c
ap_nearby,euler_strict_quad,AP48,-7.394130188969977e-42,-3.0757937896948634e-43,False,Arb,"{""Stable"":2}",3.011536495298269e-269,"[{""precision"":""Double"",""status"":{""Unstable"":2},""estimated_relative_accuracy"":0.0008670844697582469},{""precision"":""Quad"",""status"":{""Unstable"":2},""estimated_relative_accuracy"":0.9325188606336585},{""precision"":""Arb"",""status"":{""Stable"":2},""estimated_relative_accuracy"":3.011536495298269e-269}]","{""3"":{""re"":-4.345937771605393e-43,""im"":6.257606798186075e-44},""4"":{""re"":4.579226505396572e-45,""im"":-4.888982830593262e-45},""1"":{""re"":-6.998662586533643e-42,""im"":-3.433482478078546e-43},""0"":{""re"":3.3991689635631365e-44,""im"":-2.2092450164217432e-44},""5"":{""re"":5.552585831779965e-46,""im"":1.5448592813343327e-46},""2"":{""re"":0.0,""im"":1.9747923184760473e-47}}",2.6594801649999997,e1585d0fc60e68dcff57b1c8c4fa587bb216fd98cca9ef6bb658806816b5f55b
ap_nearby,euler_double_arb,AP48,-7.394130188969977e-42,-3.0757937896948634e-43,False,Arb,"{""Stable"":2}",3.011536495298269e-269,"[{""precision"":""Double"",""status"":{""Unstable"":2},""estimated_relative_accuracy"":0.0008670844697582469},{""precision"":""Arb"",""status"":{""Stable"":2},""estimated_relative_accuracy"":3.011536495298269e-269}]","{""3"":{""re"":-4.345937771605393e-43,""im"":6.257606798186075e-44},""4"":{""re"":4.579226505396572e-45,""im"":-4.888982830593262e-45},""1"":{""re"":-6.998662586533643e-42,""im"":-3.433482478078546e-43},""0"":{""re"":3.3991689635631365e-44,""im"":-2.2092450164217432e-44},""5"":{""re"":5.552585831779965e-46,""im"":1.5448592813343327e-46},""2"":{""re"":0.0,""im"":1.9747923184760473e-47}}",2.481348195,85a02865d5ee7575d6bfe8f0be8d9bcefd325406c7d29982aae20911977d3147
ap_nearby,quad_euler_norm,AP48,-7.394131575452668e-42,-3.445765925524822e-40,False,Quad,"{""Unstable"":2}",0.9325188606336585,"[{""precision"":""Quad"",""status"":{""Unstable"":2},""estimated_relative_accuracy"":0.9325188606336585}]","{""3"":{""re"":-4.345937771605393e-43,""im"":6.257606798186075e-44},""4"":{""re"":4.579226505396572e-45,""im"":-4.888982830593262e-45},""1"":{""re"":-6.998663973016335e-42,""im"":-3.446123614213206e-40},""0"":{""re"":3.3991689635631365e-44,""im"":-2.2092450164217432e-44},""5"":{""re"":5.552585831779965e-46,""im"":1.5448592813343327e-46},""2"":{""re"":4.1714786712782024e-80,""im"":1.9747923184760473e-47}}",0.193687609,d09295dda351233c2fba979e7d1cb6352d6194d07b7c49cfe373abb060392f36
ap_nearby,quad_euler_components,AP48,-7.394130862413656e-42,-1.675404826443332e-40,False,Quad,"{""Unstable"":2}",1.0566766139976678,"[{""precision"":""Quad"",""status"":{""Unstable"":2},""estimated_relative_accuracy"":1.0566766139976678}]","{""3"":{""re"":-4.345937771605393e-43,""im"":6.257606798186075e-44},""4"":{""re"":4.579226505396572e-45,""im"":-4.888982830593262e-45},""1"":{""re"":-6.998663973016335e-42,""im"":-3.446123614213206e-40},""0"":{""re"":3.3991689635631365e-44,""im"":-2.2092450164217432e-44},""5"":{""re"":5.552585831779965e-46,""im"":1.5448592813343327e-46},""2"":{""re"":4.1714786712782024e-80,""im"":1.9747923184760473e-47}}",0.1860343,d38b01bda930f9b7bbd515ed73a454041b3a78885eddbd37aaea1f47f1f65510
ap_nearby,arb_z,AP48,-7.394130188969977e-42,-3.0757937896948634e-43,False,Arb,"{""Stable"":2}",3.369714238247868e-282,"[{""precision"":""Arb"",""status"":{""Stable"":2},""estimated_relative_accuracy"":3.369714238247868e-282}]","{""3"":{""re"":-4.345937771605393e-43,""im"":6.257606798186075e-44},""4"":{""re"":4.579226505396572e-45,""im"":-4.888982830593262e-45},""1"":{""re"":-6.998662586533643e-42,""im"":-3.433482478078546e-43},""0"":{""re"":3.3991689635631365e-44,""im"":-2.2092450164217432e-44},""5"":{""re"":5.552585831779965e-46,""im"":1.5448592813343327e-46},""2"":{""re"":0.0,""im"":1.9747923184760473e-47}}",2.079867889,d1bb62867f78bc04ae3d06ef2752f37d16213539e6940c12eace64e1afc329e6
ap_nearby,arb_euler,AP48,-7.394130188969977e-42,-3.0757937896948634e-43,False,Arb,"{""Stable"":2}",3.011536495298269e-269,"[{""precision"":""Arb"",""status"":{""Stable"":2},""estimated_relative_accuracy"":3.011536495298269e-269}]","{""3"":{""re"":-4.345937771605393e-43,""im"":6.257606798186075e-44},""4"":{""re"":4.579226505396572e-45,""im"":-4.888982830593262e-45},""1"":{""re"":-6.998662586533643e-42,""im"":-3.433482478078546e-43},""0"":{""re"":3.3991689635631365e-44,""im"":-2.2092450164217432e-44},""5"":{""re"":5.552585831779965e-46,""im"":1.5448592813343327e-46},""2"":{""re"":0.0,""im"":1.9747923184760473e-47}}",2.433163473,161678218be64008ed4d1e2b2fc0c37a4ad7784cf8559c2607c6dd878483e37a
ap_nearby,arb_euler_components,AP48,-7.394130188969977e-42,-3.0757937896948634e-43,False,Arb,"{""Stable"":2}",1.743406600455616e-266,"[{""precision"":""Arb"",""status"":{""Stable"":2},""estimated_relative_accuracy"":1.743406600455616e-266}]","{""3"":{""re"":-4.345937771605393e-43,""im"":6.257606798186075e-44},""4"":{""re"":4.579226505396572e-45,""im"":-4.888982830593262e-45},""1"":{""re"":-6.998662586533643e-42,""im"":-3.433482478078546e-43},""0"":{""re"":3.3991689635631365e-44,""im"":-2.2092450164217432e-44},""5"":{""re"":5.552585831779965e-46,""im"":1.5448592813343327e-46},""2"":{""re"":0.0,""im"":1.9747923184760473e-47}}",2.459512489,9940ce363578919c942e5352b57e219d448f907ac682e70fdda1c243679d0137
ap_nearby,arb_euler3_components,AP48,-7.394130188969977e-42,-3.0757937896948634e-43,False,Arb,"{""Stable"":4}",3.486856880154733e-266,"[{""precision"":""Arb"",""status"":{""Stable"":4},""estimated_relative_accuracy"":3.486856880154733e-266}]","{""3"":{""re"":-4.345937771605393e-43,""im"":6.257606798186075e-44},""4"":{""re"":4.579226505396572e-45,""im"":-4.888982830593262e-45},""1"":{""re"":-6.998662586533643e-42,""im"":-3.433482478078546e-43},""0"":{""re"":3.3991689635631365e-44,""im"":-2.2092450164217432e-44},""5"":{""re"":5.552585831779965e-46,""im"":1.5448592813343327e-46},""2"":{""re"":0.0,""im"":1.9747923184760473e-47}}",5.289918076,73a41aaf2b402988406a0b754c8ccad431b9c27d619d805d0687933362593527
ap_nearby,euler_exact_zero_escalation,AP48,-7.394130188969977e-42,-3.0757937896948634e-43,False,Arb,"{""Stable"":2}",3.011536495298269e-269,"[{""precision"":""Double"",""status"":{""Unstable"":2},""estimated_relative_accuracy"":0.0008670844697582469},{""precision"":""Quad"",""status"":{""Unstable"":2},""estimated_relative_accuracy"":0.9325188606336585},{""precision"":""Arb"",""status"":{""Stable"":2},""estimated_relative_accuracy"":3.011536495298269e-269}]","{""3"":{""re"":-4.345937771605393e-43,""im"":6.257606798186075e-44},""4"":{""re"":4.579226505396572e-45,""im"":-4.888982830593262e-45},""1"":{""re"":-6.998662586533643e-42,""im"":-3.433482478078546e-43},""0"":{""re"":3.3991689635631365e-44,""im"":-2.2092450164217432e-44},""5"":{""re"":5.552585831779965e-46,""im"":1.5448592813343327e-46},""2"":{""re"":0.0,""im"":1.9747923184760473e-47}}",2.666657173,c9d64d82d5e9646024891b4cb4f2b089a47ef18e17067c3c8d1327c1f764eb82
ap_nearby,euler_norm_trigger_quad,AP48,-7.394130188969977e-42,-3.0757937896948634e-43,False,Arb,"{""Stable"":2}",3.011536495298269e-269,"[{""precision"":""Quad"",""status"":{""Unstable"":2},""estimated_relative_accuracy"":0.9325188606336585},{""precision"":""Arb"",""status"":{""Stable"":2},""estimated_relative_accuracy"":3.011536495298269e-269}]","{""3"":{""re"":-4.345937771605393e-43,""im"":6.257606798186075e-44},""4"":{""re"":4.579226505396572e-45,""im"":-4.888982830593262e-45},""1"":{""re"":-6.998662586533643e-42,""im"":-3.433482478078546e-43},""0"":{""re"":3.3991689635631365e-44,""im"":-2.2092450164217432e-44},""5"":{""re"":5.552585831779965e-46,""im"":1.5448592813343327e-46},""2"":{""re"":0.0,""im"":1.9747923184760473e-47}}",2.610745152,674c0b09efd50def9fb3584b8cbee03addabb51c2413603517996522fecff649
ap_nearby,euler_norm_trigger_arb,AP48,-7.394130188969977e-42,-3.0757937896948634e-43,False,Arb,"{""Stable"":2}",3.011536495298269e-269,"[{""precision"":""Arb"",""status"":{""Stable"":2},""estimated_relative_accuracy"":3.011536495298269e-269}]","{""3"":{""re"":-4.345937771605393e-43,""im"":6.257606798186075e-44},""4"":{""re"":4.579226505396572e-45,""im"":-4.888982830593262e-45},""1"":{""re"":-6.998662586533643e-42,""im"":-3.433482478078546e-43},""0"":{""re"":3.3991689635631365e-44,""im"":-2.2092450164217432e-44},""5"":{""re"":5.552585831779965e-46,""im"":1.5448592813343327e-46},""2"":{""re"":0.0,""im"":1.9747923184760473e-47}}",2.444664722,968ae2212614a8a3c81504098070f79e76a003da9b8c488b16fc50007f1fe51e
ap_equal,z_norm,AP48,0.0,0.0,True,Arb,"{""Unstable"":2}",,"[{""precision"":""Double"",""status"":{""Unstable"":2},""estimated_relative_accuracy"":null},{""precision"":""Quad"",""status"":{""Unstable"":2},""estimated_relative_accuracy"":0.06242905788876276},{""precision"":""Arb"",""status"":{""Unstable"":2},""estimated_relative_accuracy"":null}]","{""3"":{""re"":-4.289737549986586e-43,""im"":6.178640250968247e-44},""4"":{""re"":4.5170733257255984e-45,""im"":-4.817856700181455e-45},""1"":{""re"":null,""im"":null},""0"":{""re"":3.3630716109635333e-44,""im"":-2.1823754808361572e-44},""5"":{""re"":5.4538802284028284e-46,""im"":1.5201767490231868e-46},""2"":{""re"":0.0,""im"":1.9300426612060188e-47}}",2.29767049,c728048fbf3a8c13e0f6178ce3e8ab41d8ed70961e384bc5740f59a4c1325ebe
ap_equal,z_components,AP48,0.0,0.0,True,Arb,"{""Unstable"":2}",,"[{""precision"":""Double"",""status"":{""Unstable"":2},""estimated_relative_accuracy"":null},{""precision"":""Quad"",""status"":{""Unstable"":2},""estimated_relative_accuracy"":0.06242905788876276},{""precision"":""Arb"",""status"":{""Unstable"":2},""estimated_relative_accuracy"":null}]","{""3"":{""re"":-4.289737549986586e-43,""im"":6.178640250968247e-44},""4"":{""re"":4.5170733257255984e-45,""im"":-4.817856700181455e-45},""1"":{""re"":null,""im"":null},""0"":{""re"":3.3630716109635333e-44,""im"":-2.1823754808361572e-44},""5"":{""re"":5.4538802284028284e-46,""im"":1.5201767490231868e-46},""2"":{""re"":0.0,""im"":1.9300426612060188e-47}}",2.298646842,cfb8e1850bee68bf3afe4ef6a2542dae5b6957045e030fb312441c3a21387850
ap_equal,euler_norm,AP48,0.0,0.0,True,Arb,"{""Unstable"":2}",,"[{""precision"":""Double"",""status"":{""Unstable"":2},""estimated_relative_accuracy"":null},{""precision"":""Quad"",""status"":{""Unstable"":2},""estimated_relative_accuracy"":0.6893667861409797},{""precision"":""Arb"",""status"":{""Unstable"":2},""estimated_relative_accuracy"":null}]","{""3"":{""re"":-4.289737549986586e-43,""im"":6.178640250968247e-44},""4"":{""re"":4.5170733257255984e-45,""im"":-4.817856700181455e-45},""1"":{""re"":null,""im"":null},""0"":{""re"":3.3630716109635333e-44,""im"":-2.1823754808361572e-44},""5"":{""re"":5.4538802284028284e-46,""im"":1.5201767490231868e-46},""2"":{""re"":0.0,""im"":1.9300426612060188e-47}}",2.648583807,a8ff699f613aa24b9b074838b94d317422d31bb79afe81427fe9ee2c5b5f221e
ap_equal,euler_components,AP48,0.0,0.0,True,Arb,"{""Unstable"":2}",,"[{""precision"":""Double"",""status"":{""Unstable"":2},""estimated_relative_accuracy"":null},{""precision"":""Quad"",""status"":{""Unstable"":2},""estimated_relative_accuracy"":0.6893667861409797},{""precision"":""Arb"",""status"":{""Unstable"":2},""estimated_relative_accuracy"":null}]","{""3"":{""re"":-4.289737549986586e-43,""im"":6.178640250968247e-44},""4"":{""re"":4.5170733257255984e-45,""im"":-4.817856700181455e-45},""1"":{""re"":null,""im"":null},""0"":{""re"":3.3630716109635333e-44,""im"":-2.1823754808361572e-44},""5"":{""re"":5.4538802284028284e-46,""im"":1.5201767490231868e-46},""2"":{""re"":0.0,""im"":1.9300426612060188e-47}}",2.652120307,73795e6a6993b0d9829a4f361e25da5cc3eb08e711680479af3c5cb13580e85c
ap_equal,euler3_norm,AP48,0.0,0.0,True,Arb,"{""Unstable"":4}",,"[{""precision"":""Double"",""status"":{""Unstable"":4},""estimated_relative_accuracy"":null},{""precision"":""Quad"",""status"":{""Unstable"":4},""estimated_relative_accuracy"":0.5801015746190952},{""precision"":""Arb"",""status"":{""Unstable"":4},""estimated_relative_accuracy"":null}]","{""3"":{""re"":-4.289737549986586e-43,""im"":6.178640250968247e-44},""4"":{""re"":4.5170733257255984e-45,""im"":-4.817856700181455e-45},""1"":{""re"":null,""im"":null},""0"":{""re"":3.3630716109635333e-44,""im"":-2.1823754808361572e-44},""5"":{""re"":5.4538802284028284e-46,""im"":1.5201767490231868e-46},""2"":{""re"":0.0,""im"":1.9300426612060188e-47}}",5.69871673,74c2f56ec48a7149b290adfdad8444b76827f7e2f59da88c7fb9f6057e8ce458
ap_equal,euler3_components,AP48,0.0,0.0,True,Arb,"{""Unstable"":4}",,"[{""precision"":""Double"",""status"":{""Unstable"":4},""estimated_relative_accuracy"":null},{""precision"":""Quad"",""status"":{""Unstable"":4},""estimated_relative_accuracy"":0.5711712493760716},{""precision"":""Arb"",""status"":{""Unstable"":4},""estimated_relative_accuracy"":null}]","{""3"":{""re"":-4.289737549986586e-43,""im"":6.178640250968247e-44},""4"":{""re"":4.5170733257255984e-45,""im"":-4.817856700181455e-45},""1"":{""re"":null,""im"":null},""0"":{""re"":3.3630716109635333e-44,""im"":-2.1823754808361572e-44},""5"":{""re"":5.4538802284028284e-46,""im"":1.5201767490231868e-46},""2"":{""re"":0.0,""im"":1.9300426612060188e-47}}",5.705823088,274fb4fc2807b78ca24f598d2afcac6d3836396266dc4e4266274db072da6216
ap_equal,z_strict_quad,AP48,0.0,0.0,True,Arb,"{""Unstable"":2}",,"[{""precision"":""Double"",""status"":{""Unstable"":2},""estimated_relative_accuracy"":null},{""precision"":""Quad"",""status"":{""Unstable"":2},""estimated_relative_accuracy"":0.06242905788876276},{""precision"":""Arb"",""status"":{""Unstable"":2},""estimated_relative_accuracy"":null}]","{""3"":{""re"":-4.289737549986586e-43,""im"":6.178640250968247e-44},""4"":{""re"":4.5170733257255984e-45,""im"":-4.817856700181455e-45},""1"":{""re"":null,""im"":null},""0"":{""re"":3.3630716109635333e-44,""im"":-2.1823754808361572e-44},""5"":{""re"":5.4538802284028284e-46,""im"":1.5201767490231868e-46},""2"":{""re"":0.0,""im"":1.9300426612060188e-47}}",2.312451748,ee9f8725dd4e66488f59f23ef422f4646da05c819bad3b0e9f242ce3612881bf
ap_equal,euler_strict_quad,AP48,0.0,0.0,True,Arb,"{""Unstable"":2}",,"[{""precision"":""Double"",""status"":{""Unstable"":2},""estimated_relative_accuracy"":null},{""precision"":""Quad"",""status"":{""Unstable"":2},""estimated_relative_accuracy"":0.6893667861409797},{""precision"":""Arb"",""status"":{""Unstable"":2},""estimated_relative_accuracy"":null}]","{""3"":{""re"":-4.289737549986586e-43,""im"":6.178640250968247e-44},""4"":{""re"":4.5170733257255984e-45,""im"":-4.817856700181455e-45},""1"":{""re"":null,""im"":null},""0"":{""re"":3.3630716109635333e-44,""im"":-2.1823754808361572e-44},""5"":{""re"":5.4538802284028284e-46,""im"":1.5201767490231868e-46},""2"":{""re"":0.0,""im"":1.9300426612060188e-47}}",2.714158994,836867c9e15655f32775ae42d59fe2ce8bb31bef35d4dff938b23df2ddd49ab0
ap_equal,euler_double_arb,AP48,0.0,0.0,True,Arb,"{""Unstable"":2}",,"[{""precision"":""Double"",""status"":{""Unstable"":2},""estimated_relative_accuracy"":null},{""precision"":""Arb"",""status"":{""Unstable"":2},""estimated_relative_accuracy"":null}]","{""3"":{""re"":-4.289737549986586e-43,""im"":6.178640250968247e-44},""4"":{""re"":4.5170733257255984e-45,""im"":-4.817856700181455e-45},""1"":{""re"":null,""im"":null},""0"":{""re"":3.3630716109635333e-44,""im"":-2.1823754808361572e-44},""5"":{""re"":5.4538802284028284e-46,""im"":1.5201767490231868e-46},""2"":{""re"":0.0,""im"":1.9300426612060188e-47}}",2.472250412,360a867d0fc294e6423d69b18ec1184e12d98019ebf8f4b97290905932a3ab69
ap_equal,quad_euler_norm,AP48,-8.640792742980811e-10,-2.145658738023094e-07,False,Quad,"{""Unstable"":2}",0.6893667861409797,"[{""precision"":""Quad"",""status"":{""Unstable"":2},""estimated_relative_accuracy"":0.6893667861409797}]","{""3"":{""re"":-4.289737549986586e-43,""im"":6.178640250968247e-44},""4"":{""re"":4.5170733257255984e-45,""im"":-4.817856700181455e-45},""1"":{""re"":-8.640792742980811e-10,""im"":-2.145658738023094e-07},""0"":{""re"":3.3630716109635333e-44,""im"":-2.1823754808361572e-44},""5"":{""re"":5.4538802284028284e-46,""im"":1.5201767490231868e-46},""2"":{""re"":-1.0264839594261841e-80,""im"":1.9300426612060188e-47}}",0.183131213,1832bb52f62e29519f2ac04eddf6a18c5087eb6f7e9e6358dd718a4abf4869a8
ap_equal,quad_euler_components,AP48,-2.7816705868749765e-09,-6.907370629712807e-07,False,Quad,"{""Unstable"":2}",0.6893667861409797,"[{""precision"":""Quad"",""status"":{""Unstable"":2},""estimated_relative_accuracy"":0.6893667861409797}]","{""3"":{""re"":-4.289737549986586e-43,""im"":6.178640250968247e-44},""4"":{""re"":4.5170733257255984e-45,""im"":-4.817856700181455e-45},""1"":{""re"":-8.640792742980811e-10,""im"":-2.145658738023094e-07},""0"":{""re"":3.3630716109635333e-44,""im"":-2.1823754808361572e-44},""5"":{""re"":5.4538802284028284e-46,""im"":1.5201767490231868e-46},""2"":{""re"":-1.0264839594261841e-80,""im"":1.9300426612060188e-47}}",0.183474104,4f06cbe61c81f808dbbd8f82c7d56f1edb56fa051c90e77916e310f9afe63626
ap_equal,arb_z,AP48,0.0,0.0,True,Arb,"{""Unstable"":2}",,"[{""precision"":""Arb"",""status"":{""Unstable"":2},""estimated_relative_accuracy"":null}]","{""3"":{""re"":-4.289737549986586e-43,""im"":6.178640250968247e-44},""4"":{""re"":4.5170733257255984e-45,""im"":-4.817856700181455e-45},""1"":{""re"":null,""im"":null},""0"":{""re"":3.3630716109635333e-44,""im"":-2.1823754808361572e-44},""5"":{""re"":5.4538802284028284e-46,""im"":1.5201767490231868e-46},""2"":{""re"":0.0,""im"":1.9300426612060188e-47}}",2.111138929,ecf0ab3c6edeefb39aebf65316744a35322d4e68b2be668e857b45be8bce8506
ap_equal,arb_euler,AP48,0.0,0.0,True,Arb,"{""Unstable"":2}",,"[{""precision"":""Arb"",""status"":{""Unstable"":2},""estimated_relative_accuracy"":null}]","{""3"":{""re"":-4.289737549986586e-43,""im"":6.178640250968247e-44},""4"":{""re"":4.5170733257255984e-45,""im"":-4.817856700181455e-45},""1"":{""re"":null,""im"":null},""0"":{""re"":3.3630716109635333e-44,""im"":-2.1823754808361572e-44},""5"":{""re"":5.4538802284028284e-46,""im"":1.5201767490231868e-46},""2"":{""re"":0.0,""im"":1.9300426612060188e-47}}",2.457150413,4d976a6e78b0b1fc0147a45eb81ff43206bb8cee6c0ca9b8c9fa254b95795347
ap_equal,arb_euler_components,AP48,0.0,0.0,True,Arb,"{""Unstable"":2}",,"[{""precision"":""Arb"",""status"":{""Unstable"":2},""estimated_relative_accuracy"":null}]","{""3"":{""re"":-4.289737549986586e-43,""im"":6.178640250968247e-44},""4"":{""re"":4.5170733257255984e-45,""im"":-4.817856700181455e-45},""1"":{""re"":null,""im"":null},""0"":{""re"":3.3630716109635333e-44,""im"":-2.1823754808361572e-44},""5"":{""re"":5.4538802284028284e-46,""im"":1.5201767490231868e-46},""2"":{""re"":0.0,""im"":1.9300426612060188e-47}}",2.47946854,0660513a3a9a0f2c13ba39f32ba0371c85c7ab042a12362d75d37a08ce0e5b42
ap_equal,arb_euler3_components,AP48,0.0,0.0,True,Arb,"{""Unstable"":4}",,"[{""precision"":""Arb"",""status"":{""Unstable"":4},""estimated_relative_accuracy"":null}]","{""3"":{""re"":-4.289737549986586e-43,""im"":6.178640250968247e-44},""4"":{""re"":4.5170733257255984e-45,""im"":-4.817856700181455e-45},""1"":{""re"":null,""im"":null},""0"":{""re"":3.3630716109635333e-44,""im"":-2.1823754808361572e-44},""5"":{""re"":5.4538802284028284e-46,""im"":1.5201767490231868e-46},""2"":{""re"":0.0,""im"":1.9300426612060188e-47}}",5.311078541,1a3b64505cd1cacec8e90ab7606a2f43fe2c52795bbafde57da5d0392e56a4cc
ap_equal,euler_exact_zero_escalation,AP48,0.0,0.0,True,Arb,"{""Unstable"":2}",,"[{""precision"":""Double"",""status"":{""Unstable"":2},""estimated_relative_accuracy"":null},{""precision"":""Quad"",""status"":{""Unstable"":2},""estimated_relative_accuracy"":0.6893667861409797},{""precision"":""Arb"",""status"":{""Unstable"":2},""estimated_relative_accuracy"":null}]","{""3"":{""re"":-4.289737549986586e-43,""im"":6.178640250968247e-44},""4"":{""re"":4.5170733257255984e-45,""im"":-4.817856700181455e-45},""1"":{""re"":null,""im"":null},""0"":{""re"":3.3630716109635333e-44,""im"":-2.1823754808361572e-44},""5"":{""re"":5.4538802284028284e-46,""im"":1.5201767490231868e-46},""2"":{""re"":0.0,""im"":1.9300426612060188e-47}}",2.71256005,c9d4c53484b3d7e651724c2e6806be740b25ea7d5d1a24a32ce9c6c9e701f0df
ap_equal,euler_norm_trigger_quad,AP48,0.0,0.0,True,Arb,"{""Unstable"":2}",,"[{""precision"":""Quad"",""status"":{""Unstable"":2},""estimated_relative_accuracy"":0.6893667861409797},{""precision"":""Arb"",""status"":{""Unstable"":2},""estimated_relative_accuracy"":null}]","{""3"":{""re"":-4.289737549986586e-43,""im"":6.178640250968247e-44},""4"":{""re"":4.5170733257255984e-45,""im"":-4.817856700181455e-45},""1"":{""re"":null,""im"":null},""0"":{""re"":3.3630716109635333e-44,""im"":-2.1823754808361572e-44},""5"":{""re"":5.4538802284028284e-46,""im"":1.5201767490231868e-46},""2"":{""re"":0.0,""im"":1.9300426612060188e-47}}",2.65342866,6a774529d8305ec8b65b15e0be67fe452b79e3f2f60fba063b12f474f7ad0f00
ap_equal,euler_norm_trigger_arb,AP48,0.0,0.0,True,Arb,"{""Unstable"":2}",,"[{""precision"":""Arb"",""status"":{""Unstable"":2},""estimated_relative_accuracy"":null}]","{""3"":{""re"":-4.289737549986586e-43,""im"":6.178640250968247e-44},""4"":{""re"":4.5170733257255984e-45,""im"":-4.817856700181455e-45},""1"":{""re"":null,""im"":null},""0"":{""re"":3.3630716109635333e-44,""im"":-2.1823754808361572e-44},""5"":{""re"":5.4538802284028284e-46,""im"":1.5201767490231868e-46},""2"":{""re"":0.0,""im"":1.9300426612060188e-47}}",2.446065426,9a6381adc83f740099e867242da10b91da69191b6f1911dce479f5c47acddd64
off_gap_01,z_norm,AP48,-7.38148110445466e-42,-9.22868273626195e-42,False,Double,"{""Stable"":2}",4.3138277720752535e-16,"[{""precision"":""Double"",""status"":{""Stable"":2},""estimated_relative_accuracy"":4.3138277720752535e-16}]","{""3"":{""re"":-4.2897351928938295e-43,""im"":6.178643926049707e-44},""4"":{""re"":4.517072097469078e-45,""im"":-4.8178547327373783e-45},""1"":{""re"":-6.991200760494522e-42,""im"":-9.263998889432177e-42},""0"":{""re"":3.3630715681766043e-44,""im"":-2.18237491921295e-44},""5"":{""re"":5.453875500125729e-46,""im"":1.520174402686533e-46},""2"":{""re"":4.159437227461573e-64,""im"":1.930040714566176e-47}}",0.036579753,43d41e967abdacf8f57ce2b49e24bf2532c058c50da01c219944d607afcfaa19
off_gap_01,euler_norm,AP48,-7.345541718376047e-42,-3.049620937914385e-43,False,Quad,"{""Stable"":2}",3.2893739468736023e-18,"[{""precision"":""Double"",""status"":{""Unstable"":2},""estimated_relative_accuracy"":0.19945352773173147},{""precision"":""Quad"",""status"":{""Stable"":2},""estimated_relative_accuracy"":3.2893739468736023e-18}]","{""3"":{""re"":-4.289735192893875e-43,""im"":6.178643926048229e-44},""4"":{""re"":4.5170720974690815e-45,""im"":-4.817854732742087e-45},""1"":{""re"":-6.955261374415908e-42,""im"":-3.402782469744638e-43},""0"":{""re"":3.363071568176602e-44,""im"":-2.182374919212943e-44},""5"":{""re"":5.453875500127933e-46,""im"":1.5201744026884792e-46},""2"":{""re"":-2.0457456371057073e-80,""im"":1.9300407145661694e-47}}",0.226555773,80ee1e832bcf352e2fa09db0141b403b99e6f942437e0706d51e80165f2dbe99
off_gap_01,euler_strict_quad,AP48,-7.345541718376047e-42,-3.0496209379143925e-43,False,Arb,"{""Stable"":2}",1.468818033388541e-293,"[{""precision"":""Double"",""status"":{""Unstable"":2},""estimated_relative_accuracy"":0.19945352773173147},{""precision"":""Quad"",""status"":{""Unstable"":2},""estimated_relative_accuracy"":3.2893739468736023e-18},{""precision"":""Arb"",""status"":{""Stable"":2},""estimated_relative_accuracy"":1.468818033388541e-293}]","{""3"":{""re"":-4.289735192893875e-43,""im"":6.178643926048229e-44},""4"":{""re"":4.5170720974690815e-45,""im"":-4.817854732742087e-45},""1"":{""re"":-6.955261374415908e-42,""im"":-3.402782469744645e-43},""0"":{""re"":3.363071568176602e-44,""im"":-2.182374919212943e-44},""5"":{""re"":5.453875500127933e-46,""im"":1.5201744026884792e-46},""2"":{""re"":0.0,""im"":1.9300407145661694e-47}}",2.669600691,f90da5ef010eaf47d2ba46b73c316865b438a4294fdb7e463f52b7148a7c7f64
off_gap_01,arb_euler,AP48,-7.345541718376047e-42,-3.0496209379143925e-43,False,Arb,"{""Stable"":2}",1.468818033388541e-293,"[{""precision"":""Arb"",""status"":{""Stable"":2},""estimated_relative_accuracy"":1.468818033388541e-293}]","{""3"":{""re"":-4.289735192893875e-43,""im"":6.178643926048229e-44},""4"":{""re"":4.5170720974690815e-45,""im"":-4.817854732742087e-45},""1"":{""re"":-6.955261374415908e-42,""im"":-3.402782469744645e-43},""0"":{""re"":3.363071568176602e-44,""im"":-2.182374919212943e-44},""5"":{""re"":5.453875500127933e-46,""im"":1.5201744026884792e-46},""2"":{""re"":0.0,""im"":1.9300407145661694e-47}}",2.441314874,6f30ae8f5a980729795d508d89a56499118067c1506c3014cba1d8978602e268
off_gap_05,z_norm,AP48,-2.6233240936895e-40,-6.330775441312547e-36,False,Double,"{""Stable"":2}",0.0,"[{""precision"":""Double"",""status"":{""Stable"":2},""estimated_relative_accuracy"":0.0}]","{""3"":{""re"":-4.345372245168928e-43,""im"":6.256811568203714e-44},""4"":{""re"":4.578600929917669e-45,""im"":-4.888266270865617e-45},""1"":{""re"":-2.6193699396680083e-40,""im"":-6.330775477076797e-36},""0"":{""re"":3.3988062422739075e-44,""im"":-2.208974694506319e-44},""5"":{""re"":5.5515901505151594e-46,""im"":1.5446101424631784e-46},""2"":{""re"":-1.0886267968175322e-64,""im"":1.9743398215924015e-47}}",0.031782231,8404a1241de4dce49f0c708349e2a9f07dd56958d422140462f6050ee286f6c0
off_gap_05,euler_norm,AP48,-7.393643207928104e-42,-3.0755309307151756e-43,False,Quad,"{""Stable"":2}",9.989318732773929e-13,"[{""precision"":""Double"",""status"":{""Unstable"":2},""estimated_relative_accuracy"":0.9775655192722923},{""precision"":""Quad"",""status"":{""Stable"":2},""estimated_relative_accuracy"":9.989318732773929e-13}]","{""3"":{""re"":-4.3453722451689104e-43,""im"":6.256811568204114e-44},""4"":{""re"":4.5786009299176645e-45,""im"":-4.8882662708630555e-45},""1"":{""re"":-6.998227805778922e-42,""im"":-3.4331739995009496e-43},""0"":{""re"":3.398806242273902e-44,""im"":-2.2089746945063128e-44},""5"":{""re"":5.551590150517373e-46,""im"":1.5446101424651049e-46},""2"":{""re"":-1.7349701671782298e-81,""im"":1.9743398215924103e-47}}",0.219415735,d273df411ce681bf2f3da04cd4cea1b675a49d0e687e8ff8d97596c2e30d31a6
off_gap_05,euler_strict_quad,AP48,-7.393643207928097e-42,-3.075530928892699e-43,False,Arb,"{""Stable"":2}",1.0171838879957378e-285,"[{""precision"":""Double"",""status"":{""Unstable"":2},""estimated_relative_accuracy"":0.9775655192722923},{""precision"":""Quad"",""status"":{""Unstable"":2},""estimated_relative_accuracy"":9.989318732773929e-13},{""precision"":""Arb"",""status"":{""Stable"":2},""estimated_relative_accuracy"":1.0171838879957378e-285}]","{""3"":{""re"":-4.3453722451689104e-43,""im"":6.256811568204114e-44},""4"":{""re"":4.5786009299176645e-45,""im"":-4.8882662708630555e-45},""1"":{""re"":-6.998227805778914e-42,""im"":-3.433173997678473e-43},""0"":{""re"":3.398806242273902e-44,""im"":-2.2089746945063128e-44},""5"":{""re"":5.551590150517373e-46,""im"":1.5446101424651049e-46},""2"":{""re"":-0.0,""im"":1.9743398215924103e-47}}",2.675788497,8d952fdd40b9a2d62554ad581af70788d0da6b4da8f5eef38f938c786bccae22
off_gap_05,arb_euler,AP48,-7.393643207928097e-42,-3.075530928892699e-43,False,Arb,"{""Stable"":2}",1.0171838879957378e-285,"[{""precision"":""Arb"",""status"":{""Stable"":2},""estimated_relative_accuracy"":1.0171838879957378e-285}]","{""3"":{""re"":-4.3453722451689104e-43,""im"":6.256811568204114e-44},""4"":{""re"":4.5786009299176645e-45,""im"":-4.8882662708630555e-45},""1"":{""re"":-6.998227805778914e-42,""im"":-3.433173997678473e-43},""0"":{""re"":3.398806242273902e-44,""im"":-2.2089746945063128e-44},""5"":{""re"":5.551590150517373e-46,""im"":1.5446101424651049e-46},""2"":{""re"":-0.0,""im"":1.9743398215924103e-47}}",2.477595745,65d438528349668db7b94f7bfbc3f486c710c7b65bb17c8b0389a587355cb88e
off_gap_09,z_norm,AP48,-2.578221793666221e-36,-6.402479135691617e-30,False,Double,"{""Stable"":2}",0.0,"[{""precision"":""Double"",""status"":{""Stable"":2},""estimated_relative_accuracy"":0.0}]","{""3"":{""re"":-4.345932171980293e-43,""im"":6.257598924058318e-44},""4"":{""re"":4.579220311172948e-45,""im"":-4.888975735413963e-45},""1"":{""re"":-2.5782213981991352e-36,""im"":-6.402479135691654e-30},""0"":{""re"":3.3991653720861823e-44,""im"":-2.2092423398033328e-44},""5"":{""re"":5.552575972683462e-46,""im"":1.5448568143799594e-46},""2"":{""re"":-1.3966785323408894e-64,""im"":1.9747878378076337e-47}}",0.031999591,663e00a40ac179c30e92d0db5f9c381eb96e59082d87c71a9de3c17f4bbc4e4c
off_gap_09,euler_norm,AP48,-7.394125367262187e-42,-3.0757911869976333e-43,False,Arb,"{""Stable"":2}",1.5112483696268985e-275,"[{""precision"":""Double"",""status"":{""Unstable"":2},""estimated_relative_accuracy"":3.862110402889155e-05},{""precision"":""Quad"",""status"":{""Unstable"":2},""estimated_relative_accuracy"":9.992503414354404e-07},{""precision"":""Arb"",""status"":{""Stable"":2},""estimated_relative_accuracy"":1.5112483696268985e-275}]","{""3"":{""re"":-4.34593217198017e-43,""im"":6.25759892405664e-44},""4"":{""re"":4.5792203111729704e-45,""im"":-4.888975735410039e-45},""1"":{""re"":-6.998658281693474e-42,""im"":-3.433479423667027e-43},""0"":{""re"":3.3991653720861744e-44,""im"":-2.209242339803325e-44},""5"":{""re"":5.552575972685633e-46,""im"":1.5448568143818983e-46},""2"":{""re"":0.0,""im"":1.9747878378076362e-47}}",2.697587862,3b88c22a0979164e9c78dc790900be489a8d1f5c63baeafaf6aadb6fed483806
off_gap_09,euler_strict_quad,AP48,-7.394125367262187e-42,-3.0757911869976333e-43,False,Arb,"{""Stable"":2}",1.5112483696268985e-275,"[{""precision"":""Double"",""status"":{""Unstable"":2},""estimated_relative_accuracy"":3.862110402889155e-05},{""precision"":""Quad"",""status"":{""Unstable"":2},""estimated_relative_accuracy"":9.992503414354404e-07},{""precision"":""Arb"",""status"":{""Stable"":2},""estimated_relative_accuracy"":1.5112483696268985e-275}]","{""3"":{""re"":-4.34593217198017e-43,""im"":6.25759892405664e-44},""4"":{""re"":4.5792203111729704e-45,""im"":-4.888975735410039e-45},""1"":{""re"":-6.998658281693474e-42,""im"":-3.433479423667027e-43},""0"":{""re"":3.3991653720861744e-44,""im"":-2.209242339803325e-44},""5"":{""re"":5.552575972685633e-46,""im"":1.5448568143818983e-46},""2"":{""re"":0.0,""im"":1.9747878378076362e-47}}",2.692138188,5041f74cc53b369c176a22182a7532fa092136393e4389600a8d149a501ced88
off_gap_09,arb_euler,AP48,-7.394125367262187e-42,-3.0757911869976333e-43,False,Arb,"{""Stable"":2}",1.5112483696268985e-275,"[{""precision"":""Arb"",""status"":{""Stable"":2},""estimated_relative_accuracy"":1.5112483696268985e-275}]","{""3"":{""re"":-4.34593217198017e-43,""im"":6.25759892405664e-44},""4"":{""re"":4.5792203111729704e-45,""im"":-4.888975735410039e-45},""1"":{""re"":-6.998658281693474e-42,""im"":-3.433479423667027e-43},""0"":{""re"":3.3991653720861744e-44,""im"":-2.209242339803325e-44},""5"":{""re"":5.552575972685633e-46,""im"":1.5448568143818983e-46},""2"":{""re"":0.0,""im"":1.9747878378076362e-47}}",2.496887794,4599fc925c5b6ec60c141b6ea64405ea3c7aa662a3295d00c1d530f497213e37
off_gap_01,euler_components,AP6_components,-7.345541718376047e-42,-3.0496209379143905e-43,False,Quad,"{""Stable"":2}",1.7426548183866344e-15,"[{""precision"":""Double"",""status"":{""Unstable"":2},""estimated_relative_accuracy"":0.5285315530211336},{""precision"":""Quad"",""status"":{""Stable"":2},""estimated_relative_accuracy"":1.7426548183866344e-15}]","{""3"":{""re"":-4.289735192893875e-43,""im"":6.178643926048229e-44},""4"":{""re"":4.5170720974690815e-45,""im"":-4.817854732742087e-45},""1"":{""re"":-6.955261374415908e-42,""im"":-3.402782469744638e-43},""0"":{""re"":3.363071568176602e-44,""im"":-2.182374919212943e-44},""5"":{""re"":5.453875500127933e-46,""im"":1.5201744026884792e-46},""2"":{""re"":-2.0457456371057073e-80,""im"":1.9300407145661694e-47}}",0.260663835,21a7e530b2b15a10c445931389b8412d2cff3c04ef855aa68b7bdd866772fdda
off_gap_01,arb_euler_components,AP6_components,-7.345541718376047e-42,-3.0496209379143925e-43,False,Arb,"{""Stable"":2}",1.1151410794832995e-290,"[{""precision"":""Arb"",""status"":{""Stable"":2},""estimated_relative_accuracy"":1.1151410794832995e-290}]","{""3"":{""re"":-4.289735192893875e-43,""im"":6.178643926048229e-44},""4"":{""re"":4.5170720974690815e-45,""im"":-4.817854732742087e-45},""1"":{""re"":-6.955261374415908e-42,""im"":-3.402782469744645e-43},""0"":{""re"":3.363071568176602e-44,""im"":-2.182374919212943e-44},""5"":{""re"":5.453875500127933e-46,""im"":1.5201744026884792e-46},""2"":{""re"":0.0,""im"":1.9300407145661694e-47}}",2.364072072,04a4e157efa211274f276d9af9b5059175ea30f89b3c96dd7ad133afc22a8a24
off_gap_05,euler_components,AP6_components,-7.393643207928097e-42,-3.075530928892699e-43,False,Arb,"{""Stable"":2}",5.8888100282277735e-283,"[{""precision"":""Double"",""status"":{""Unstable"":2},""estimated_relative_accuracy"":1.0229493371649272},{""precision"":""Quad"",""status"":{""Unstable"":2},""estimated_relative_accuracy"":5.777543166783792e-10},{""precision"":""Arb"",""status"":{""Stable"":2},""estimated_relative_accuracy"":5.8888100282277735e-283}]","{""3"":{""re"":-4.3453722451689104e-43,""im"":6.256811568204114e-44},""4"":{""re"":4.5786009299176645e-45,""im"":-4.8882662708630555e-45},""1"":{""re"":-6.998227805778914e-42,""im"":-3.433173997678473e-43},""0"":{""re"":3.398806242273902e-44,""im"":-2.2089746945063128e-44},""5"":{""re"":5.551590150517373e-46,""im"":1.5446101424651049e-46},""2"":{""re"":-0.0,""im"":1.9743398215924103e-47}}",2.630191579,7287c5f5ce324c9f64e25bf1b9314a20660e6281132bde2fa9e8fd4b26f621d2
off_gap_05,arb_euler_components,AP6_components,-7.393643207928097e-42,-3.075530928892699e-43,False,Arb,"{""Stable"":2}",5.8888100282277735e-283,"[{""precision"":""Arb"",""status"":{""Stable"":2},""estimated_relative_accuracy"":5.8888100282277735e-283}]","{""3"":{""re"":-4.3453722451689104e-43,""im"":6.256811568204114e-44},""4"":{""re"":4.5786009299176645e-45,""im"":-4.8882662708630555e-45},""1"":{""re"":-6.998227805778914e-42,""im"":-3.433173997678473e-43},""0"":{""re"":3.398806242273902e-44,""im"":-2.2089746945063128e-44},""5"":{""re"":5.551590150517373e-46,""im"":1.5446101424651049e-46},""2"":{""re"":-0.0,""im"":1.9743398215924103e-47}}",2.383753845,7ff145a29729e0c85244c1aeb91ce671c8be89fc9faa092ab9d61c189b1139d3
off_gap_09,euler_components,AP6_components,-7.394125367262187e-42,-3.0757911869976333e-43,False,Arb,"{""Stable"":2}",8.748677478582596e-273,"[{""precision"":""Double"",""status"":{""Unstable"":2},""estimated_relative_accuracy"":3.86211040286758e-05},{""precision"":""Quad"",""status"":{""Unstable"":2},""estimated_relative_accuracy"":0.000576949474502772},{""precision"":""Arb"",""status"":{""Stable"":2},""estimated_relative_accuracy"":8.748677478582596e-273}]","{""3"":{""re"":-4.34593217198017e-43,""im"":6.25759892405664e-44},""4"":{""re"":4.5792203111729704e-45,""im"":-4.888975735410039e-45},""1"":{""re"":-6.998658281693474e-42,""im"":-3.433479423667027e-43},""0"":{""re"":3.3991653720861744e-44,""im"":-2.209242339803325e-44},""5"":{""re"":5.552575972685633e-46,""im"":1.5448568143818983e-46},""2"":{""re"":0.0,""im"":1.9747878378076362e-47}}",2.681365,6f848564d8a1aa2c5df65fe191bf7072fa9ffd43bc130af52f3ac0b90684b654
off_gap_09,arb_euler_components,AP6_components,-7.394125367262187e-42,-3.0757911869976333e-43,False,Arb,"{""Stable"":2}",8.748677478582596e-273,"[{""precision"":""Arb"",""status"":{""Stable"":2},""estimated_relative_accuracy"":8.748677478582596e-273}]","{""3"":{""re"":-4.34593217198017e-43,""im"":6.25759892405664e-44},""4"":{""re"":4.5792203111729704e-45,""im"":-4.888975735410039e-45},""1"":{""re"":-6.998658281693474e-42,""im"":-3.433479423667027e-43},""0"":{""re"":3.3991653720861744e-44,""im"":-2.209242339803325e-44},""5"":{""re"":5.552575972685633e-46,""im"":1.5448568143818983e-46},""2"":{""re"":0.0,""im"":1.9747878378076362e-47}}",2.42944751,db48eb5111ea7451c5cfbc563699379a8a57c961bad9ee5917d3396f3ba3ff2b
