include_integrated_ct	mode	delta	abs_subtracted	measure_weighted_delta2_abs_subtracted
False	3d_cff_expansion	9.999999999999999e-06	114428147579.59312	11.44281475795931
False	3d_cff_expansion	1.0595088837115579e-05	108059374245.17201	12.13030311614
False	3d_cff_expansion	1.1225590746637138e-05	102039159109.65486	12.858351127963498
False	3d_cff_expansion	1.1893613120972307e-05	96349476274.94177	13.629407401309374
False	3d_cff_expansion	1.2601388761098507e-05	90972574482.52829	14.445989847447422
False	3d_cff_expansion	1.3351283339486879e-05	85892249111.36224	15.310874620738746
False	3d_cff_expansion	1.4145803307136463e-05	81092567073.84807	16.22692686625462
False	3d_cff_expansion	1.4987604271147418e-05	76558584530.98247	17.197223299355475
False	3d_cff_expansion	1.5879499870833977e-05	72276045322.62453	18.225020341585317
False	3d_cff_expansion	1.682447118204517e-05	68231175478.25615	19.31370966300205
False	3d_cff_expansion	1.782567668112595e-05	64411177122.3867	20.46695742833851
False	3d_cff_expansion	1.8886462801822905e-05	60803778060.92156	21.688615040187486
False	3d_cff_expansion	2.001037512041929e-05	57397322692.52206	22.982755420823114
False	3d_cff_expansion	2.1201170206484973e-05	54180836615.40326	24.3537235599152
False	3d_cff_expansion	2.246282817885163e-05	51143816425.53212	25.806077837236156
False	3d_cff_expansion	2.379956600877962e-05	48276403356.41735	27.344688633225918
False	3d_cff_expansion	2.5215851614781683e-05	45569210327.74712	28.974688993504472
False	3d_cff_expansion	2.6716418796213626e-05	43013341284.5144	30.70150500073928
False	3d_cff_expansion	2.830628305554678e-05	40600466558.92405	32.53094764139506
False	3d_cff_expansion	2.9990758362205816e-05	38322641272.62186	34.46913058021732
False	3d_cff_expansion	3.177547491400375e-05	36172300768.66303	36.522477795357254
False	3d_cff_expansion	3.366639795554073e-05	34142407360.972485	38.69790419977389
False	3d_cff_expansion	3.56698477164641e-05	32226241967.265915	41.002673416021736
False	3d_cff_expansion	3.7792520536232147e-05	30417434393.912876	43.44444919997849
False	3d_cff_expansion	4.004151124598945e-05	28710034773.252457	46.031448255130435
False	3d_cff_expansion	4.242433688236216e-05	27098341909.988	48.772255882716465
False	3d_cff_expansion	4.4948961812434605e-05	25577025713.459564	51.676057242047115
False	3d_cff_expansion	4.762382435388603e-05	24141036367.167896	54.75256202703214
False	3d_cff_expansion	5.045786497926109e-05	22785601209.060875	58.012052686323116
False	3d_cff_expansion	5.346055619864554e-05	21506211247.831066	61.46541992425244
False	3d_cff_expansion	5.6641934220625944e-05	20298598096.852764	65.12416912066944
False	3d_cff_expansion	6.0012632497358884e-05	19158755520.751175	69.00056568348009
False	3d_cff_expansion	6.35839172658688e-05	18082878025.11935	73.10753040008785
False	3d_cff_expansion	6.73677252043687e-05	17067392432.035418	77.45883130097037
False	3d_cff_expansion	7.137670332946767e-05	16108900956.310411	82.0689509414209
False	3d_cff_expansion	7.562425126761532e-05	15204218611.349493	86.95334252658118
False	3d_cff_expansion	8.012456604207364e-05	14350316567.81523	92.12825864553493
False	3d_cff_expansion	8.489268952511044e-05	13544357271.223604	97.61105051530737
False	3d_cff_expansion	8.994455871402163e-05	12783647591.289196	103.42001124785078
False	3d_cff_expansion	9.529705899902193e-05	12065647732.085314	109.57453525886889
False	3d_cff_expansion	0.0001009680806010482	11387963132.882118	116.09519713955994
False	3d_cff_expansion	0.00010697657836811517	10748330863.526846	123.00377285470482
False	3d_cff_expansion	0.00011334263513008393	10144615064.882421	130.32333446899113
False	3d_cff_expansion	0.00012008752882360164	9574799370.77761	138.07832131659478
False	3d_cff_expansion	0.0001272338036115737	9036982584.138325	146.2946574064855
False	3d_cff_expansion	0.00013480534523487416	8529368278.28758	154.99978386533058
False	3d_cff_expansion	0.00014282746084815284	8050258833.747267	164.22273288380367
False	3d_cff_expansion	0.00015132696360658268	7598056438.269132	173.99435207741257
False	3d_cff_expansion	0.0001603322622862701	7171249125.361605	184.34724470398265
False	3d_cff_expansion	0.00016987345623787494	6768411391.141942	195.31598750680953
False	3d_cff_expansion	0.00017998243599081504	6388197113.439267	206.9371955991561
False	3d_cff_expansion	0.00019069298984431538	6029336462.444327	219.24968398802505
False	3d_cff_expansion	0.00020204091680157044	5690629968.71373	232.2945430909656
False	3d_cff_expansion	0.00021406414622449164	5370946236.831489	246.1153330570333
False	3d_cff_expansion	0.00022680286460897883	5069216970.097078	260.75818603429394
False	3d_cff_expansion	0.000240299649904443	4784433489.368865	276.2719530004353
False	3d_cff_expansion	0.00025459961382653484	4515644541.025697	292.70842934341346
False	3d_cff_expansion	0.00026975055263874566	4261951886.338789	310.1224660777387
False	3d_cff_expansion	0.00028580310690685354	4022507919.338178	328.57218740718184
False	3d_cff_expansion	0.00030281093076017573	3796512136.669283	348.119129449883
False	3d_cff_expansion	0.0003208308712253716	3583209078.8661747	368.82848193710663
False	3d_cff_expansion	0.0003399231582322001	3381886430.1009884	390.76937959893905
False	3d_cff_expansion	0.00036015160592630627	3191870923.3790402	414.01495774757603
False	3d_cff_expansion	0.00038158382596190565	3012527709.3418665	438.6427610625479
False	3d_cff_expansion	0.00040429145348728406	2843257389.900092	464.73491091429526
False	3d_cff_expansion	0.00042835038657843596	2683494243.3584285	492.3784018034355
False	3d_cff_expansion	0.0004538410399211335	2532704298.015724	521.6653833084958
False	3d_cff_expansion	0.0004808486135893327	2390383532.204348	552.6934587138678
False	3d_cff_expansion	0.0005094633778182846	2256056387.1953707	585.5660530725258
False	3d_cff_expansion	0.000539780974724171	2129273740.1337473	620.3926508189645
False	3d_cff_expansion	0.000571902737978743	2009612019.8540652	657.2893131021823
False	3d_cff_expansion	0.0006059360315074416	1896671275.4107049	696.3789316885752
False	3d_cff_expansion	0.0006419946083430621	1790073912.9358213	737.7916318229866
False	3d_cff_expansion	0.0006801989908343965	1689463721.6344702	781.665307184154
False	3d_cff_expansion	0.0007206768734806797	1594504400.3045197	828.145971602832
False	3d_cff_expansion	0.0007635635497382513	1504878584.469006	877.3882993943874
False	3d_cff_expansion	0.0008090023642260101	1420286737.6034472	929.5561173693546
False	3d_cff_expansion	0.0008571451918411112	1340446112.8544085	984.8229172294176
False	3d_cff_expansion	0.0009081529453863058	1265089801.0415282	1043.372404520622
False	3d_cff_expansion	0.0009621961134056091	1193965998.66182	1105.3992254543368
False	3d_cff_expansion	0.0010194553300259764	1126836967.7368708	1171.1094568325884
False	3d_cff_expansion	0.0010801219787096212	1063478334.6983812	1240.7213443198286
False	3d_cff_expansion	0.00114439883193495	1003678323.9677664	1314.46599868711
False	3d_cff_expansion	0.0012125007289442108	947237077.6915023	1392.5881844216374
False	3d_cff_expansion	0.0012846552938231323	893965940.9368974	1475.3470572015626
False	3d_cff_expansion	0.0013611036963126905	843686847.0277346	1563.0170134448704
False	3d_cff_expansion	0.0014421014578959352	796231760.9103658	1655.8886485433127
False	3d_cff_expansion	0.0015279193058541326	751442064.7163086	1754.2696079222746
False	3d_cff_expansion	0.0016188440781468522	709168068.9904151	1858.485660923199
False	3d_cff_expansion	0.001715179682140439	669268445.9453977	1968.8815831965862
False	3d_cff_expansion	0.001817248110389361	631609865.4224741	2085.8225422605533
False	3d_cff_expansion	0.001925390516865572	596066439.1860031	2209.694969501193
False	3d_cff_expansion	0.002039968357233062	562519371.5557702	2340.907994578685
False	3d_cff_expansion	0.0021613645969789036	530856540.3264256	2479.8946936667753
False	3d_cff_expansion	0.002289984991438802	500972110.1572833	2627.1134065614287
False	3d_cff_expansion	0.0024262594419955466	472766200.8260187	2783.049284427351
False	3d_cff_expansion	0.0025706434329833315	446144529.2719975	2948.2156955972278
False	3d_cff_expansion	0.0027236195541006166	421018120.10111517	3123.155979961819
False	3d_cff_expansion	0.002885699113420118	397302991.29838806	3308.445058287379
False	3d_cff_expansion	0.003057423846387185	374919876.31971025	3504.691232781631
False	3d_cff_expansion	0.003239367726518784	353793961.97860545	3712.538096083706
False	3d_cff_expansion	0.003432138883855167	333854637.64355105	3932.66651711865
False	3d_cff_expansion	0.00363638163757642	315035257.559029	4165.796715714874
False	3d_cff_expansion	0.0038527786495778037	297272918.51071256	4412.690462812819
False	3d_cff_expansion	0.004082053206201907	280508252.3231215	4674.153434870008
False	3d_cff_expansion	0.0043249716357541676	264685225.96209174	4951.0376393876295
False	3d_cff_expansion	0.004582345869882053	249750951.58509058	5244.243925671022
False	3d_cff_expansion	0.004855036157379002	235655513.11793667	5554.724727256963
False	3d_cff_expansion	0.005143953939483884	222351797.57525092	5883.486849258429
False	3d_cff_expansion	0.005450064896286246	209795338.9853756	6231.594459924931
False	3d_cff_expansion	0.005774392174419787	197944167.7078734	6600.172136938075
False	3d_cff_expansion	0.006118019806832271	186758673.36968684	6990.408212801154
False	3d_cff_expansion	0.00648209633606206	176201468.7531641	7403.5580601832535
False	3d_cff_expansion	0.0068678386531318995	166237268.0769268	7840.947761745645
False	3d_cff_expansion	0.007276536064890876	156832766.39889464	8303.977724391953
False	3d_cff_expansion	0.007709554603399424	147956530.10346138	8794.126632720465
False	3d_cff_expansion	0.008168341591761033	139578891.14119434	9312.955467465681
False	3d_cff_expansion	0.008654430481661424	131671848.57806115	9862.111770831583
False	3d_cff_expansion	0.009169445978784383	124208973.0750756	10443.333897926675
False	3d_cff_expansion	0.009715109473235286	117165321.1763189	11058.455759792962
False	3d_cff_expansion	0.010293244793123098	110517349.96585932	11709.411409308717
False	3d_cff_expansion	0.01090578430053167	104242838.82538043	12398.23995620946
False	3d_cff_expansion	0.011554775350255344	98320816.22457245	13127.090755838824
False	3d_cff_expansion	0.012242387132886877	92731487.84282216	13898.228432629363
False	3d_cff_expansion	0.012970917925129728	87456171.98385137	14714.038452342935
False	3d_cff_expansion	0.013742802771568434	82477236.5516187	15577.032601292949
False	3d_cff_expansion	0.01456062162357259	77778039.32222517	16489.854499971767
False	3d_cff_expansion	0.015427107962537767	73342873.84191059	17455.28567274147
False	3d_cff_expansion	0.016345157936286093	69156915.77585922	18476.25124522328
False	3d_cff_expansion	0.017317840039163607	65206173.764563546	19555.826010970297
False	3d_cff_expansion	0.018348405368189557	61477442.60523161	20697.240480366425
False	3d_cff_expansion	0.019440298489537693	57958259.19200363	21903.88700758063
False	3d_cff_expansion	0.020597168951669565	54636860.786975555	23179.325882213692
False	3d_cff_expansion	0.021822883483601802	51502145.54302657	24527.291331893717
False	3d_cff_expansion	0.023121538919078363	48543635.73807015	25951.697664616775
False	3d_cff_expansion	0.024497475889846056	45751442.45889539	27456.645025097507
False	3d_cff_expansion	0.025955293333801626	43116232.69377588	29046.425159619117
False	3d_cff_expansion	0.0274998638665022	40629198.02470938	30725.526802223227
False	3d_cff_expansion	0.02913635006741758	38282025.31453097	32498.64089418896
False	3d_cff_expansion	0.03087022173535881	36066868.80243812	34370.66524175929
False	3d_cff_expansion	0.03270727417075828	33976323.89526158	36346.70875841914
False	3d_cff_expansion	0.03465364754590801	32003402.481034074	38432.09517894503
False	3d_cff_expansion	0.03671584742789876	30141509.438712616	40632.36585785868
False	3d_cff_expansion	0.038900766522856935	28384420.71907246	42953.2820114901
False	3d_cff_expansion	0.041215707714156134	26726262.43439993	45400.82572051997
False	3d_cff_expansion	0.04366840847160741	25161491.246622358	47981.19994759988
False	3d_cff_expansion	0.04626706671321315	23684875.83528558	50700.82724113501
False	3d_cff_expansion	0.04902036820592464	22291479.358281426	53566.346856471384
False	3d_cff_expansion	0.051937515596988816	20976643.007685978	56584.61043828972
False	3d_cff_expansion	0.0550282591729173	19735970.311094817	59762.67539357816
False	3d_cff_expansion	0.0583029294488879	18565312.530974805	63107.796690967945
False	3d_cff_expansion	0.061772471697505	17460754.689888034	66627.41578749764
False	3d_cff_expansion	0.06544848253232732	16418602.498847201	70329.14727458866
False	3d_cff_expansion	0.06934324866844159	15435369.95837899	74220.76244724971
False	3d_cff_expansion	0.0734697879896336	14507767.699177219	78310.16989733723
False	3d_cff_expansion	0.07784189305942152	13632691.926622564	82605.39244781215
False	3d_cff_expansion	0.08247417722138224	12807214.035049962	87114.54062041103
False	3d_cff_expansion	0.0873821234428559	12028570.746171447	91845.78177224347
False	3d_cff_expansion	0.0925821360652859	11294154.845505884	96807.30521734356
False	3d_cff_expansion	0.09809159563416273	10601506.403321328	102007.2825752046
False	3d_cff_expansion	0.10392891699183728	9948304.506866984	107453.82348763001
False	3d_cff_expansion	0.11011361082737267	9332359.42683223	113154.92607803435
False	3d_cff_expansion	0.11666634888915876	8751605.235527055	119118.4223474538
False	3d_cff_expansion	0.12360903307825576	8204092.826994258	125351.91817383935
False	3d_cff_expansion	0.13096486865340778	7687983.318737226	131862.72784932682
False	3d_cff_expansion	0.13875844179240318	7201541.814631918	138657.80316703193
False	3d_cff_expansion	0.14701580176902426	6743131.509579189	145743.65717577373
False	3d_cff_expansion	0.15576454802025858	6311208.119008061	153126.28289142245
False	3d_cff_expansion	0.16503392239477985	5904314.603139282	160811.06706672002
False	3d_cff_expansion	0.17485490689103309	5521076.177402309	168802.69962510024
False	3d_cff_expansion	0.18526032721160685	5160195.59256245	177105.07941531623
False	3d_cff_expansion	0.1962849624800075	4820448.663861415	185721.21693511071
False	3d_cff_expansion	0.2079656614865582	4500680.0397562	194653.13513550526
False	3d_cff_expansion	0.22034146585195902	4199799.191335542	203901.76927665152
False	3d_cff_expansion	0.23345374052017745	3916776.617414975	213466.86749168095
False	3d_cff_expansion	0.2473463120168214	3650640.2437482537	223346.89318870826
False	3d_cff_expansion	0.26206561493511316	3400472.015995533	233538.93150347477
False	3d_cff_expansion	0.2776608471390847	3165404.666448972	244038.6011784366
False	3d_cff_expansion	0.29418413420273776	2944618.6576635954	254839.97467752817
False	3d_cff_expansion	0.3116907036347938	2737339.279716306	265935.50767830934
False	3d_cff_expansion	0.3302390694713704	2542833.9102790244	277315.98137580516
False	3d_cff_expansion	0.34989122785355525	2360409.4191249646	288970.45901040395
False	3d_cff_expansion	0.37071286424358746	2189409.7156174956	300886.25907887006
False	3d_cff_expansion	0.39277357297223764	2029213.436716845	313048.94767263066
False	3d_cff_expansion	0.4161470898512156	1879231.7675114302	325442.3514627758
False	3d_cff_expansion	0.44091153862807575	1738906.3925264757	338048.5931607992
False	3d_cff_expansion	0.46714969210737795	1607707.5740545073	350848.15064295626
False	3d_cff_expansion	0.494949248810886	1485132.3560755514	363819.9408619105
False	3d_cff_expansion	0.524403126101497	1370702.8880642839	376941.4282318929
False	3d_cff_expansion	0.5556097707506484	1263964.869680647	390188.7579274548
False	3d_cff_expansion	0.588673487987254	1164486.1105410163	403536.9124679361
False	3d_cff_expansion	0.6237047901279648	1071855.2044018535	416959.89052745514
False	3d_cff_expansion	0.6608207659540327	985680.31311959	430430.9053572819
False	3d_cff_expansion	0.7001454720693739	905588.0568657878	443922.5999044875
False	3d_cff_expansion	0.7418103475479241	831222.5069938902	457407.2754522176
False	3d_cff_expansion	0.7859546532561854	762244.2754342237	470857.12930845836
False	3d_cff_expansion	0.8327259373193655	698329.6959829908	484244.4976110574
False	3d_cff_expansion	0.8822805282869017	639170.0904180426	497542.09825102007
False	3d_cff_expansion	0.9347840576457007	584471.113087596	510723.2695260381
False	3d_cff_expansion	0.9904120134275569	533952.1660328937	523762.1995848392
False	3d_cff_expansion	1.0493503267611473	487345.8769952364	536634.1423777809
False	3d_cff_expansion	1.1117959933290618	444397.6321320253	549315.6161010594
False	3d_cff_expansion	1.1779577318070593	404865.15494665713	561784.5803643803
False	3d_cff_expansion	1.2480566814862961	368518.1235505745	574020.5895212906
False	3d_cff_expansion	1.3223271414102968	335137.81798899197	586004.9196012906
False	3d_cff_expansion	1.4010173534971218	304516.7902924202	597720.6675708013
False	3d_cff_expansion	1.4843903322642567	276458.5503509197	609152.8223162928
False	3d_cff_expansion	1.572724743929531	250777.2613363819	620288.3072923257
False	3d_cff_expansion	1.6663158378263265	227297.43935630965	631115.995642178
False	3d_cff_expansion	1.7654764332462605	205853.65296652005	641626.6993892728
False	3d_cff_expansion	1.8705379650078082	186290.21897066658	651813.1345275419
False	3d_cff_expansion	1.9818515912455121	168460.89196949702	661669.8644494935
False	3d_cff_expansion	2.0997893671225114	152228.54601907736	671193.2244838622
False	3d_cff_expansion	2.2247454883893707	137464.84758536913	680381.2305028138
False	3d_cff_expansion	2.357137608945747	124049.91971841757	689233.474563862
False	3d_cff_expansion	2.497408236808644	111871.99805529171	697751.0106827193
False	3d_cff_expansion	2.6460262131531764	100827.07975404704	705936.2335177368
False	3d_cff_expansion	2.8034882793694424	90818.56694851251	713792.7529524165
False	3d_cff_expansion	2.9703207373731604	81756.90653040272	721325.266847467
False	3d_cff_expansion	3.147081208719529	73559.22832527559	728539.4343181358
False	3d_cff_expansion	3.334360498400048	66148.98379763548	735441.7514900015
False	3d_cff_expansion	3.532784569551749	59455.587422971264	742039.4313493173
False	3d_cff_expansion	3.7430166356791976	53414.062795189064	748340.2889684486
False	3d_cff_expansion	3.9657593773822573	47964.695422392426	754352.6332584006
False	3d_cff_expansion	4.201757290998918	43052.693966376886	760085.165854017
False	3d_cff_expansion	4.451799177013172	38627.86149811506	765546.8877645073
False	3d_cff_expansion	4.716720776545259	34644.27809907985	770747.0139943459
False	3d_cff_expansion	4.997407564736579	31059.995912251004	775694.896264983
False	3d_cff_expansion	5.294797710365759	27836.74750708131	780399.9537186916
False	3d_cff_expansion	5.6098852115881375	24939.668200796907	784871.6114642791
False	3d_cff_expansion	5.943723218279724	22337.032758174842	789119.2465765201
False	3d_cff_expansion	6.297427552090019	20000.006700868893	793152.1412167863
False	3d_cff_expansion	6.672180435969318	17902.41227687968	796979.4424076347
False	3d_cff_expansion	7.069234445635948	16020.508986077068	800610.1279795188
False	3d_cff_expansion	7.489916696191037	14332.788423359452	804052.978170257
False	3d_cff_expansion	7.935633277873942	12819.783089642297	807316.5524053128
False	3d_cff_expansion	8.407873955784511	11463.888727247395	810409.1707159495
False	3d_cff_expansion	8.908217149280727	10249.199665228705	813338.899349632
False	3d_cff_expansion	9.4383352076946	9161.35660329122	816113.5400411525
False	3d_cff_expansion	10.0	8187.4062259882485	818740.6225988248
True	3d_cff_expansion	9.999999999999999e-06	152876005166.3448	15.287600516634475
True	3d_cff_expansion	1.0595088837115579e-05	144367323991.55768	16.206084963163924
True	3d_cff_expansion	1.1225590746637138e-05	136324316570.50636	17.178757106960177
True	3d_cff_expansion	1.1893613120972307e-05	128722900303.32924	18.208888288150316
True	3d_cff_expansion	1.2601388761098507e-05	121539359508.66444	19.29984243619081
True	3d_cff_expansion	1.3351283339486879e-05	114752044812.78624	20.455328493308084
True	3d_cff_expansion	1.4145803307136463e-05	108339669610.66693	21.679174293317356
True	3d_cff_expansion	1.4987604271147418e-05	102282268933.39816	22.97549032794017
True	3d_cff_expansion	1.5879499870833977e-05	96560796551.03163	24.34862717635931
True	3d_cff_expansion	1.682447118204517e-05	91156850438.9552	25.80311610977215
True	3d_cff_expansion	1.782567668112595e-05	86053332635.51334	27.343855124261744
True	3d_cff_expansion	1.8886462801822905e-05	81233847489.39565	28.975989693692068
True	3d_cff_expansion	2.001037512041929e-05	76682823117.21365	30.70496124222136
True	3d_cff_expansion	2.1201170206484973e-05	72385597718.18271	32.53657467604848
True	3d_cff_expansion	2.246282817885163e-05	68328138744.51463	34.47691999054938
True	3d_cff_expansion	2.379956600877962e-05	64497274884.1771	36.53250401399182
True	3d_cff_expansion	2.5215851614781683e-05	60880464997.87348	38.710184495324086
True	3d_cff_expansion	2.6716418796213626e-05	57465823956.11438	41.017210680989926
True	3d_cff_expansion	2.830628305554678e-05	54242223322.7255	43.46134604890618
True	3d_cff_expansion	2.9990758362205816e-05	51199048740.22559	46.050758455172854
True	3d_cff_expansion	3.177547491400375e-05	48326193826.936455	48.79403033459997
True	3d_cff_expansion	3.366639795554073e-05	45614256234.261734	51.70040001090074
True	3d_cff_expansion	3.56698477164641e-05	43054259268.269615	54.77957168380804
True	3d_cff_expansion	3.7792520536232147e-05	40637692350.26983	58.041784131174445
True	3d_cff_expansion	4.004151124598945e-05	38356606457.067375	61.498014868857624
True	3d_cff_expansion	4.242433688236216e-05	36203384791.74595	65.15973385931277
True	3d_cff_expansion	4.4948961812434605e-05	34170906353.18384	69.03921247537872
True	3d_cff_expansion	4.762382435388603e-05	32252424586.53807	73.14942286811893
True	3d_cff_expansion	5.045786497926109e-05	30441563215.30699	77.50410238893191
True	3d_cff_expansion	5.346055619864554e-05	28732298227.103874	82.11780101880574
True	3d_cff_expansion	5.6641934220625944e-05	27118927057.39678	87.00588994521912
True	3d_cff_expansion	6.0012632497358884e-05	25596097375.724964	92.18475575313441
True	3d_cff_expansion	6.35839172658688e-05	24158725041.56077	97.6716606145227
True	3d_cff_expansion	6.73677252043687e-05	22802036289.200565	103.48499861810207
True	3d_cff_expansion	7.137670332946767e-05	21521491677.631886	109.6441184577443
True	3d_cff_expansion	7.562425126761532e-05	20312836064.764034	116.16966561551881
True	3d_cff_expansion	8.012456604207364e-05	19172022934.602192	123.08335355044137
True	3d_cff_expansion	8.489268952511044e-05	18095261314.355724	130.40836348845775
True	3d_cff_expansion	8.994455871402163e-05	17078953181.963297	138.16913502713618
True	3d_cff_expansion	9.529705899902193e-05	16119705370.066858	146.39157910585683
True	3d_cff_expansion	0.0001009680806010482	15214318745.531342	155.10318337846056
True	3d_cff_expansion	0.00010697657836811517	14359770033.67265	164.3330405338946
True	3d_cff_expansion	0.00011334263513008393	13553205726.683655	174.11197485058167
True	3d_cff_expansion	0.00012008752882360164	12791931959.359589	184.47263727898073
True	3d_cff_expansion	0.0001272338036115737	12073408732.409462	195.44966229507529
True	3d_cff_expansion	0.00013480534523487416	11395236019.792828	207.07971124409295
True	3d_cff_expansion	0.00014282746084815284	10755145801.886936	219.4015711327737
True	3d_cff_expansion	0.00015132696360658268	10151003401.528114	232.45645437543587
True	3d_cff_expansion	0.0001603322622862701	9580788831.483627	246.2879189245343
True	3d_cff_expansion	0.00016987345623787494	9042597618.56613	260.94215930911184
True	3d_cff_expansion	0.00017998243599081504	8534631343.555326	276.46809332048764
True	3d_cff_expansion	0.00019069298984431538	8055193513.826062	292.9175778080175
True	3d_cff_expansion	0.00020204091680157044	7602681638.201958	310.34550956954695
True	3d_cff_expansion	0.00021406414622449164	7175584172.407261	328.81008496421447
True	3d_cff_expansion	0.00022680286460897883	6772473872.050066	348.3729365418357
True	3d_cff_expansion	0.000240299649904443	6392003141.7971525	369.0993292086017
True	3d_cff_expansion	0.00025459961382653484	6032901106.81066	391.0584616028217
True	3d_cff_expansion	0.00026975055263874566	5693967720.148933	414.3236146798816
True	3d_cff_expansion	0.00028580310690685354	5374070580.236099	438.9724423760189
True	3d_cff_expansion	0.00030281093076017573	5072140214.590438	465.087156945069
True	3d_cff_expansion	0.0003208308712253716	4787167329.365471	492.75485186800137
True	3d_cff_expansion	0.0003399231582322001	4518200270.615167	522.067891144211
True	3d_cff_expansion	0.00036015160592630627	4264339553.634631	553.1239835507919
True	3d_cff_expansion	0.00038158382596190565	4024737019.680954	586.026728779596
True	3d_cff_expansion	0.00040429145348728406	3798591872.9067307	620.8858409815324
True	3d_cff_expansion	0.00042835038657843596	3585148309.1270566	657.8175448094258
True	3d_cff_expansion	0.0004538410399211335	3383692942.1491923	696.9449521001886
True	3d_cff_expansion	0.0004808486135893327	3193552399.0251837	738.3984608417678
True	3d_cff_expansion	0.0005094633778182846	3014091333.29318	782.3162469049372
True	3d_cff_expansion	0.000539780974724171	2844709716.818842	828.844581494182
True	3d_cff_expansion	0.000571902737978743	2684841658.525178	878.1385223045636
True	3d_cff_expansion	0.0006059360315074416	2533952823.9488397	930.3622527359871
True	3d_cff_expansion	0.0006419946083430621	2391538747.6823883	985.6896201155641
True	3d_cff_expansion	0.0006801989908343965	2257123532.1037755	1044.3048503980867
True	3d_cff_expansion	0.0007206768734806797	2130257878.806955	1106.4030180614443
True	3d_cff_expansion	0.0007635635497382513	2010517788.850702	1172.1907679909657
True	3d_cff_expansion	0.0008090023642260101	1897503081.4383092	1241.8869728055258
True	3d_cff_expansion	0.0008571451918411112	1790836006.7735875	1315.7234174185737
True	3d_cff_expansion	0.0009081529453863058	1690159974.191574	1393.9455324396274
True	3d_cff_expansion	0.0009621961134056091	1595138574.2122786	1476.8133652070746
True	3d_cff_expansion	0.0010194553300259764	1505454188.8965416	1564.6022343284235
True	3d_cff_expansion	0.0010801219787096212	1420807055.1571147	1657.6037160113815
True	3d_cff_expansion	0.00114439883193495	1340914240.8210092	1756.1265742460748
True	3d_cff_expansion	0.0012125007289442108	1265508735.7959163	1860.497814387409
True	3d_cff_expansion	0.0012846552938231323	1194338497.0917602	1971.0636684213953
True	3d_cff_expansion	0.0013611036963126905	1127165627.629115	2088.190729962461
True	3d_cff_expansion	0.0014421014578959352	1063765632.5763069	2212.267234453987
True	3d_cff_expansion	0.0015279193058541326	1003926598.4610432	2343.7041961842874
True	3d_cff_expansion	0.0016188440781468522	947448540.1712463	2482.9368429935294
True	3d_cff_expansion	0.001715179682140439	894142643.7831004	2630.4257951507834
True	3d_cff_expansion	0.001817248110389361	843830780.2044716	2786.6589164602515
True	3d_cff_expansion	0.001925390516865572	796344762.7525437	2952.1524792537557
True	3d_cff_expansion	0.002039968357233062	751525880.39855	3127.4530807572937
True	3d_cff_expansion	0.0021613645969789036	709224337.8761433	3313.1393107389927
True	3d_cff_expansion	0.002289984991438802	669298739.1701671	3509.8235111662607
True	3d_cff_expansion	0.0024262594419955466	631615644.3035954	3718.1538439951437
True	3d_cff_expansion	0.0025706434329833315	596049091.1074212	3938.8161693181114
True	3d_cff_expansion	0.0027236195541006166	562480208.4551204	4172.536389229217
True	3d_cff_expansion	0.002885699113420118	530796796.3746754	4420.08259787218
True	3d_cff_expansion	0.003057423846387185	500892954.7631602	4682.267486996514
True	3d_cff_expansion	0.003239367726518784	472668733.20344275	4959.950896368103
True	3d_cff_expansion	0.003432138883855167	446029795.89180857	5254.042466870804
True	3d_cff_expansion	0.00363638163757642	420887104.0988857	5565.504412195375
True	3d_cff_expansion	0.0038527786495778037	397156619.13033366	5895.354458318247
True	3d_cff_expansion	0.004082053206201907	374759025.1037108	6244.668988986672
True	3d_cff_expansion	0.0043249716357541676	353619461.8853739	6614.586286222234
True	3d_cff_expansion	0.004582345869882053	333667271.3176992	7006.309884696868
True	3d_cff_expansion	0.004855036157379002	314835765.5255806	7421.1122356157075
True	3d_cff_expansion	0.005143953939483884	297062001.56055146	7860.3384306096905
True	3d_cff_expansion	0.005450064896286246	280286572.88447714	8325.410198460162
True	3d_cff_expansion	0.005774392174419787	264453408.0577333	8817.82997494975
True	3d_cff_expansion	0.006118019806832271	249509587.62191522	9339.18537230285
True	3d_cff_expansion	0.00648209633606206	235405162.2542401	9891.153568405365
True	3d_cff_expansion	0.0068678386531318995	222092990.15078634	10475.506209692754
True	3d_cff_expansion	0.007276536064890876	209528575.90893465	11094.114239788254
True	3d_cff_expansion	0.007709554603399424	197669924.21823522	11748.953181315184
True	3d_cff_expansion	0.008168341591761033	186477398.56464586	12442.10850453483
True	3d_cff_expansion	0.008654430481661424	175913589.70029932	13175.781325831716
True	3d_cff_expansion	0.009169445978784383	165943188.02831006	13952.2940876308
True	3d_cff_expansion	0.009715109473235286	156532869.0915706	14774.096895084203
True	3d_cff_expansion	0.010293244793123098	147651179.55439615	15643.773642837305
True	3d_cff_expansion	0.01090578430053167	139268432.67071587	16564.048581496743
True	3d_cff_expansion	0.011554775350255344	131356610.47603595	17537.793249801623
True	3d_cff_expansion	0.012242387132886877	123889267.75801718	18568.033185993845
True	3d_cff_expansion	0.012970917925129728	116841445.77043183	19657.95537233124
True	3d_cff_expansion	0.013742802771568434	110189588.03296861	20810.91555532852
True	3d_cff_expansion	0.01456062162357259	103911460.5344985	22030.445611963485
True	3d_cff_expansion	0.015427107962537767	97986079.45279787	23320.26165878387
True	3d_cff_expansion	0.016345157936286093	92393639.47655298	24684.271663619653
True	3d_cff_expansion	0.017317840039163607	87115448.14946164	26126.58355065774
True	3d_cff_expansion	0.018348405368189557	82133863.32059392	27651.513281771055
True	3d_cff_expansion	0.019440298489537693	77432234.28052106	29263.593042129316
True	3d_cff_expansion	0.020597168951669565	72994846.01140334	30967.579378639184
True	3d_cff_expansion	0.021822883483601802	68806866.44548726	32768.4612194118
True	3d_cff_expansion	0.023121538919078363	64854297.34606527	34671.4680799299
True	3d_cff_expansion	0.024497475889846056	61123927.12508758	36682.07775353227
True	3d_cff_expansion	0.025955293333801626	57603286.87888771	38806.024013253256
True	3d_cff_expansion	0.0274998638665022	54280608.5610147	41049.30380777248
True	3d_cff_expansion	0.02913635006741758	51144785.820216164	43418.18423463882
True	3d_cff_expansion	0.03087022173535881	48185336.72005996	45919.20876299292
True	3d_cff_expansion	0.03270727417075828	45392368.72407196	48559.20290125063
True	3d_cff_expansion	0.03465364754590801	42756545.71466386	51345.27915907337
True	3d_cff_expansion	0.03671584742789876	40269056.610122256	54284.84078610216
True	3d_cff_expansion	0.038900766522856935	37921586.08068288	57385.5847673539
True	3d_cff_expansion	0.041215707714156134	35706286.612360254	60655.50316261799
True	3d_cff_expansion	0.04366840847160741	33615752.3054893	64102.88312999693
True	3d_cff_expansion	0.04626706671321315	31642994.115943275	67736.3051941601
True	3d_cff_expansion	0.04902036820592464	29781416.422665615	71564.63940024968
True	3d_cff_expansion	0.051937515596988816	28024795.05827	75597.03954555921
True	3d_cff_expansion	0.0550282591729173	26367256.33562412	79842.9343258248
True	3d_cff_expansion	0.0583029294488879	24803257.541383702	84312.0163791378
True	3d_cff_expansion	0.061772471697505	23327568.265691694	89014.22749210172
True	3d_cff_expansion	0.06544848253232732	21935252.938461058	93959.74075885557
True	3d_cff_expansion	0.06934324866844159	20621654.264395457	99158.93862953104
True	3d_cff_expansion	0.0734697879896336	19382377.646101825	104622.38698284827
True	3d_cff_expansion	0.07784189305942152	18213276.413968742	110360.80431028307
True	3d_cff_expansion	0.08247417722138224	17110437.950827688	116385.02626887553
True	3d_cff_expansion	0.0873821234428559	16070170.516885934	122705.964447724
True	3d_cff_expansion	0.0925821360652859	15088990.87359669	129334.55977037811
True	3d_cff_expansion	0.09809159563416273	14163612.554838074	136281.72952048088
True	3d_cff_expansion	0.10392891699183728	13290934.821175022	143558.3081794816
True	3d_cff_expansion	0.11011361082737267	12468032.194248546	151174.9812402622
True	3d_cff_expansion	0.11666634888915876	11692144.59466479	159142.21225620704
True	3d_cff_expansion	0.12360903307825576	10960668.016864933	167470.1626802586
True	3d_cff_expansion	0.13096486865340778	10271145.713833498	176168.6044067103
True	3d_cff_expansion	0.13875844179240318	9621259.864348773	185246.82503116486
True	3d_cff_expansion	0.14701580176902426	9008823.696798295	194713.52598684444
True	3d_cff_expansion	0.15576454802025858	8431774.046995236	204576.7139429517
True	3d_cff_expansion	0.16503392239477985	7888164.309794518	214843.58560114983
True	3d_cff_expansion	0.17485490689103309	7376157.773009894	225520.40669914644
True	3d_cff_expansion	0.18526032721160685	6894021.311663818	236612.3860988757
True	3d_cff_expansion	0.1962849624800075	6440119.41491921	248123.54582532175
True	3d_cff_expansion	0.2079656614865582	6012908.533114619	260056.5885410495
True	3d_cff_expansion	0.22034146585195902	5610931.7196246	272412.7637536218
True	3d_cff_expansion	0.23345374052017745	5232813.5608667005	285191.7349689017
True	3d_cff_expansion	0.2473463120168214	4877255.365647942	298391.44930013106
True	3d_cff_expansion	0.26206561493511316	4543030.613370288	312008.0124886599
True	3d_cff_expansion	0.2776608471390847	4228980.634376066	326035.5711744097
True	3d_cff_expansion	0.29418413420273776	3934010.526638788	340466.2061691971
True	3d_cff_expansion	0.3116907036347938	3657085.277701194	355289.83825824165
True	3d_cff_expansion	0.3302390694713704	3397226.1041329717	370494.15111809695
True	3d_cff_expansion	0.34989122785355525	3153506.9839511355	386064.53323792206
True	3d_cff_expansion	0.37071286424358746	2925051.3800651454	401984.04212939396
True	3d_cff_expansion	0.39277357297223764	2711029.1514538648	418233.3940906592
True	3d_cff_expansion	0.4161470898512156	2510653.6413954203	434790.98155429435
True	3d_cff_expansion	0.44091153862807575	2323178.940415511	451632.92046285485
True	3d_cff_expansion	0.46714969210737795	2147897.3189369515	468733.1292590179
True	3d_cff_expansion	0.494949248810886	1984136.827717058	486063.4409915422
True	3d_cff_expansion	0.524403126101497	1831259.0584539974	503593.74811784027
True	3d_cff_expansion	0.5556097707506484	1688657.065893451	521292.18059111247
True	3d_cff_expansion	0.588673487987254	1555753.4436828974	539125.3150571971
True	3d_cff_expansion	0.6237047901279648	1431998.5530809695	557058.4137447163
True	3d_cff_expansion	0.6608207659540327	1316868.89832786	575055.6895573669
True	3d_cff_expansion	0.7001454720693739	1209865.6439727747	593080.5934724356
True	3d_cff_expansion	0.7418103475479241	1110513.2693439147	611096.1200042054
True	3d_cff_expansion	0.7859546532561854	1018358.3519801958	629065.1247561454
True	3d_cff_expansion	0.8327259373193655	932968.4738333441	646950.64880842
True	3d_cff_expansion	0.8822805282869017	853931.24079857	664716.2432634134
True	3d_cff_expansion	0.9347840576457007	780853.4070850896	682326.2880868404
True	3d_cff_expansion	0.9904120134275569	713360.0938200041	699746.2986454023
True	3d_cff_expansion	1.0493503267611473	651094.0916656909	716943.2142167758
True	3d_cff_expansion	1.1117959933290618	593715.2365284383	733885.6631110802
True	3d_cff_expansion	1.1779577318070593	540899.8470087838	750544.1993668813
True	3d_cff_expansion	1.2480566814862961	492340.2130636154	766891.5076005188
True	3d_cff_expansion	1.3223271414102968	447744.1248333391	782902.5725874044
True	3d_cff_expansion	1.4010173534971218	406834.43183071737	798554.811874677
True	3d_cff_expansion	1.4843903322642567	369348.6232688711	813828.1706146605
True	3d_cff_expansion	1.572724743929531	335038.4211454472	828705.1785426483
True	3d_cff_expansion	1.6663158378263265	303669.3789800694	843170.97017806
True	3d_cff_expansion	1.7654764332462605	275020.48036330915	857213.270384188
True	3d_cff_expansion	1.8705379650078082	248883.732544848	870822.347728927
True	3d_cff_expansion	1.9818515912455121	225063.75167128432	883990.9389046659
True	3d_cff_expansion	2.0997893671225114	203377.33748152293	896714.1479105968
True	3d_cff_expansion	2.2247454883893707	183653.03637408814	908989.3239519324
True	3d_cff_expansion	2.357137608945747	165730.69274384016	920815.92201751
True	3d_cff_expansion	2.497408236808644	149460.98940190335	932195.3502723228
True	3d_cff_expansion	2.6460262131531764	134704.97855143994	943130.8079799281
True	3d_cff_expansion	2.8034882793694424	121333.60544324544	953627.1179446857
True	3d_cff_expansion	2.9703207373731604	109227.22712465032	963690.5565085008
True	3d_cff_expansion	3.147081208719529	98275.1290426001	973328.6842493457
True	3d_cff_expansion	3.334360498400048	88375.04235367273	982550.1799909947
True	3d_cff_expansion	3.532784569551749	79432.66479712102	991364.68028308
True	3d_cff_expansion	3.7430166356791976	71361.18789440382	999782.6260622849
True	3d_cff_expansion	3.9657593773822573	64080.83308434731	1007815.1180337112
True	3d_cff_expansion	4.201757290998918	57518.39913911041	1015473.781581512
True	3d_cff_expansion	4.451799177013172	51606.82296151249	1022770.6420539914
True	3d_cff_expansion	4.716720776545259	46284.755540401326	1029718.0106971279
True	3d_cff_expansion	4.997407564736579	41496.15453879797	1036328.3814107822
True	3d_cff_expansion	5.294797710365759	37189.89466949119	1042614.3381690287
True	3d_cff_expansion	5.6098852115881375	33319.39671629516	1048588.4729172364
True	3d_cff_expansion	5.943723218279724	29842.275764952035	1054263.3134273065
True	3d_cff_expansion	6.297427552090019	26720.008952391247	1059651.2606668323
True	3d_cff_expansion	6.672180435969318	23917.622801941645	1064764.5350579529
True	3d_cff_expansion	7.069234445635948	21403.4000054294	1069615.1309821582
True	3d_cff_expansion	7.489916696191037	19148.60533363867	1074214.778837171
True	3d_cff_expansion	7.935633277873942	17127.23020779254	1078574.9140154144
True	3d_cff_expansion	8.407873955784511	15315.755339632946	1082706.6520786593
True	3d_cff_expansion	8.908217149280727	13692.93075277601	1086620.7695335255
True	3d_cff_expansion	9.4383352076946	12239.572422027559	1090327.6894976958
True	3d_cff_expansion	10.0	10938.374717950792	1093837.4717950793
False	4d_first_then_cff	9.999999999999999e-06	545853.3131697262	5.45853313169726e-05
False	4d_first_then_cff	1.0595088837115579e-05	545853.0086012285	6.12752248237798e-05
False	4d_first_then_cff	1.1225590746637138e-05	545852.6859112548	6.878501901457535e-05
False	4d_first_then_cff	1.1893613120972307e-05	545852.3440410737	7.72151989354441e-05
False	4d_first_then_cff	1.2601388761098507e-05	545851.9818002065	8.667856474490848e-05
False	4d_first_then_cff	1.3351283339486879e-05	545851.5980141425	9.730174102076058e-05
False	4d_first_then_cff	1.4145803307136463e-05	545851.1913788086	0.0001092268709941774
False	4d_first_then_cff	1.4987604271147418e-05	545850.7605510798	0.0001226135184555439
False	4d_first_then_cff	1.5879499870833977e-05	545850.3040988168	0.00013764080272039194
False	4d_first_then_cff	1.682447118204517e-05	545849.8204719204	0.00015450979524097606
False	4d_first_then_cff	1.782567668112595e-05	545849.3080624073	0.0001734462099516333
False	4d_first_then_cff	1.8886462801822905e-05	545848.7651725911	0.0001947034232992626
False	4d_first_then_cff	2.001037512041929e-05	545848.1899658119	0.00021856586437119083
False	4d_first_then_cff	2.1201170206484973e-05	545847.5805396013	0.00024535282053084363
False	4d_first_then_cff	2.246282817885163e-05	545846.9348424111	0.00027542270937621905
False	4d_first_then_cff	2.379956600877962e-05	545846.250721399	0.00030917787427936716
False	4d_first_then_cff	2.5215851614781683e-05	545845.5258956638	0.0003470699675849453
False	4d_first_then_cff	2.6716418796213626e-05	545844.757918579	0.00038960599349899516
False	4d_first_then_cff	2.830628305554678e-05	545843.9442560126	0.00043735509160206757
False	4d_first_then_cff	2.9990758362205816e-05	545843.0821885843	0.0004909561515455375
False	4d_first_then_cff	3.177547491400375e-05	545842.1687971975	0.0005511263609456637
False	4d_first_then_cff	3.366639795554073e-05	545841.2010680261	0.0006186708009161996
False	4d_first_then_cff	3.56698477164641e-05	545840.1757564105	0.0006944932172549814
False	4d_first_then_cff	3.7792520536232147e-05	545839.0894151159	0.0007796081117282887
False	4d_first_then_cff	4.004151124598945e-05	545837.9384565956	0.0008751543151441977
False	4d_first_then_cff	4.242433688236216e-05	545836.7189857629	0.0009824102233629178
False	4d_first_then_cff	4.4948961812434605e-05	545835.4269477053	0.00110281090083291
False	4d_first_then_cff	4.762382435388603e-05	545834.0580321323	0.001237967279628312
False	4d_first_then_cff	5.045786497926109e-05	545832.6076661506	0.0013896877112573214
False	4d_first_then_cff	5.346055619864554e-05	545831.0709998017	0.0015600021593803884
False	4d_first_then_cff	5.6641934220625944e-05	545829.4428771327	0.001751189356987297
False	4d_first_then_cff	6.0012632497358884e-05	545827.7178839898	0.001965807291550094
False	4d_first_then_cff	6.35839172658688e-05	545825.8902307679	0.0022067274251238835
False	4d_first_then_cff	6.73677252043687e-05	545823.9538523508	0.0024771731083021564
False	4d_first_then_cff	7.137670332946767e-05	545821.9022293075	0.0027807626999694418
False	4d_first_then_cff	7.562425126761532e-05	545819.7285472135	0.00312155797198965
False	4d_first_then_cff	8.012456604207364e-05	545817.4254961477	0.003504118443082178
False	4d_first_then_cff	8.489268952511044e-05	545814.9854256551	0.003933562371954639
False	4d_first_then_cff	8.994455871402163e-05	545812.400163087	0.004415635221558095
False	4d_first_then_cff	9.529705899902193e-05	545809.6610657787	0.004956786513171887
False	4d_first_then_cff	0.0001009680806010482	545806.7589899705	0.005564256096165291
False	4d_first_then_cff	0.00010697657836811517	545803.6842402043	0.006246170987102814
False	4d_first_then_cff	0.00011334263513008393	545800.4265382553	0.00701165407323294
False	4d_first_then_cff	0.00012008752882360164	545796.9749870177	0.007870946133439697
False	4d_first_then_cff	0.0001272338036115737	545793.3180865283	0.008835542808764967
False	4d_first_then_cff	0.00013480534523487416	545789.4436008352	0.009918348350540783
False	4d_first_then_cff	0.00014282746084815284	545785.3385733461	0.011133848205313601
False	4d_first_then_cff	0.00015132696360658268	545780.9893131545	0.012498302741397438
False	4d_first_then_cff	0.0001603322622862701	545776.3812793795	0.014029964704132435
False	4d_first_then_cff	0.00016987345623787494	545771.4990812961	0.01574932331028867
False	4d_first_then_cff	0.00017998243599081504	545766.3264061201	0.017679378239807014
False	4d_first_then_cff	0.00019069298984431538	545760.8459829928	0.01984594718840726
False	4d_first_then_cff	0.00020204091680157044	545755.0394941563	0.022278011087679708
False	4d_first_then_cff	0.00021406414622449164	545748.8875672205	0.025008101609363783
False	4d_first_then_cff	0.00022680286460897883	545742.3696393225	0.0280727361224946
False	4d_first_then_cff	0.000240299649904443	545735.4639320971	0.031512905922328534
False	4d_first_then_cff	0.00025459961382653484	545728.1473991398	0.03537462424741904
False	4d_first_then_cff	0.00026975055263874566	545720.3956062123	0.03970954139975117
False	4d_first_then_cff	0.00028580310690685354	545712.1826759058	0.04457563518882297
False	4d_first_then_cff	0.00030281093076017573	545703.4811795221	0.05003798591110214
False	4d_first_then_cff	0.0003208308712253716	545694.2620369563	0.056169646213490514
False	4d_first_then_cff	0.0003399231582322001	545684.4945085599	0.0630526174616405
False	4d_first_then_cff	0.00036015160592630627	545674.1459562175	0.07077894561063364
False	4d_first_then_cff	0.00038158382596190565	545663.1818454646	0.07945195124766495
False	4d_first_then_cff	0.00040429145348728406	545651.5655848865	0.08918761017666729
False	4d_first_then_cff	0.00042835038657843596	545639.2583996054	0.10011610297914286
False	4d_first_then_cff	0.0004538410399211335	545626.2192113997	0.11238355421557905
False	4d_first_then_cff	0.0004808486135893327	545612.4045022933	0.1261539844543169
False	4d_first_then_cff	0.0005094633778182846	545597.7681927395	0.14161150115710056
False	4d_first_then_cff	0.000539780974724171	545582.261419403	0.15896275759289075
False	4d_first_then_cff	0.000571902737978743	545565.8324802105	0.17843971261128225
False	4d_first_then_cff	0.0006059360315074416	545548.4265741408	0.2003027279462636
False	4d_first_then_cff	0.0006419946083430621	545529.9856222556	0.22484404436714708
False	4d_first_then_cff	0.0006801989908343965	545510.4481345156	0.25239168296594433
False	4d_first_then_cff	0.0007206768734806797	545489.7489567999	0.28331382344441275
False	4d_first_then_cff	0.0007635635497382513	545467.8190948779	0.31802371773327415
False	4d_first_then_cff	0.0008090023642260101	545444.5854389092	0.3569852042245101
False	4d_first_then_cff	0.0008571451918411112	545419.9705606366	0.4007188960240213
False	4d_first_then_cff	0.0009081529453863058	545393.892400355	0.44980912537286355
False	4d_first_then_cff	0.0009621961134056091	545366.2641011134	0.5049117366842597
False	4d_first_then_cff	0.0010194553300259764	545336.9936193146	0.5667628314243983
False	4d_first_then_cff	0.0010801219787096212	545305.9834739816	0.6361885811932136
False	4d_first_then_cff	0.00114439883193495	545273.1303897037	0.7141162390172004
False	4d_first_then_cff	0.0012125007289442108	545238.3250154646	0.8015864950734836
False	4d_first_then_cff	0.0012846552938231323	545201.4515113219	0.8997673403824082
False	4d_first_then_cff	0.0013611036963126905	545162.3871526653	1.0099696222736347
False	4d_first_then_cff	0.0014421014578959352	545121.0020199893	1.133664497753025
False	4d_first_then_cff	0.0015279193058541326	545077.1584716883	1.2725030151732515
False	4d_first_then_cff	0.0016188440781468522	545030.7107741623	1.4283380837755266
False	4d_first_then_cff	0.001715179682140439	544981.504500133	1.6032491205787704
False	4d_first_then_cff	0.001817248110389361	544929.3762188702	1.7995697013013396
False	4d_first_then_cff	0.001925390516865572	544874.1527730665	2.0199185782680154
False	4d_first_then_cff	0.002039968357233062	544815.6508228073	2.2672344759530736
False	4d_first_then_cff	0.0021613645969789036	544753.6762380134	2.544815121289502
False	4d_first_then_cff	0.002289984991438802	544688.0234292997	2.8563610223637017
False	4d_first_then_cff	0.0024262594419955466	544618.4747200317	3.2060245713573927
False	4d_first_then_cff	0.0025706434329833315	544544.7995938982	3.598465115639251
False	4d_first_then_cff	0.0027236195541006166	544466.7540277033	4.0389107203358074
False	4d_first_then_cff	0.002885699113420118	544384.0796371759	4.533227429776074
False	4d_first_then_cff	0.003057423846387185	544296.5028763983	5.0879969352116445
False	4d_first_then_cff	0.003239367726518784	544203.7341523932	5.710603662574504
False	4d_first_then_cff	0.003432138883855167	544105.4668993866	6.409332416526223
False	4d_first_then_cff	0.00363638163757642	544001.3766134299	7.19347785260503
False	4d_first_then_cff	0.0038527786495778037	543891.119778584	8.073467200037108
False	4d_first_then_cff	0.004082053206201907	543774.3328349828	9.06099783006376
False	4d_first_then_cff	0.0043249716357541676	543650.6310229904	10.169191450289553
False	4d_first_then_cff	0.004582345869882053	543519.607104806	11.412766918212766
False	4d_first_then_cff	0.004855036157379002	543380.8301643244	12.808233907604905
False	4d_first_then_cff	0.005143953939483884	543233.8442210156	14.374109916807765
False	4d_first_then_cff	0.005450064896286246	543078.1668196557	16.13116340919024
False	4d_first_then_cff	0.005774392174419787	542913.2875256877	18.102686199821605
False	4d_first_then_cff	0.006118019806832271	542738.6663824548	20.314798570958704
False	4d_first_then_cff	0.00648209633606206	542553.7322137058	22.796791000876127
False	4d_first_then_cff	0.0068678386531318995	542357.8809144407	25.58150685232202
False	4d_first_then_cff	0.007276536064890876	542150.4735874298	28.705770862244357
False	4d_first_then_cff	0.007709554603399424	541930.8346382397	32.210868845410154
False	4d_first_then_cff	0.008168341591761033	541698.2497494372	36.143084641770166
False	4d_first_then_cff	0.008654430481661424	541451.9637727806	40.55430103647174
False	4d_first_then_cff	0.009169445978784383	541191.1784314296	45.50267214233944
False	4d_first_then_cff	0.009715109473235286	540915.0500819517	51.05337561560371
False	4d_first_then_cff	0.010293244793123098	540622.6871998401	57.27945398242452
False	4d_first_then_cff	0.01090578430053167	540313.1478050337	64.26275544167798
False	4d_first_then_cff	0.011554775350255344	539985.4368628432	72.09498566752407
False	4d_first_then_cff	0.012242387132886877	539638.5033652232	80.87888337912219
False	4d_first_then_cff	0.012970917925129728	539271.237522806	90.72953395008285
False	4d_first_then_cff	0.013742802771568434	538882.4676616368	101.77583680046037
False	4d_first_then_cff	0.01456062162357259	538470.9569618166	114.16214409796318
False	4d_first_then_cff	0.015427107962537767	538035.4003184817	128.05009024939872
False	4d_first_then_cff	0.016345157936286093	537574.4207855063	143.62063359837552
False	4d_first_then_cff	0.017317840039163607	537086.5660427259	161.0763342177429
False	4d_first_then_cff	0.018348405368189557	536570.3047059258	180.64389409355448
False	4d_first_then_cff	0.019440298489537693	536024.0225438193	202.57698879901056
False	4d_first_then_cff	0.020597168951669565	535446.0185114336	227.15942271648538
False	4d_first_then_cff	0.021822883483601802	534834.5006508819	254.70864317395944
False	4d_first_then_cff	0.023121538919078363	534187.5820677083	285.57965251749295
False	4d_first_then_cff	0.024497475889846056	533503.2765421444	320.16936071260534
False	4d_first_then_cff	0.025955293333801626	532779.4942779839	358.9214256504175
False	4d_first_then_cff	0.0274998638665022	532014.0374025782	402.3316324243107
False	4d_first_then_cff	0.02913635006741758	531204.5955935403	450.9538680803427
False	4d_first_then_cff	0.03087022173535881	530348.7414840648	505.4067530726396
False	4d_first_then_cff	0.03270727417075828	529443.9261749109	566.3809965997292
False	4d_first_then_cff	0.03465364754590801	528487.4747592831	634.6475485806784
False	4d_first_then_cff	0.03671584742789876	527476.5817887513	711.0666271134388
False	4d_first_then_cff	0.038900766522856935	526408.307005642	796.5977071644559
False	4d_first_then_cff	0.041215707714156134	525279.5710425756	892.3105622415069
False	4d_first_then_cff	0.04366840847160741	524087.1513538112	999.3974583064851
False	4d_first_then_cff	0.04626706671321315	522827.67845764157	1119.186606115681
False	4d_first_then_cff	0.04902036820592464	521497.6323494948	1253.156984795794
False	4d_first_then_cff	0.051937515596988816	520093.3394794823	1402.9546574832111
False	4d_first_then_cff	0.0550282591729173	518610.96989771427	1570.4107049716433
False	4d_first_then_cff	0.0583029294488879	517046.5353448134	1757.560912474258
False	4d_first_then_cff	0.061772471697505	515395.88761502074	1966.6673468117197
False	4d_first_then_cff	0.06544848253232732	513654.7179564413	2200.2419700447886
False	4d_first_then_cff	0.06934324866844159	511818.5572141035	2461.072436456942
False	4d_first_then_cff	0.0734697879896336	509882.7771270071	2752.2502243268314
False	4d_first_then_cff	0.07784189305942152	507842.5926783806	3077.2012523798808
False	4d_first_then_cff	0.08247417722138224	505693.0659949966	3439.719131617486
False	4d_first_then_cff	0.0873821234428559	503429.1115181671	3844.001194323853
False	4d_first_then_cff	0.0925821360652859	501045.50314052816	4294.687439105141
False	4d_first_then_cff	0.09809159563416273	498536.8831022663	4796.902513103472
False	4d_first_then_cff	0.10392891699183728	495897.7731654977	5356.300839892118
False	4d_first_then_cff	0.11011361082737267	493122.58800385945	5979.114974135341
False	4d_first_then_cff	0.11666634888915876	490205.65129089175	6672.207239254031
False	4d_first_then_cff	0.12360903307825576	487141.21462992014	7443.124665102866
False	4d_first_then_cff	0.13096486865340778	483923.47949233104	8300.157197359496
False	4d_first_then_cff	0.13875844179240318	480546.62248599547	9252.399098463167
False	4d_first_then_cff	0.14701580176902426	477004.8241272277	10309.813394567384
False	4d_first_then_cff	0.15576454802025858	473292.3014224112	11483.299151499263
False	4d_first_then_cff	0.16503392239477985	469403.34426853014	12784.761272099946
False	4d_first_then_cff	0.17485490689103309	465332.355942248	14227.182415533587
False	4d_first_then_cff	0.18526032721160685	461073.89778687275	15824.696529249873
False	4d_first_then_cff	0.1962849624800075	456622.7380345212	17592.66336011158
False	4d_first_then_cff	0.2079656614865582	451973.90487841645	19547.743187002052
False	4d_first_then_cff	0.22034146585195902	447122.7435509714	21707.970867264652
False	4d_first_then_cff	0.23345374052017745	442064.97735246527	24092.828149462403
False	4d_first_then_cff	0.2473463120168214	436796.7721152892	26723.313033617433
False	4d_first_then_cff	0.26206561493511316	431314.80391641747	29622.00482005178
False	4d_first_then_cff	0.2776608471390847	425616.3291437341	32813.12329632036
False	4d_first_then_cff	0.29418413420273776	419699.2566310684	36322.580397185666
False	4d_first_then_cff	0.3116907036347938	413562.2204037156	40178.02245216357
False	4d_first_then_cff	0.3302390694713704	407204.6526428472	44408.86107895811
False	4d_first_then_cff	0.34989122785355525	400626.85520476324	49046.29057247718
False	4d_first_then_cff	0.37071286424358746	393830.0685394459	54123.2895745089
False	4d_first_then_cff	0.39277357297223764	386816.5366792267	59674.6047304538
False	4d_first_then_cff	0.4161470898512156	379589.5665487914	65736.71394027406
False	4d_first_then_cff	0.44091153862807575	372153.5801026579	72347.76681145752
False	4d_first_then_cff	0.46714969210737795	364514.157579817	79547.49988987613
False	4d_first_then_cff	0.494949248810886	356678.0703779033	87377.12429519492
False	4d_first_then_cff	0.524403126101497	348653.3017849391	95879.18335692352
False	4d_first_then_cff	0.5556097707506484	340449.0543856594	105097.37798478537
False	4d_first_then_cff	0.588673487987254	332075.74275687285	115076.35748042274
False	4d_first_then_cff	0.6237047901279648	323544.97061591374	125861.47361574242
False	4d_first_then_cff	0.6608207659540327	314869.49172938673	137498.49580086285
False	4d_first_then_cff	0.7001454720693739	306063.15427819645	150033.2851698391
False	4d_first_then_cff	0.7418103475479241	297140.8289718441	163511.425475181
False	4d_first_then_cff	0.7859546532561854	288118.3212883838	177977.80847319358
False	4d_first_then_cff	0.8327259373193655	279012.2690434023	193476.1715382277
False	4d_first_then_cff	0.8822805282869017	269840.0266334348	210048.58496351267
False	4d_first_then_cff	0.9347840576457007	260619.53787933444	227734.88630592107
False	4d_first_then_cff	0.9904120134275569	251369.1996803087	246572.05889923946
False	4d_first_then_cff	1.0493503267611473	242107.7189821417	266593.5514630245
False	4d_first_then_cff	1.1117959933290618	232853.965846072	287828.5356667009
False	4d_first_then_cff	1.1779577318070593	223626.8254090866	310301.09836746653
False	4d_first_then_cff	1.2480566814862961	214445.05170365755	334029.36553801206
False	4d_first_then_cff	1.3223271414102968	205327.12607894294	359024.555127369
False	4d_first_then_cff	1.4010173534971218	196291.1228951832	385289.9569263965
False	4d_first_then_cff	1.4843903322642567	187354.58491014614	412819.83873186924
False	4d_first_then_cff	1.572724743929531	178534.4103554928	441598.2796952886
False	4d_first_then_cff	1.6663158378263265	169846.75338845467	471597.93429661624
False	4d_first_then_cff	1.7654764332462605	161306.93914279575	502778.7336259286
False	4d_first_then_cff	1.8705379650078082	152929.39411343407	535086.5348124971
False	4d_first_then_cff	1.9818515912455121	144727.59214032462	568451.7347262392
False	4d_first_then_cff	2.0997893671225114	136714.015790348	602787.8705414537
False	4d_first_then_cff	2.2247454883893707	128900.13249411054	637990.2374958368
False	4d_first_then_cff	2.357137608945747	121296.38433284662	673934.5629205531
False	4d_first_then_cff	2.497408236808644	113912.19005096845	710475.7858875624
False	4d_first_then_cff	2.6460262131531764	106755.95748074327	747447.0024657301
False	4d_first_then_cff	2.8034882793694424	99835.10437724408	784658.6484361178
False	4d_first_then_cff	2.9703207373731604	93156.08538053899	821898.0022268184
False	4d_first_then_cff	3.147081208719529	86724.42274796078	858929.1014715047
False	4d_first_then_cff	3.334360498400048	80544.73843940835	895493.1748067146
False	4d_first_then_cff	3.532784569551749	74620.7851698769	931309.6950901819
False	4d_first_then_cff	3.7430166356791976	68955.47419209837	966078.1596175274
False	4d_first_then_cff	3.9657593773822573	63550.897832758186	999480.6952051639
False	4d_first_then_cff	4.201757290998918	58408.345158388904	1031185.568820487
False	4d_first_then_cff	4.451799177013172	53528.309670601455	1060851.6569736423
False	4d_first_then_cff	4.716720776545259	48910.48854052891	1088133.887154617
False	4d_first_then_cff	4.997407564736579	44553.77364555957	1112689.6128332813
False	4d_first_then_cff	5.294797710365759	40456.23549852895	1134185.8204753613
False	4d_first_then_cff	5.6098852115881375	36615.10204635242	1152306.9960542363
False	4d_first_then_cff	5.943723218279724	33026.735168564155	1166763.403861755
False	4d_first_then_cff	6.297427552090019	29686.60847499122	1177299.4594237178
False	4d_first_then_cff	6.672180435969318	26589.290566382377	1183701.8186078516
False	4d_first_then_cff	7.069234445635948	23728.438206385952	1185806.7659197764
False	4d_first_then_cff	7.489916696191037	21096.803761783805	1183506.4743500773
False	4d_first_then_cff	7.935633277873942	18686.260763548482	1176753.7337790914
False	4d_first_then_cff	8.407873955784511	16487.85050130188	1165564.806982992
False	4d_first_then_cff	8.908217149280727	14491.85124875656	1150020.1702763136
False	4d_first_then_cff	9.4383352076946	12687.870127795875	1130263.0226027812
False	4d_first_then_cff	10.0	11064.955911860074	1106495.5911860075
True	4d_first_then_cff	9.999999999999999e-06	729260.026394794	7.292600263947939e-05
True	4d_first_then_cff	1.0595088837115579e-05	729259.619491281	8.186370036457428e-05
True	4d_first_then_cff	1.1225590746637138e-05	729259.1883774764	9.18967854034777e-05
True	4d_first_then_cff	1.1893613120972307e-05	729258.7316389142	0.00010315950577775894
True	4d_first_then_cff	1.2601388761098507e-05	729258.2476851156	0.00011580256249920404
True	4d_first_then_cff	1.3351283339486879e-05	729257.7349469343	0.00012999512600374326
True	4d_first_then_cff	1.4145803307136463e-05	729257.191682128	0.00014592709964822895
True	4d_first_then_cff	1.4987604271147418e-05	729256.6160962825	0.0001638116606566156
True	4d_first_then_cff	1.5879499870833977e-05	729256.0062760592	0.00018388811243445367
True	4d_first_then_cff	1.682447118204517e-05	729255.3601505255	0.00020642508644195528
True	4d_first_then_cff	1.782567668112595e-05	729254.6755714163	0.00023172413649539484
True	4d_first_then_cff	1.8886462801822905e-05	729253.9502706215	0.000260123773527829
True	4d_first_then_cff	2.001037512041929e-05	729253.1817943644	0.00029200399479992683
True	4d_first_then_cff	2.1201170206484973e-05	729252.367600947	0.0003277913682292249
True	4d_first_then_cff	2.246282817885163e-05	729251.5049495012	0.0003679647397266489
True	4d_first_then_cff	2.379956600877962e-05	729250.5909638288	0.00041306164003725713
True	4d_first_then_cff	2.5215851614781683e-05	729249.6225966467	0.0004636854766935123
True	4d_first_then_cff	2.6716418796213626e-05	729248.5965792615	0.000520513607314686
True	4d_first_then_cff	2.830628305554678e-05	729247.5095260727	0.0005843064023803942
True	4d_first_then_cff	2.9990758362205816e-05	729246.3578039885	0.000655917418464874
True	4d_first_then_cff	3.177547491400375e-05	729245.1375130956	0.0007363048182234469
True	4d_first_then_cff	3.366639795554073e-05	729243.8446269227	0.0008265441900240877
True	4d_first_then_cff	3.56698477164641e-05	729242.4748106041	0.0009278429382527057
True	4d_first_then_cff	3.7792520536232147e-05	729241.0234586347	0.0010415564372690507
True	4d_first_then_cff	4.004151124598945e-05	729239.4857780515	0.0011692061650327118
True	4d_first_then_cff	4.242433688236216e-05	729237.856565019	0.0013125000584129297
True	4d_first_then_cff	4.4948961812434605e-05	729236.1304021742	0.0014733553635128485
True	4d_first_then_cff	4.762382435388603e-05	729234.3015309687	0.0016539242855835154
True	4d_first_then_cff	5.045786497926109e-05	729232.3638420169	0.0018566227822398825
True	4d_first_then_cff	5.346055619864554e-05	729230.310855775	0.002084162884932313
True	4d_first_then_cff	5.6641934220625944e-05	729228.135683889	0.0023395889809351565
True	4d_first_then_cff	6.0012632497358884e-05	729225.8310930502	0.002626318541511069
True	4d_first_then_cff	6.35839172658688e-05	729223.3893483459	0.0029481878399656705
True	4d_first_then_cff	6.73677252043687e-05	729220.8023467804	0.0033095032726918614
True	4d_first_then_cff	7.137670332946767e-05	729218.0613783945	0.003715098967159377
True	4d_first_then_cff	7.562425126761532e-05	729215.1573391169	0.004170401450578399
True	4d_first_then_cff	8.012456604207364e-05	729212.0804628932	0.004681502239958045
True	4d_first_then_cff	8.489268952511044e-05	729208.820528715	0.005255239328931683
True	4d_first_then_cff	8.994455871402163e-05	729205.366617924	0.005899288656001938
True	4d_first_then_cff	9.529705899902193e-05	729201.7071839202	0.006622266781598003
True	4d_first_then_cff	0.0001009680806010482	729197.8300106406	0.007433846144477235
True	4d_first_then_cff	0.00010697657836811517	729193.7221449527	0.008344884438769814
True	4d_first_then_cff	0.00011334263513008393	729189.369855149	0.00936756984183972
True	4d_first_then_cff	0.00012008752882360164	729184.7585826956	0.01051558403427601
True	4d_first_then_cff	0.0001272338036115737	729179.8729636415	0.011804285192510639
True	4d_first_then_cff	0.00013480534523487416	729174.6966507556	0.013250913396323208
True	4d_first_then_cff	0.00014282746084815284	729169.2123340303	0.014874821202299784
True	4d_first_then_cff	0.00015132696360658268	729163.4017224142	0.01669773246250789
True	4d_first_then_cff	0.0001603322622862701	729157.2453892909	0.018744032844721956
True	4d_first_then_cff	0.00016987345623787494	729150.7227726514	0.021041095942546807
True	4d_first_then_cff	0.00017998243599081504	729143.8120786162	0.02361964932838346
True	4d_first_then_cff	0.00019069298984431538	729136.4902333182	0.026514185443713548
True	4d_first_then_cff	0.00020204091680157044	729128.7327642324	0.02976342281314171
True	4d_first_then_cff	0.00021406414622449164	729120.5137898462	0.033410823750111826
True	4d_first_then_cff	0.00022680286460897883	729111.8058381747	0.03750517545965483
True	4d_first_then_cff	0.000240299649904443	729102.5798133216	0.04210124231223323
True	4d_first_then_cff	0.00025459961382653484	729092.8049252906	0.047260497994554417
True	4d_first_then_cff	0.00026975055263874566	729082.4485299396	0.05305194731007047
True	4d_first_then_cff	0.00028580310690685354	729071.4760550498	0.05955304861227073
True	4d_first_then_cff	0.00030281093076017573	729059.8508558815	0.06685074917723612
True	4d_first_then_cff	0.0003208308712253716	729047.5340814134	0.07504264734122743
True	4d_first_then_cff	0.0003399231582322001	729034.484663476	0.08423829692875633
True	4d_first_then_cff	0.00036015160592630627	729020.6589975463	0.09456067133581168
True	4d_first_then_cff	0.00038158382596190565	729006.0109455806	0.10614780686688617
True	4d_first_then_cff	0.00040429145348728406	728990.4916214481	0.11915464719603401
True	4d_first_then_cff	0.00042835038657843596	728974.0492219126	0.13375511358014217
True	4d_first_then_cff	0.0004538410399211335	728956.6288664697	0.1501444284320218
True	4d_first_then_cff	0.0004808486135893327	728938.1724151036	0.16854172323097655
True	4d_first_then_cff	0.0005094633778182846	728918.6183055397	0.18919296554589665
True	4d_first_then_cff	0.000539780974724171	728897.9012563624	0.2123742441441137
True	4d_first_then_cff	0.000571902737978743	728875.9521936009	0.2383954560486861
True	4d_first_then_cff	0.0006059360315074416	728852.6979030918	0.2676044445362228
True	4d_first_then_cff	0.0006419946083430621	728828.0607913733	0.3003916432745249
True	4d_first_then_cff	0.0006801989908343965	728801.9587077525	0.33719528844252
True	4d_first_then_cff	0.0007206768734806797	728774.3046063244	0.3785072681217561
True	4d_first_then_cff	0.0007635635497382513	728745.0063107966	0.4248796868916774
True	4d_first_then_cff	0.0008090023642260101	728713.9661464227	0.47693223284397157
True	4d_first_then_cff	0.0008571451918411112	728681.0806690503	0.5353604450881216
True	4d_first_then_cff	0.0009081529453863058	728646.240246914	0.6009449914981785
True	4d_first_then_cff	0.0009621961134056091	728609.3288391274	0.6745620802102079
True	4d_first_then_cff	0.0010194553300259764	728570.2234754442	0.7571951427830377
True	4d_first_then_cff	0.0010801219787096212	728528.7939212791	0.8499479444741798
True	4d_first_then_cff	0.00114439883193495	728484.902200684	0.9540592953270319
True	4d_first_then_cff	0.0012125007289442108	728438.4022207004	1.0709195574182324
True	4d_first_then_cff	0.0012846552938231323	728389.1392191658	1.2020891667509628
True	4d_first_then_cff	0.0013611036963126905	728336.9492360005	1.3493194153576498
True	4d_first_then_cff	0.0014421014578959352	728281.6586987457	1.5145757689981243
True	4d_first_then_cff	0.0015279193058541326	728223.0837182152	1.7000640282715564
True	4d_first_then_cff	0.0016188440781468522	728161.0295943206	1.9082596799242078
True	4d_first_then_cff	0.001715179682140439	728095.2900122174	2.141940825093354
True	4d_first_then_cff	0.001817248110389361	728025.6466284504	2.4042251209387215
True	4d_first_then_cff	0.001925390516865572	727951.8681048567	2.698611220566216
True	4d_first_then_cff	0.002039968357233062	727873.7094993104	3.0290252598734715
True	4d_first_then_cff	0.0021613645969789036	727790.9114540257	3.39987300204296
True	4d_first_then_cff	0.002289984991438802	727703.1993015842	3.816098325878114
True	4d_first_then_cff	0.0024262594419955466	727610.282226002	4.2832488273337095
True	4d_first_then_cff	0.0025706434329833315	727511.8522574878	4.807549394494303
True	4d_first_then_cff	0.0027236195541006166	727407.5833810514	5.395984722368934
True	4d_first_then_cff	0.002885699113420118	727297.1303953067	6.0563918461811665
True	4d_first_then_cff	0.003057423846387185	727180.1278429078	6.797563905443129
True	4d_first_then_cff	0.003239367726518784	727056.1888276371	7.629366493199956
True	4d_first_then_cff	0.003432138883855167	726924.9037776202	8.5628681084795
True	4d_first_then_cff	0.00363638163757642	726785.839155582	9.610486411080846
True	4d_first_then_cff	0.0038527786495778037	726638.5360242277	10.786152179250163
True	4d_first_then_cff	0.004082053206201907	726482.5086675766	12.105493100965845
True	4d_first_then_cff	0.0043249716357541676	726317.2430467549	13.586039777587583
True	4d_first_then_cff	0.004582345869882053	726142.1950920604	15.247456602733084
True	4d_first_then_cff	0.004855036157379002	725956.789099577	17.11180050056109
True	4d_first_then_cff	0.005143953939483884	725760.4158793164	19.20381084885622
True	4d_first_then_cff	0.005450064896286246	725552.4308710996	21.551234314679338
True	4d_first_then_cff	0.005774392174419787	725332.1521343583	24.185188762962984
True	4d_first_then_cff	0.006118019806832271	725098.8582869992	27.14057089080231
True	4d_first_then_cff	0.00648209633606206	724851.7862375506	30.456512777172172
True	4d_first_then_cff	0.0068678386531318995	724590.1289017325	34.17689315470409
True	4d_first_then_cff	0.007276536064890876	724313.0327128458	38.35090987196055
True	4d_first_then_cff	0.007709554603399424	724019.5950767279	43.03372077747032
True	4d_first_then_cff	0.008168341591761033	723708.8616652875	48.28716108140757
True	4d_first_then_cff	0.008654430481661424	723379.8236004743	54.1805461847292
True	4d_first_then_cff	0.009169445978784383	723031.4143844293	60.79156998216882
True	4d_first_then_cff	0.009715109473235286	722662.5069095269	68.20730982245028
True	4d_first_then_cff	0.010293244793123098	722271.9100990258	76.52535052052335
True	4d_first_then_cff	0.01090578430053167	721858.3654675644	85.85504127008646
True	4d_first_then_cff	0.011554775350255344	721420.543648798	96.31890085181742
True	4d_first_then_cff	0.012242387132886877	720957.0404959776	108.05418819451316
True	4d_first_then_cff	0.012970917925129728	720466.3733305081	121.2146573573173
True	4d_first_then_cff	0.013742802771568434	719946.9767959861	135.97251796542247
True	4d_first_then_cff	0.01456062162357259	719397.1985010264	152.52062451488715
True	4d_first_then_cff	0.015427107962537767	718815.294825531	171.07492057320607
True	4d_first_then_cff	0.016345157936286093	718199.4261694758	191.87716648744023
True	4d_first_then_cff	0.017317840039163607	717547.6522331211	215.19798251491628
True	4d_first_then_cff	0.018348405368189557	716857.9270871561	241.340242509002
True	4d_first_then_cff	0.019440298489537693	716128.0941185817	270.6428570354929
True	4d_first_then_cff	0.020597168951669565	715355.8807313144	303.48498874924104
True	4d_first_then_cff	0.021822883483601802	714538.8928696172	340.2907472804284
True	4d_first_then_cff	0.023121538919078363	713674.6096424974	381.53441576339145
True	4d_first_then_cff	0.024497475889846056	712760.3774603439	427.7462659120642
True	4d_first_then_cff	0.025955293333801626	711793.4043554254	479.51902466898406
True	4d_first_then_cff	0.0274998638665022	710770.7539698831	537.5150609189084
True	4d_first_then_cff	0.02913635006741758	709689.3397130086	602.4743677553707
True	4d_first_then_cff	0.03087022173535881	708545.9186227494	675.2234221050835
True	4d_first_then_cff	0.03270727417075828	707337.0853697197	756.6850114572798
True	4d_first_then_cff	0.03465364754590801	706059.266278441	847.8891249038328
True	4d_first_then_cff	0.03671584742789876	704708.7132698103	949.9850138236062
True	4d_first_then_cff	0.038900766522856935	703281.4981595761	1064.2545367717712
True	4d_first_then_cff	0.041215707714156134	701773.5069129193	1192.1269111547183
True	4d_first_then_cff	0.04366840847160741	700180.4342087301	1335.1950042975373
True	4d_first_then_cff	0.04626706671321315	698497.7784194474	1495.2333057706314
True	4d_first_then_cff	0.04902036820592464	696720.8368189632	1674.2177316872724
True	4d_first_then_cff	0.051937515596988816	694844.7015446264	1874.3474223976725
True	4d_first_then_cff	0.0550282591729173	692864.2557833842	2098.0687018422304
True	4d_first_then_cff	0.0583029294488879	690774.1712207085	2348.101379065737
True	4d_first_then_cff	0.061772471697505	688568.9058537055	2627.4675753406013
True	4d_first_then_cff	0.06544848253232732	686242.703189843	2939.5232719799983
True	4d_first_then_cff	0.06934324866844159	683789.5924380796	3287.992775106654
True	4d_first_then_cff	0.0734697879896336	681203.3902417189	3677.0062997008486
True	4d_first_then_cff	0.07784189305942152	678477.7038183537	4111.1408731797455
True	4d_first_then_cff	0.08247417722138224	675605.9361693525	4595.464759841213
True	4d_first_then_cff	0.0873821234428559	672581.2929883081	5135.585595616949
True	4d_first_then_cff	0.0925821360652859	669396.7921957824	5737.702418644783
True	4d_first_then_cff	0.09809159563416273	666045.2758246643	6408.661757506589
True	4d_first_then_cff	0.10392891699183728	662519.4249491415	7156.017922096265
True	4d_first_then_cff	0.11011361082737267	658811.7775731925	7988.097605445256
True	4d_first_then_cff	0.11666634888915876	654914.7501246673	8914.068871643874
True	4d_first_then_cff	0.12360903307825576	650820.6627456092	9944.014552577977
True	4d_first_then_cff	0.13096486865340778	646521.76860179	11089.0100156729
True	4d_first_then_cff	0.13875844179240318	642010.2876413254	12361.205195547473
True	4d_first_then_cff	0.14701580176902426	637278.4450340113	13773.910695142782
True	4d_first_then_cff	0.15576454802025858	632318.5147003764	15341.687666403865
True	4d_first_then_cff	0.16503392239477985	627122.8679427911	17080.441059526478
True	4d_first_then_cff	0.17485490689103309	621684.0275388779	19007.51570715393
True	4d_first_then_cff	0.18526032721160685	615994.7274432962	21141.794563079005
True	4d_first_then_cff	0.1962849624800075	610047.9780141544	23503.798249110383
True	4d_first_then_cff	0.2079656614865582	603837.136917598	26115.784897836194
True	4d_first_then_cff	0.22034146585195902	597355.9853841312	29001.849078667197
True	4d_first_then_cff	0.23345374052017745	590598.8097429267	32188.018407683576
True	4d_first_then_cff	0.2473463120168214	583560.4875460593	35702.346212914905
True	4d_first_then_cff	0.26206561493511316	576236.5780323662	39574.99843959141
True	4d_first_then_cff	0.2776608471390847	568623.4157360609	43838.33272388647
True	4d_first_then_cff	0.29418413420273776	560718.2068591394	48526.967410642814
True	4d_first_then_cff	0.3116907036347938	552519.1264593957	53677.8379960936
True	4d_first_then_cff	0.3302390694713704	544025.4159308752	59330.23840149145
True	4d_first_then_cff	0.34989122785355525	535237.4785535948	65525.84420483331
True	4d_first_then_cff	0.37071286424358746	526156.9715687305	72308.71487154812
True	4d_first_then_cff	0.39277357297223764	516786.8930034773	79725.27191989098
True	4d_first_then_cff	0.4161470898512156	507131.66090921545	87824.24982421135
True	4d_first_then_cff	0.44091153862807575	497197.18301718065	96656.61646011303
True	4d_first_then_cff	0.46714969210737795	486990.914526665	106275.45985288094
True	4d_first_then_cff	0.494949248810886	476521.90202490805	116735.83805838758
True	4d_first_then_cff	0.524403126101497	465800.81118470756	128094.58896485779
True	4d_first_then_cff	0.5556097707506484	454839.93665926973	140410.09698768213
True	4d_first_then_cff	0.588673487987254	443653.1923232106	153742.01359385464
True	4d_first_then_cff	0.6237047901279648	432256.08074288897	168150.92875064284
True	4d_first_then_cff	0.6608207659540327	420665.6409504887	183697.99038996498
True	4d_first_then_cff	0.7001454720693739	408900.3741156983	200444.46898691868
True	4d_first_then_cff	0.7418103475479241	396980.14750641154	218451.26443485712
True	4d_first_then_cff	0.7859546532561854	384926.0772413083	237778.35212020364
True	4d_first_then_cff	0.8327259373193655	372760.39144201286	258484.1651750912
True	4d_first_then_cff	0.8822805282869017	360506.2755822963	280624.90951127425
True	4d_first_then_cff	0.9347840576457007	348187.7026068182	304253.80810473446
True	4d_first_then_cff	0.9904120134275569	335829.25077291974	329420.27068941074
True	4d_first_then_cff	1.0493503267611473	323455.91256016877	356168.984754631
True	4d_first_then_cff	1.1117959933290618	311092.8983703797	384538.9236507464
True	4d_first_then_cff	1.1779577318070593	298765.43874656735	414562.2674189737
True	4d_first_then_cff	1.2480566814862961	286498.58907611435	446263.23235882755
True	4d_first_then_cff	1.3223271414102968	274317.04044149583	479656.8056502141
True	4d_first_then_cff	1.4010173534971218	262244.9401879931	514747.3824537215
True	4d_first_then_cff	1.4843903322642567	250305.725439984	551527.3045458407
True	4d_first_then_cff	1.572724743929531	238521.97223496746	589975.3016729776
True	4d_first_then_cff	1.6663158378263265	226915.26252700508	630054.8402203616
True	4d_first_then_cff	1.7654764332462605	215506.0706948053	671712.3881243346
True	4d_first_then_cff	1.8705379650078082	204313.67053557868	714875.6105096037
True	4d_first_then_cff	1.9818515912455121	193356.06309950503	759451.5175943787
True	4d_first_then_cff	2.0997893671225114	182649.92509593687	805324.5950435229
True	4d_first_then_cff	2.2247454883893707	172210.5770121644	852354.9572946
True	4d_first_then_cff	2.357137608945747	162051.9694687165	900376.5760620447
True	4d_first_then_cff	2.497408236808644	152186.68590812813	949195.6499459973
True	4d_first_then_cff	2.6460262131531764	142625.95919430815	998589.1952944614
True	4d_first_then_cff	2.8034882793694424	133379.69944803405	1048303.954310936
True	4d_first_then_cff	2.9703207373731604	124456.53006843696	1098055.7309753546
True	4d_first_then_cff	3.147081208719529	115863.82879131331	1147529.2795663038
True	4d_first_then_cff	3.334360498400048	107607.77055508814	1196378.8815421998
True	4d_first_then_cff	3.532784569551749	99693.36898699496	1244229.7526409752
True	4d_first_then_cff	3.7430166356791976	92124.51352068374	1290680.4212495817
True	4d_first_then_cff	3.9657593773822573	84903.99950460608	1335306.208794746
True	4d_first_then_cff	4.201757290998918	78033.5491316495	1377663.9199449108
True	4d_first_then_cff	4.451799177013172	71513.8217199662	1417297.8137176314
True	4d_first_then_cff	4.716720776545259	65344.41269018994	1453746.8732395323
True	4d_first_then_cff	4.997407564736579	59523.84159051148	1486553.32274636
True	4d_first_then_cff	5.294797710365759	54049.53062607907	1515272.2561563272
True	4d_first_then_cff	5.6098852115881375	48917.77633397159	1539482.1467298684
True	4d_first_then_cff	5.943723218279724	44123.71818524675	1558795.9075608957
True	4d_first_then_cff	6.297427552090019	39661.30892263341	1572872.0777918773
True	4d_first_then_cff	6.672180435969318	35523.29219673204	1581425.6296621016
True	4d_first_then_cff	7.069234445635948	31701.193443776676	1584237.839271072
True	4d_first_then_cff	7.489916696191037	28185.329825787936	1581164.6497342149
True	4d_first_then_cff	7.935633277873942	24964.844380145114	1572142.9883316583
True	4d_first_then_cff	8.407873955784511	22027.768269783075	1557194.5821323711
True	4d_first_then_cff	8.908217149280727	19361.11326838183	1536426.9474925722
True	4d_first_then_cff	9.4383352076946	16950.99449077749	1510031.398201075
True	4d_first_then_cff	10.0	14782.781098286287	1478278.1098286286
