mode	label	graph	scale	x0	x3	mean_radius	re	im	abs	jacobian
no_lmb	GL00_im_plus	0	8.0	0.9951779342780904	0.9992422578822229	762.5450999103285	-0.0032780751099995456	0.003548782090949924	0.004831110716579102	6.386635132685257e+38
no_lmb	GL00_im_plus	0	4.0	0.9975889671390452	0.9996211289411114	1526.090199820657	-0.006542149049368981	0.007079205127861546	0.009639235417111706	1.6441564486373127e+41
no_lmb	GL00_im_plus	0	2.0	0.9987944835695226	0.9998105644705557	3053.180399641314	-0.013070338900450567	0.01414011364525629	0.01925555953155853	4.220818614071955e+43
no_lmb	GL00_im_plus	0	1.0	0.9993972417847613	0.9999052822352779	6107.360799282628	-0.026126739507379187	0.02826196177537876	0.03848824496751467	1.082039113426538e+46
no_lmb	GL00_im_plus	0	0.5	0.9996986208923806	0.9999526411176389	12215.72159856495	-0.05223955115995985	0.0565056735573737	0.07695363441427926	2.7719536011324123e+48
no_lmb	GL00_im_plus	0	0.25	0.9998493104461903	0.9999763205588195	24432.4431971299	-0.10446517965631963	0.11299310485937797	0.15388442255923607	7.098676861043339e+50
no_lmb	GL00_im_plus	0	0.125	0.9999246552230951	0.9999881602794097	48865.8863942598	-0.20891643922642267	0.22596797129674623	0.3077460034362992	1.8175782097998875e+53
no_lmb	GL00_im_plus	0	0.0625	0.9999623276115476	0.9999940801397049	97732.77278931161	-0.41781896006901403	0.4519177064506958	0.6154691680310311	4.653405924735445e+55
no_lmb	GL03_re_minus_im_plus	2	8.0	0.9988104543377876	0.9997585980068706	2490.562481572587	-0.0170084739757981	0.04384363344540887	0.047027145147040095	1.688168662037282e+43
no_lmb	GL03_re_minus_im_plus	2	4.0	0.9994052271688938	0.9998792990034353	4982.124963145174	-0.034000888821654335	0.08762450549558455	0.09398996969894301	4.327905131343892e+45
no_lmb	GL03_re_minus_im_plus	2	2.0	0.9997026135844469	0.9999396495017177	9965.249926290348	-0.06798572788415466	0.17518630226454254	0.18791567177077592	1.108737008418676e+48
no_lmb	GL03_re_minus_im_plus	2	1.0	0.9998513067922234	0.9999698247508588	19931.499852580695	-0.13595541074523187	0.3503099221248702	0.37576710240524963	2.8393825078864354e+50
no_lmb	GL03_re_minus_im_plus	2	0.5	0.9999256533961117	0.9999849123754294	39863.99970516139	-0.2718947787084109	0.7005571749807408	0.751469976849303	7.270119624486611e+52
no_lmb	GL03_re_minus_im_plus	2	0.25	0.9999628266980558	0.9999924561877147	79728.9994103027	-0.5437735158424998	1.4010516872734258	1.502875732368923	1.8613170899053922e+55
no_lmb	GL03_re_minus_im_plus	2	0.125	0.9999814133490279	0.9999962280938574	159458.9988206054	-1.0875309900462287	2.802040714878437	3.0056872462296194	4.7651848358501165e+57
no_lmb	GL03_re_minus_im_plus	2	0.0625	0.999990706674514	0.9999981140469287	318918.9976490143	-2.1750459405990292	5.604018773977739	6.011310278367876	1.2199145936755452e+60
no_lmb	GL05_re_plus	3	8.0	0.9937275246464896	0.9925598361590824	145.91616745768596	0.002817917425194097	0.0006293826566149782	0.002887348462458291	2.361073129065329e+34
no_lmb	GL05_re_plus	3	4.0	0.9968637623232448	0.9962799180795412	292.8323349153719	0.005594731047037817	0.0012640792734558252	0.005735757308173828	6.128239658572462e+36
no_lmb	GL05_re_plus	3	2.0	0.9984318811616224	0.9981399590397706	586.6646698307438	0.011148469561868284	0.002533167534051135	0.011432642359816662	1.5796508315898845e+39
no_lmb	GL05_re_plus	3	1.0	0.9992159405808112	0.9990699795198853	1174.3293396614877	0.022256003931631893	0.00507119460581427	0.022826447943884175	4.057811112254004e+41
no_lmb	GL05_re_plus	3	0.5	0.9996079702904056	0.9995349897599426	2349.658679322847	0.0444711017565921	0.010147174772816204	0.04561407729325725	1.0405829128159795e+44
no_lmb	GL05_re_plus	3	0.25	0.9998039851452027	0.9997674948799713	4700.317358644971	0.08890131205139568	0.02029909830355932	0.09118934519118554	2.6661770374666654e+46
no_lmb	GL05_re_plus	3	0.125	0.9999019925726014	0.9998837474399856	9401.634717289942	0.1777617399880121	0.040602927011689445	0.1823398856133298	6.828339142272794e+48
no_lmb	GL05_re_plus	3	0.0625	0.9999509962863007	0.9999418737199929	18804.2694345881	0.35548259954748423	0.08121057526019179	0.3646409687831694	1.7484294290799525e+51
no_lmb	GL06_re_minus	4	8.0	0.9961721817724385	0.9994397826526118	1022.1334538298125	-0.0047799134294687394	-0.003274475082518689	0.005793941616831446	5.3963226077857816e+39
no_lmb	GL06_re_minus	4	4.0	0.9980860908862192	0.9997198913263059	2045.266907659625	-0.009528224639403114	-0.00653390674109607	0.011553311303702903	1.3875494165653373e+42
no_lmb	GL06_re_minus	4	2.0	0.9990430454431096	0.999859945663153	4091.53381531925	-0.019024947919424492	-0.013052814179450341	0.0230721607427669	3.5599384951313926e+44
no_lmb	GL06_re_minus	4	1.0	0.9995215227215548	0.9999299728315765	8184.0676306385	-0.03801844474355884	-0.026090651041298957	0.04610991447051134	9.123451965839522e+46
no_lmb	GL06_re_minus	4	0.5	0.9997607613607774	0.9999649864157882	16369.135261277	-0.07600546348027915	-0.05216633574019969	0.09218544930416775	2.336885553678393e+49
no_lmb	GL06_re_minus	4	0.25	0.9998803806803886	0.9999824932078941	32739.270522552062	-0.15197951348834693	-0.10431771062609013	0.18433653265270913	5.984068198743437e+51
no_lmb	GL06_re_minus	4	0.125	0.9999401903401943	0.9999912466039471	65479.541045466365	-0.3039276197075726	-0.20862046309772414	0.3686387061123937	1.532131556549674e+54
no_lmb	GL06_re_minus	4	0.0625	0.9999700951700972	0.9999956233019736	130960.08209093273	-0.6078238357327066	-0.417225969516545	0.7372430568841196	3.9225257266470957e+56
no_lmb	GL18_bins128_re_minus_im_plus	10	8.0	0.9978084409555681	0.9943233823802338	315.22870548368303	-0.010450735689484927	0.007844548268629419	0.013067318546294447	4.7307025433576514e+36
no_lmb	GL18_bins128_re_minus_im_plus	10	4.0	0.998904220477784	0.9971616911901169	631.4574109673661	-0.020846204724611146	0.01547825574719262	0.02596421869411636	1.2206603055904787e+39
no_lmb	GL18_bins128_re_minus_im_plus	10	2.0	0.999452110238892	0.9985808455950584	1263.9148219347321	-0.041636689251924076	0.030747630607905512	0.05175935354949381	3.1372300155325296e+41
no_lmb	GL18_bins128_re_minus_im_plus	10	1.0	0.999726055119446	0.9992904227975292	2528.8296438694642	-0.083217437269459	0.06128735384359666	0.10335028595435315	8.047136307875382e+43
no_lmb	GL18_bins128_re_minus_im_plus	10	0.5	0.999863027559723	0.9996452113987646	5058.6592877389285	-0.16637882420054048	0.12236728546687525	0.206532480968215	2.0620949080104038e+46
no_lmb	GL18_bins128_re_minus_im_plus	10	0.25	0.9999315137798614	0.9998226056993823	10118.31857547194	-0.3327015438664429	0.2445273908887712	0.41289703581641823	5.2815601642975464e+48
no_lmb	GL18_bins128_re_minus_im_plus	10	0.125	0.9999657568899307	0.9999113028496911	20237.63715094035	-0.6653469561872442	0.48884772271807597	0.8256262278502782	1.352411929600265e+51
no_lmb	GL18_bins128_re_minus_im_plus	10	0.0625	0.9999828784449654	0.9999556514248455	40476.2743018807	-1.3306377673368823	0.9774884468595981	1.6510846530712084	3.4626002300586635e+53
no_lmb	GL14_bins128_im_minus	7	8.0	0.9942848629014955	0.9988316414978806	514.437803064402	0.0005706067440564413	-0.001456872693202819	0.001564630979037143	5.711397540247004e+37
no_lmb	GL14_bins128_im_minus	7	4.0	0.9971424314507478	0.9994158207489403	1029.875606128804	0.0011406518540240075	-0.0029034292815218444	0.0031194531964571707	1.4722547057608434e+40
no_lmb	GL14_bins128_im_minus	7	2.0	0.9985712157253739	0.9997079103744702	2060.751212257608	0.002280729209501891	-0.005796585312839003	0.006229135334546518	3.781990428451858e+42
no_lmb	GL14_bins128_im_minus	7	1.0	0.9992856078626869	0.9998539551872351	4122.502424515216	0.00456087754031422	-0.01158291870178395	0.012448518369263029	9.698586648779306e+44
no_lmb	GL14_bins128_im_minus	7	0.5	0.9996428039313434	0.9999269775936175	8246.00484902501	0.009121171026447031	-0.02315559611771221	0.02488729379543516	2.484976418593825e+47
no_lmb	GL14_bins128_im_minus	7	0.25	0.9998214019656717	0.9999634887968087	16493.00969805002	0.01824175640611072	-0.0463009562623097	0.04976484931740673	6.36427770691768e+49
no_lmb	GL14_bins128_im_minus	7	0.125	0.9999107009828359	0.9999817443984044	32987.01939610004	0.03648292639321189	-0.09259167920552129	0.09951996270251853	1.629605639108542e+52
no_lmb	GL14_bins128_im_minus	7	0.0625	0.9999553504914179	0.9999908721992022	65975.03879253322	0.07296526594985016	-0.1851731264211212	0.19903019063374505	4.1722391816774216e+54
no_lmb	GL06_prob1000_re_plus_im_plus	4	8.0	0.9990793663409665	0.9996466717628181	1957.2189424459768	0.0009574973804275446	-0.0023735779189927686	0.0025594283289546616	1.0256035185859069e+43
no_lmb	GL06_prob1000_re_plus_im_plus	4	4.0	0.9995396831704833	0.999823335881409	3915.4378848919537	0.0019206038738241386	-0.004751005796972652	0.005124526838939965	2.6288939019144502e+45
no_lmb	GL06_prob1000_re_plus_im_plus	4	2.0	0.9997698415852416	0.9999116679407045	7831.875769783907	0.0038468062443636794	-0.009505852971080536	0.01025471398867253	6.7342578443981054e+47
no_lmb	GL06_prob1000_re_plus_im_plus	4	1.0	0.9998849207926208	0.9999558339703523	15664.751539567815	0.007699205686193456	-0.019015543031509388	0.020515083353023426	1.7245192422561031e+50
no_lmb	GL06_prob1000_re_plus_im_plus	4	0.5	0.9999424603963104	0.9999779169851761	31330.50307913563	0.015404001937320588	-0.03803492101562962	0.041035819625665576	4.415472397453225e+52
no_lmb	GL06_prob1000_re_plus_im_plus	4	0.25	0.9999712301981551	0.9999889584925881	62662.006158237724	0.030813593070031606	-0.07607367593175192	0.0820772909375956	1.1304509428405329e+55
no_lmb	GL06_prob1000_re_plus_im_plus	4	0.125	0.9999856150990776	0.999994479246294	125325.01231647545	0.061632774286932805	-0.15215118479353779	0.16416023239622102	2.89406963014054e+57
no_lmb	GL06_prob1000_re_plus_im_plus	4	0.0625	0.9999928075495388	0.999997239623147	250651.0246329509	0.12327113816296194	-0.30430620411946985	0.32832611740401113	7.408965733324158e+59
no_lmb	GL17_im_minus	9	8.0	0.9979407690582649	0.9999509714757515	10439.954106128009	-0.002471762194605571	-0.008164827204131187	0.00853076852458218	1.1033128955982648e+45
no_lmb	GL17_im_minus	9	4.0	0.9989703845291324	0.9999754857378758	20880.908212256018	-0.004938290920205011	-0.016312249395412946	0.017043362272472214	2.83045105432553e+47
no_lmb	GL17_im_minus	9	2.0	0.9994851922645662	0.9999877428689379	41762.816424512035	-0.009871356472010874	-0.032607120310257746	0.03406857750956348	7.253602677685958e+49
no_lmb	GL17_im_minus	9	1.0	0.9997425961322831	0.9999938714344689	83526.63284902407	-0.019737491617361328	-0.06519687538208596	0.06811902182894772	1.857901631606305e+52
no_lmb	GL17_im_minus	9	0.5	0.9998712980661415	0.9999969357172345	167054.26569804648	-0.03946976391587102	-0.13037639214306665	0.1362199173829484	4.757481999054273e+54
no_lmb	GL17_im_minus	9	0.25	0.9999356490330708	0.9999984678586172	334109.53139609296	-0.07893430956866225	-0.26073542903570945	0.2724217120229533	1.2180758975770477e+57
no_lmb	GL17_im_minus	9	0.125	0.9999678245165354	0.9999992339293087	668220.0628395075	-0.1578634015361273	-0.5214535051334588	0.5448253037080112	3.118479756784975e+59
no_lmb	GL17_im_minus	9	0.0625	0.9999839122582677	0.9999996169646543	1336441.1256789076	1.076577036394665	-0.8345706902871951	1.3621770635195576	7.983571170372072e+61
ose	GL00_im_plus	0	8.0	0.9951779342780904	0.9992422578822229	762.5450999103285	-0.0028639966124630006	0.0030620022878410603	0.004192652454824205	6.386635132685257e+38
ose	GL00_im_plus	0	4.0	0.9975889671390452	0.9996211289411114	1526.090199820657	-0.005713550535941415	0.006105237555073881	0.008361733392702792	1.6441564486373127e+41
ose	GL00_im_plus	0	2.0	0.9987944835695226	0.9998105644705557	3053.180399641314	-0.01141270440798518	0.012191776232607124	0.016699976934415457	4.220818614071955e+43
ose	GL00_im_plus	0	1.0	0.9993972417847613	0.9999052822352779	6107.360799282628	-0.022811035074798126	0.02436488751907231	0.033376504685193084	1.082039113426538e+46
ose	GL00_im_plus	0	0.5	0.9996986208923806	0.9999526411176389	12215.72159856495	-0.045607707849013086	0.04871112702361799	0.06672958048086303	2.7719536011324123e+48
ose	GL00_im_plus	0	0.25	0.9998493104461903	0.9999763205588195	24432.4431971299	-0.09120105910555909	0.0974036144858867	0.1334357422015965	7.098676861043339e+50
ose	GL00_im_plus	0	0.125	0.9999246552230951	0.9999881602794097	48865.8863942598	-0.18238776446028435	0.19478859361332085	0.2668480706819437	1.8175782097998875e+53
ose	GL00_im_plus	0	0.0625	0.9999623276115476	0.9999940801397049	97732.77278931161	-0.3647611767383366	0.38955855410195134	0.5336727303596643	4.653405924735445e+55
ose	GL03_re_minus_im_plus	2	8.0	0.9988104543377876	0.9997585980068706	2490.562481572587	-0.009881918200082112	0.03689230973692347	0.03819286353545925	1.688168662037282e+43
ose	GL03_re_minus_im_plus	2	4.0	0.9994052271688938	0.9998792990034353	4982.124963145174	-0.019745965379912495	0.07373287296532574	0.0763311188474633	4.327905131343892e+45
ose	GL03_re_minus_im_plus	2	2.0	0.9997026135844469	0.9999396495017177	9965.249926290348	-0.03947407656298848	0.14741404237652941	0.15260767546322787	1.108737008418676e+48
ose	GL03_re_minus_im_plus	2	1.0	0.9998513067922234	0.9999698247508588	19931.499852580695	-0.07893030734430305	0.2947764026607435	0.305160811676524	2.8393825078864354e+50
ose	GL03_re_minus_im_plus	2	0.5	0.9999256533961117	0.9999849123754294	39863.99970516139	-0.1578427730598395	0.5895011339422811	0.6102670955626358	7.270119624486611e+52
ose	GL03_re_minus_im_plus	2	0.25	0.9999628266980558	0.9999924561877147	79728.9994103027	-0.315667706840408	1.1789506019261444	1.2204796691972792	1.8613170899053922e+55
ose	GL03_re_minus_im_plus	2	0.125	0.9999814133490279	0.9999962280938574	159458.9988206054	-0.6313175742925756	2.3578495400595503	2.4409048185395705	4.7651848358501165e+57
ose	GL03_re_minus_im_plus	2	0.0625	0.999990706674514	0.9999981140469287	318918.9976490143	-1.2626173115038037	4.715647419080168	4.881755120485514	1.2199145936755452e+60
ose	GL05_re_plus	3	8.0	0.9937275246464896	0.9925598361590824	145.91616745768596	0.001680229811150468	0.00014202261517196657	0.0016862214093940993	2.361073129065329e+34
ose	GL05_re_plus	3	4.0	0.9968637623232448	0.9962799180795412	292.8323349153719	0.003344900052003677	0.00028770049494567423	0.003357250055132353	6.128239658572462e+36
ose	GL05_re_plus	3	2.0	0.9984318811616224	0.9981399590397706	586.6646698307438	0.00667410122314706	0.0005789770301257003	0.0066991672272175935	1.5796508315898845e+39
ose	GL05_re_plus	3	1.0	0.9992159405808112	0.9990699795198853	1174.3293396614877	0.013332435729607494	0.0011614906377236192	0.013382933272852934	4.057811112254004e+41
ose	GL05_re_plus	3	0.5	0.9996079702904056	0.9995349897599426	2349.658679322847	0.02664907127592825	0.002326498159380848	0.02675043165175296	1.0405829128159795e+44
ose	GL05_re_plus	3	0.25	0.9998039851452027	0.9997674948799713	4700.317358644971	0.053282325747575986	0.004656503365147591	0.053485411662063796	2.6661770374666654e+46
ose	GL05_re_plus	3	0.125	0.9999019925726014	0.9998837474399856	9401.634717289942	0.10654882640805124	0.009316508862528163	0.10695536333591973	6.828339142272794e+48
ose	GL05_re_plus	3	0.0625	0.9999509962863007	0.9999418737199929	18804.2694345881	0.21308182359837333	0.01863651739429154	0.21389526252022512	1.7484294290799525e+51
ose	GL06_re_minus	4	8.0	0.9961721817724385	0.9994397826526118	1022.1334538298125	-0.003918894004298045	-0.003568342054251003	0.005300075021455774	5.3963226077857816e+39
ose	GL06_re_minus	4	4.0	0.9980860908862192	0.9997198913263059	2045.266907659625	-0.0078089524571833616	-0.007117271984794819	0.010565760691218368	1.3875494165653373e+42
ose	GL06_re_minus	4	2.0	0.9990430454431096	0.999859945663153	4091.53381531925	-0.015589173896915408	-0.014215188321615353	0.02109724915260893	3.5599384951313926e+44
ose	GL06_re_minus	4	1.0	0.9995215227215548	0.9999299728315765	8184.0676306385	-0.031149668861934297	-0.028411049154837793	0.04216028444266912	9.123451965839522e+46
ose	GL06_re_minus	4	0.5	0.9997607613607774	0.9999649864157882	16369.135261277	-0.06227068478814061	-0.05680278488167226	0.08428638415721428	2.336885553678393e+49
ose	GL06_re_minus	4	0.25	0.9998803806803886	0.9999824932078941	32739.270522552062	-0.12451272962303829	-0.11358626336238908	0.16853859813944652	5.984068198743437e+51
ose	GL06_re_minus	4	0.125	0.9999401903401943	0.9999912466039471	65479.541045466365	-0.2489968257920525	-0.2271532238193086	0.33704303337411184	1.532131556549674e+54
ose	GL06_re_minus	4	0.0625	0.9999700951700972	0.9999956233019736	130960.08209093273	-0.4979650213528796	-0.45428714654534136	0.6740519075021465	3.9225257266470957e+56
ose	GL18_bins128_re_minus_im_plus	10	8.0	0.9978084409555681	0.9943233823802338	315.22870548368303	-0.0026810878574891673	0.0020908781846071256	0.003400000541535522	4.7307025433576514e+36
ose	GL18_bins128_re_minus_im_plus	10	4.0	0.998904220477784	0.9971616911901169	631.4574109673661	-0.005338645415842719	0.004145071511928601	0.006758901738825661	1.2206603055904787e+39
ose	GL18_bins128_re_minus_im_plus	10	2.0	0.999452110238892	0.9985808455950584	1263.9148219347321	-0.010653811779688792	0.008253767051566099	0.013476957222554126	3.1372300155325296e+41
ose	GL18_bins128_re_minus_im_plus	10	1.0	0.999726055119446	0.9992904227975292	2528.8296438694642	-0.02128417047865585	0.01647131163388179	0.026913194160205784	8.047136307875382e+43
ose	GL18_bins128_re_minus_im_plus	10	0.5	0.999863027559723	0.9996452113987646	5058.6592877389285	-0.04254490094738818	0.032906477315531965	0.053785730876698995	2.0620949080104038e+46
ose	GL18_bins128_re_minus_im_plus	10	0.25	0.9999315137798614	0.9998226056993823	10118.31857547194	-0.08506636844207219	0.06577684687906601	0.10753083569504364	5.2815601642975464e+48
ose	GL18_bins128_re_minus_im_plus	10	0.125	0.9999657568899307	0.9999113028496911	20237.63715094035	-0.17010930671405386	0.1315176050910535	0.2150210610140838	1.352411929600265e+51
ose	GL18_bins128_re_minus_im_plus	10	0.0625	0.9999828784449654	0.9999556514248455	40476.2743018807	-0.3401951848977102	0.2629991310542771	0.43000151948905024	3.4626002300586635e+53
ose	GL14_bins128_im_minus	7	8.0	0.9942848629014955	0.9988316414978806	514.437803064402	-0.000131749919469096	-0.0012131821420410885	0.0012203151031793048	5.711397540247004e+37
ose	GL14_bins128_im_minus	7	4.0	0.9971424314507478	0.9994158207489403	1029.875606128804	-0.00026150660162883486	-0.002417095426224384	0.002431200526935263	1.4722547057608434e+40
ose	GL14_bins128_im_minus	7	2.0	0.9985712157253739	0.9997079103744702	2060.751212257608	-0.000521036882032099	-0.00482496371492906	0.004853014968328428	3.781990428451858e+42
ose	GL14_bins128_im_minus	7	1.0	0.9992856078626869	0.9998539551872351	4122.502424515216	-0.0010401058647498975	-0.00964072104503303	0.009696665533987955	9.698586648779306e+44
ose	GL14_bins128_im_minus	7	0.5	0.9996428039313434	0.9999269775936175	8246.00484902501	-0.002078248031844966	-0.019272246054833603	0.019383977478317417	2.484976418593825e+47
ose	GL14_bins128_im_minus	7	0.25	0.9998214019656717	0.9999634887968087	16493.00969805002	-0.004154534466244075	-0.03853530124293169	0.038758606766945355	6.36427770691768e+49
ose	GL14_bins128_im_minus	7	0.125	0.9999107009828359	0.9999817443984044	32987.01939610004	-0.008307108380963577	-0.0770614142009532	0.0775078680412766	1.629605639108542e+52
ose	GL14_bins128_im_minus	7	0.0625	0.9999553504914179	0.9999908721992022	65975.03879253322	-0.016612256735043428	-0.15411364140494252	0.15500639193569474	4.1722391816774216e+54
ose	GL06_prob1000_re_plus_im_plus	4	8.0	0.9990793663409665	0.9996466717628181	1957.2189424459768	0.005204330784640563	0.0021615124707737884	0.005635352258489975	1.0256035185859069e+43
ose	GL06_prob1000_re_plus_im_plus	4	4.0	0.9995396831704833	0.999823335881409	3915.4378848919537	0.010423847865755332	0.004330270431352275	0.011287508420242964	2.6288939019144502e+45
ose	GL06_prob1000_re_plus_im_plus	4	2.0	0.9997698415852416	0.9999116679407045	7831.875769783907	0.020862841727053213	0.008667772569013748	0.02259177828848849	6.7342578443981054e+47
ose	GL06_prob1000_re_plus_im_plus	4	1.0	0.9998849207926208	0.9999558339703523	15664.751539567815	0.04174080932564138	0.01734276995905053	0.04520029682438043	1.7245192422561031e+50
ose	GL06_prob1000_re_plus_im_plus	4	0.5	0.9999424603963104	0.9999779169851761	31330.50307913563	0.08349673447000422	0.03469276129630852	0.09041732330431505	4.415472397453225e+52
ose	GL06_prob1000_re_plus_im_plus	4	0.25	0.9999712301981551	0.9999889584925881	62662.006158237724	0.16700857972934297	0.0693927422308172	0.18085137095837828	1.1304509428405329e+55
ose	GL06_prob1000_re_plus_im_plus	4	0.125	0.9999856150990776	0.999994479246294	125325.01231647545	0.33403226765305716	0.13879270341702657	0.36171946361130514	2.89406963014054e+57
ose	GL06_prob1000_re_plus_im_plus	4	0.0625	0.9999928075495388	0.999997239623147	250651.0246329509	0.6680796423481388	0.2775926247719496	0.7234556474641672	7.408965733324158e+59
ose	GL17_im_minus	9	8.0	0.9979407690582649	0.9999509714757515	10439.954106128009	-0.002246227829476776	-0.007542589834530977	0.007869955582713665	1.1033128955982648e+45
ose	GL17_im_minus	9	4.0	0.9989703845291324	0.9999754857378758	20880.908212256018	-0.0044889636498947295	-0.01506805889022719	0.01572250595068836	2.83045105432553e+47
ose	GL17_im_minus	9	2.0	0.9994851922645662	0.9999877428689379	41762.816424512035	-0.008974440362870746	-0.03011902635945384	0.03142763638373396	7.253602677685958e+49
ose	GL17_im_minus	9	1.0	0.9997425961322831	0.9999938714344689	83526.63284902407	-0.017945396319311798	-0.06022097595402135	0.0628379120747339	1.857901631606305e+52
ose	GL17_im_minus	9	0.5	0.9998712980661415	0.9999969357172345	167054.26569804648	-0.03588730948577292	-0.1204248824540985	0.1256584708494063	4.757481999054273e+54
ose	GL17_im_minus	9	0.25	0.9999356490330708	0.9999984678586172	334109.53139609296	-0.07177113644579898	-0.24083269915176805	0.25129959213545794	1.2180758975770477e+57
ose	GL17_im_minus	9	0.125	0.9999678245165354	0.9999992339293087	668220.0628395075	-0.14353879085623344	-0.4816483346183057	0.5025818368395907	3.118479756784975e+59
ose	GL17_im_minus	9	0.0625	0.9999839122582677	0.9999996169646543	1336441.1256789076	-0.6587587514210538	-1.0631495800429005	1.250699852930039	7.983571170372072e+61
inverse_jacobian	GL00_im_plus	0	8.0	0.9951779342780904	0.9992422578822229	762.5450999103285	-0.0028198655047338567	0.003009647934746001	0.004124272318350087	6.386635132685257e+38
inverse_jacobian	GL00_im_plus	0	4.0	0.9975889671390452	0.9996211289411114	1526.090199820657	-0.0056251296907399795	0.006000372807184481	0.008224752753903513	1.6441564486373127e+41
inverse_jacobian	GL00_im_plus	0	2.0	0.9987944835695226	0.9998105644705557	3053.180399641314	-0.011235704439513968	0.011981891250214401	0.016425795937612227	4.220818614071955e+43
inverse_jacobian	GL00_im_plus	0	1.0	0.9993972417847613	0.9999052822352779	6107.360799282628	-0.022456877035399562	0.023944962344568874	0.03282792329505291	1.082039113426538e+46
inverse_jacobian	GL00_im_plus	0	0.5	0.9996986208923806	0.9999526411176389	12215.72159856495	-0.044899233755441054	0.04787112160315435	0.06563219846515678	2.7719536011324123e+48
inverse_jacobian	GL00_im_plus	0	0.25	0.9998493104461903	0.9999763205588195	24432.4431971299	-0.08978395294796392	0.0957234486428767	0.1312407590158166	7.098676861043339e+50
inverse_jacobian	GL00_im_plus	0	0.125	0.9999246552230951	0.9999881602794097	48865.8863942598	-0.1795533941959217	0.19142810695970325	0.2624578851957998	1.8175782097998875e+53
inverse_jacobian	GL00_im_plus	0	0.0625	0.9999623276115476	0.9999940801397049	97732.77278931161	-0.35909227826689494	0.3828374258382052	0.5248921402853469	4.653405924735445e+55
inverse_jacobian	GL03_re_minus_im_plus	2	8.0	0.9988104543377876	0.9997585980068706	2490.562481572587	-0.010178844734173575	0.036490349912285704	0.037883433276875295	1.688168662037282e+43
inverse_jacobian	GL03_re_minus_im_plus	2	4.0	0.9994052271688938	0.9998792990034353	4982.124963145174	-0.020339994736179614	0.0729289147925425	0.07571223149984248	4.327905131343892e+45
inverse_jacobian	GL03_re_minus_im_plus	2	2.0	0.9997026135844469	0.9999396495017177	9965.249926290348	-0.04066231156783521	0.14580608788324037	0.1513698743008493	1.108737008418676e+48
inverse_jacobian	GL03_re_minus_im_plus	2	1.0	0.9998513067922234	0.9999698247508588	19931.499852580695	-0.08130695364855876	0.2915604557140668	0.30268518306617387	2.8393825078864354e+50
inverse_jacobian	GL03_re_minus_im_plus	2	0.5	0.9999256533961117	0.9999849123754294	39863.99970516139	-0.16259624196545816	0.5830692021830884	0.6053158121474386	7.270119624486611e+52
inverse_jacobian	GL03_re_minus_im_plus	2	0.25	0.9999628266980558	0.9999924561877147	79728.9994103027	-0.32517482094002015	1.1660867005846873	1.210577076213595	1.8613170899053922e+55
inverse_jacobian	GL03_re_minus_im_plus	2	0.125	0.9999814133490279	0.9999962280938574	159458.9988206054	-0.650331978801816	2.3321216995863723	2.421099606446194	4.7651848358501165e+57
inverse_jacobian	GL03_re_minus_im_plus	2	0.0625	0.999990706674514	0.9999981140469287	318918.9976490143	-1.3006462969902164	4.664191700324596	4.842144670210836	1.2199145936755452e+60
inverse_jacobian	GL05_re_plus	3	8.0	0.9937275246464896	0.9925598361590824	145.91616745768596	0.0017577035242016831	0.0002031054300368062	0.0017693991903189774	2.361073129065329e+34
inverse_jacobian	GL05_re_plus	3	4.0	0.9968637623232448	0.9962799180795412	292.8323349153719	0.0034972517554082505	0.000407360678358289	0.003520896556699531	6.128239658572462e+36
inverse_jacobian	GL05_re_plus	3	2.0	0.9984318811616224	0.9981399590397706	586.6646698307438	0.006976245386365382	0.0008157657530898945	0.007023779143359977	1.5796508315898845e+39
inverse_jacobian	GL05_re_plus	3	1.0	0.9992159405808112	0.9990699795198853	1174.3293396614877	0.01393418321697864	0.001632523792687035	0.014029490220888941	4.057811112254004e+41
inverse_jacobian	GL05_re_plus	3	0.5	0.9996079702904056	0.9995349897599426	2349.658679322847	0.027850034653704604	0.0032660139673910335	0.02804088581781504	1.0405829128159795e+44
inverse_jacobian	GL05_re_plus	3	0.25	0.9998039851452027	0.9997674948799713	4700.317358644971	0.055681725536899554	0.006532981401917988	0.05606366385426855	2.6661770374666654e+46
inverse_jacobian	GL05_re_plus	3	0.125	0.9999019925726014	0.9998837474399856	9401.634717289942	0.11134510133851146	0.013066909824791119	0.11210921337897527	6.828339142272794e+48
inverse_jacobian	GL05_re_plus	3	0.0625	0.9999509962863007	0.9999418737199929	18804.2694345881	0.22267184996955242	0.026134763446808047	0.22420030916411215	1.7484294290799525e+51
inverse_jacobian	GL06_re_minus	4	8.0	0.9961721817724385	0.9994397826526118	1022.1334538298125	-0.003944489838707274	-0.0035965712468369894	0.005338007570361764	5.3963226077857816e+39
inverse_jacobian	GL06_re_minus	4	4.0	0.9980860908862192	0.9997198913263059	2045.266907659625	-0.007860414095345701	-0.007173679744324436	0.010641794530267914	1.3875494165653373e+42
inverse_jacobian	GL06_re_minus	4	2.0	0.9990430454431096	0.999859945663153	4091.53381531925	-0.015692367875262046	-0.014327953632021603	0.02124948622470476	3.5599384951313926e+44
inverse_jacobian	GL06_re_minus	4	1.0	0.9995215227215548	0.9999299728315765	8184.0676306385	-0.0313563278850552	-0.0286365297756466	0.042464928305915986	9.123451965839522e+46
inverse_jacobian	GL06_re_minus	4	0.5	0.9997607613607774	0.9999649864157882	16369.135261277	-0.062684274082468	-0.0572536962276553	0.08489584176492156	2.336885553678393e+49
inverse_jacobian	GL06_re_minus	4	0.25	0.9998803806803886	0.9999824932078941	32739.270522552062	-0.1253401795504458	-0.1144880362109782	0.16975768331708654	5.984068198743437e+51
inverse_jacobian	GL06_re_minus	4	0.125	0.9999401903401943	0.9999912466039471	65479.541045466365	-0.2506519970310229	-0.22895671969881123	0.3394813737318735	1.532131556549674e+54
inverse_jacobian	GL06_re_minus	4	0.0625	0.9999700951700972	0.9999956233019736	130960.08209093273	-0.5012756352399558	-0.45789408850032615	0.6789287582425462	3.9225257266470957e+56
inverse_jacobian	GL18_bins128_re_minus_im_plus	10	8.0	0.9978084409555681	0.9943233823802338	315.22870548368303	-0.002349850430641526	0.0018593821596311795	0.002996514485521616	4.7307025433576514e+36
inverse_jacobian	GL18_bins128_re_minus_im_plus	10	4.0	0.998904220477784	0.9971616911901169	631.4574109673661	-0.004675582724458931	0.0036845768087114586	0.005952913578454933	1.2206603055904787e+39
inverse_jacobian	GL18_bins128_re_minus_im_plus	10	2.0	0.999452110238892	0.9985808455950584	1263.9148219347321	-0.009327107988190038	0.0073352575502899356	0.011865957473058967	3.1372300155325296e+41
inverse_jacobian	GL18_bins128_re_minus_im_plus	10	1.0	0.999726055119446	0.9992904227975292	2528.8296438694642	-0.01863018915795785	0.014636763849164274	0.02369216756730993	8.047136307875382e+43
inverse_jacobian	GL18_bins128_re_minus_im_plus	10	0.5	0.999863027559723	0.9996452113987646	5058.6592877389285	-0.03723636689308109	0.029239848628686355	0.04734464877073899	2.0620949080104038e+46
inverse_jacobian	GL18_bins128_re_minus_im_plus	10	0.25	0.9999315137798614	0.9998226056993823	10118.31857547194	-0.07444873008013081	0.058446054222432015	0.09464964165127958	5.2815601642975464e+48
inverse_jacobian	GL18_bins128_re_minus_im_plus	10	0.125	0.9999657568899307	0.9999113028496911	20237.63715094035	-0.14887346031609033	0.1168584834125299	0.18925964263931983	1.352411929600265e+51
inverse_jacobian	GL18_bins128_re_minus_im_plus	10	0.0625	0.9999828784449654	0.9999556514248455	40476.2743018807	-0.29772292271872147	0.23368335079138589	0.37847965222620317	3.4626002300586635e+53
inverse_jacobian	GL14_bins128_im_minus	7	8.0	0.9942848629014955	0.9988316414978806	514.437803064402	-0.00013184473947368698	-0.0012330715946228734	0.0012401002349780763	5.711397540247004e+37
inverse_jacobian	GL14_bins128_im_minus	7	4.0	0.9971424314507478	0.9994158207489403	1029.875606128804	-0.00026167984883554386	-0.0024570291627901445	0.002470924654878783	1.4722547057608434e+40
inverse_jacobian	GL14_bins128_im_minus	7	2.0	0.9985712157253739	0.9997079103744702	2060.751212257608	-0.0005213668954730291	-0.0049049858616232464	0.004932616926380876	3.781990428451858e+42
inverse_jacobian	GL14_bins128_im_minus	7	1.0	0.9992856078626869	0.9998539551872351	4122.502424515216	-0.0010407493665741789	-0.009800919933238762	0.00985602307128902	9.698586648779306e+44
inverse_jacobian	GL14_bins128_im_minus	7	0.5	0.9996428039313434	0.9999269775936175	8246.00484902501	-0.0020795184883879566	-0.01959279838673196	0.019702846133659822	2.484976418593825e+47
inverse_jacobian	GL14_bins128_im_minus	7	0.25	0.9998214019656717	0.9999634887968087	16493.00969805002	-0.0041570588212307994	-0.039176560442565365	0.03939649763815497	6.36427770691768e+49
inverse_jacobian	GL14_bins128_im_minus	7	0.125	0.9999107009828359	0.9999817443984044	32987.01939610004	-0.008312140527242514	-0.07834408712622942	0.0787838033341045	1.629605639108542e+52
inverse_jacobian	GL14_bins128_im_minus	7	0.0625	0.9999553504914179	0.9999908721992022	65975.03879253322	-0.016622304461380806	-0.15667914177649178	0.1575584160666286	4.1722391816774216e+54
inverse_jacobian	GL06_prob1000_re_plus_im_plus	4	8.0	0.9990793663409665	0.9996466717628181	1957.2189424459768	0.004918465653315659	0.0019296710601876138	0.005283458600516467	1.0256035185859069e+43
inverse_jacobian	GL06_prob1000_re_plus_im_plus	4	4.0	0.9995396831704833	0.999823335881409	3915.4378848919537	0.009851751226018873	0.003865815593275505	0.010583077644077662	2.6288939019144502e+45
inverse_jacobian	GL06_prob1000_re_plus_im_plus	4	2.0	0.9997698415852416	0.9999116679407045	7831.875769783907	0.01971828315453956	0.007738091352000764	0.02118227439002969	6.7342578443981054e+47
inverse_jacobian	GL06_prob1000_re_plus_im_plus	4	1.0	0.9998849207926208	0.9999558339703523	15664.751539567815	0.039451327429758765	0.015482636222469245	0.04238064723865544	1.7245192422561031e+50
inverse_jacobian	GL06_prob1000_re_plus_im_plus	4	0.5	0.9999424603963104	0.9999779169851761	31330.50307913563	0.07891740619793441	0.030971722640511953	0.08477738262255198	4.415472397453225e+52
inverse_jacobian	GL06_prob1000_re_plus_im_plus	4	0.25	0.9999712301981551	0.9999889584925881	62662.006158237724	0.15784955884094734	0.06194989379474985	0.16957084822416404	1.1304509428405329e+55
inverse_jacobian	GL06_prob1000_re_plus_im_plus	4	0.125	0.9999856150990776	0.999994479246294	125325.01231647545	0.31571386159724685	0.12390623545002495	0.3391577768355645	2.89406963014054e+57
inverse_jacobian	GL06_prob1000_re_plus_im_plus	4	0.0625	0.9999928075495388	0.999997239623147	250651.0246329509	0.6314424659819184	0.24781891775328266	0.6783316326412432	7.408965733324158e+59
inverse_jacobian	GL17_im_minus	9	8.0	0.9979407690582649	0.9999509714757515	10439.954106128009	-0.002244673470404561	-0.007543135104917576	0.0078700347013071	1.1033128955982648e+45
inverse_jacobian	GL17_im_minus	9	4.0	0.9989703845291324	0.9999754857378758	20880.908212256018	-0.004485845286214174	-0.015069150775943306	0.015722662403039846	2.83045105432553e+47
inverse_jacobian	GL17_im_minus	9	2.0	0.9994851922645662	0.9999877428689379	41762.816424512035	-0.008968193994277004	-0.030121211560101595	0.03142794758439348	7.253602677685958e+49
inverse_jacobian	GL17_im_minus	9	1.0	0.9997425961322831	0.9999938714344689	83526.63284902407	-0.01793289394289468	-0.060225347826733375	0.06283853281242431	1.857901631606305e+52
inverse_jacobian	GL17_im_minus	9	0.5	0.9998712980661415	0.9999969357172345	167054.26569804648	-0.03586229509470082	-0.12043362769208445	0.12565971068140738	4.757481999054273e+54
inverse_jacobian	GL17_im_minus	9	0.25	0.9999356490330708	0.9999984678586172	334109.53139609296	-0.07172109802588122	-0.240850191130819	0.2513020701661451	1.2180758975770477e+57
inverse_jacobian	GL17_im_minus	9	0.125	0.9999678245165354	0.9999992339293087	668220.0628395075	-0.14343870437899534	-0.481683320083973	0.5025867912719594	3.118479756784975e+59
inverse_jacobian	GL17_im_minus	9	0.0625	0.9999839122582677	0.9999996169646543	1336441.1256789076	-0.6734163338089034	-1.0658187771020498	1.2607375715286402	7.983571170372072e+61
inverse_jacobian_log	GL00_im_plus	0	8.0	0.9951779342780904	0.9992422578822229	762.5450999103285	0.0012896002221481134	-0.0013726256674229513	0.001883393202661825	4.62873734796357e+25
inverse_jacobian_log	GL00_im_plus	0	4.0	0.9975889671390452	0.9996211289411114	1526.090199820657	0.0027270509740990275	-0.002786020778553209	0.0038985534232410723	2.8419903697082333e+26
inverse_jacobian_log	GL00_im_plus	0	2.0	0.9987944835695226	0.9998105644705557	3053.180399641314	0.005948589762909737	-0.005672314830000767	0.008219542304656699	1.6729020843918856e+27
inverse_jacobian_log	GL00_im_plus	0	1.0	0.9993972417847613	0.9999052822352779	6107.360799282628	0.013470410512044707	-0.011574138621056993	0.017759860477561406	9.51330401152672e+27
inverse_jacobian_log	GL00_im_plus	0	0.5	0.9996986208923806	0.9999526411176389	12215.72159856495	0.03186740268163804	-0.02358842287458166	0.0396477621989408	5.256433328955249e+28
inverse_jacobian_log	GL00_im_plus	0	0.25	0.9998493104461903	0.9999763205588195	24432.4431971299	0.07921388123461237	-0.04773208996979234	0.09248346551214236	2.834388610782517e+29
inverse_jacobian_log	GL00_im_plus	0	0.125	0.9999246552230951	0.9999881602794097	48865.8863942598	0.20769958292851018	-0.09498120572372958	0.2283868345360794	1.496703608449264e+30
inverse_jacobian_log	GL00_im_plus	0	0.0625	0.9999623276115476	0.9999940801397049	97732.77278931161	0.5749103777200728	-0.18283179647417103	0.6032821961671084	7.761050301528997e+30
inverse_jacobian_log	GL03_re_minus_im_plus	2	8.0	0.9988104543377876	0.9997585980068706	2490.562481572587	0.005665053488015741	0.039726263579152266	0.04012815531497005	1.2612054786699622e+27
inverse_jacobian_log	GL03_re_minus_im_plus	2	4.0	0.9994052271688938	0.9998792990034353	4982.124963145174	0.009386563964160217	0.10752503788619742	0.10793396757036898	7.20070763324075e+27
inverse_jacobian_log	GL03_re_minus_im_plus	2	2.0	0.9997026135844469	0.9999396495017177	9965.249926290348	0.01116710632985626	0.3020310648656371	0.3022374371378453	3.992313234819164e+28
inverse_jacobian_log	GL03_re_minus_im_plus	2	1.0	0.9998513067922234	0.9999698247508588	19931.499852580695	-0.006867876835382398	0.8772126589405542	0.8772395435328842	2.1591845891115562e+29
inverse_jacobian_log	GL03_re_minus_im_plus	2	0.5	0.9999256533961117	0.9999849123754294	39863.99970516139	-0.1227146855808758	2.625003129238027	2.6278699211655523	1.1431557513876403e+30
inverse_jacobian_log	GL03_re_minus_im_plus	2	0.25	0.9999628266980558	0.9999924561877147	79728.9994103027	-0.6427671253755173	8.065955842036896	8.091526013253164	5.941534944409814e+30
inverse_jacobian_log	GL03_re_minus_im_plus	2	0.125	0.9999814133490279	0.9999962280938574	159458.9988206054	-2.7101706127856326	25.368934872462667	25.51328832811755	3.03855075802252e+31
inverse_jacobian_log	GL03_re_minus_im_plus	2	0.0625	0.999990706674514	0.9999981140469287	318918.9976490143	-10.470436410518962	81.43277607650386	82.10314889304027	1.531899015095937e+32
inverse_jacobian_log	GL05_re_plus	3	8.0	0.9937275246464896	0.9925598361590824	145.91616745768596	0.0018052945664663671	0.00020502670695004643	0.0018168996731453746	1.5239057061464192e+24
inverse_jacobian_log	GL05_re_plus	3	4.0	0.9968637623232448	0.9962799180795412	292.8323349153719	0.005056484561763769	0.0006293507708718303	0.0050954998298648095	1.026101564469411e+25
inverse_jacobian_log	GL05_re_plus	3	2.0	0.9984318811616224	0.9981399590397706	586.6646698307438	0.014706841285854255	0.0019247314932948618	0.014832254445248312	6.506300301662171e+25
inverse_jacobian_log	GL05_re_plus	3	1.0	0.9992159405808112	0.9990699795198853	1174.3293396614877	0.04410726753184225	0.005951669658794338	0.04450700417746536	3.933608369225381e+26
inverse_jacobian_log	GL05_re_plus	3	0.5	0.9996079702904056	0.9995349897599426	2349.658679322847	0.135673748642102	0.018683080339387915	0.13695409289819818	2.287923720996172e+27
inverse_jacobian_log	GL05_re_plus	3	0.25	0.9998039851452027	0.9997674948799713	4700.317358644971	0.42627687491986305	0.05955930760678543	0.43041757075431325	1.288744186084117e+28
inverse_jacobian_log	GL05_re_plus	3	0.125	0.9999019925726014	0.9998837474399856	9401.634717289942	1.3636709424712858	0.1926360487091876	1.3772098919927978	7.065861364678988e+28
inverse_jacobian_log	GL05_re_plus	3	0.0625	0.9999509962863007	0.9999418737199929	18804.2694345881	4.430496011902532	0.6313143854586458	4.475248905342726	3.785754004670714e+29
inverse_jacobian_log	GL06_re_minus	4	8.0	0.9961721817724385	0.9994397826526118	1022.1334538298125	-0.016170155862146384	-0.02033578584216308	0.02598111095439199	9.321349400674864e+25
inverse_jacobian_log	GL06_re_minus	4	4.0	0.9980860908862192	0.9997198913263059	2045.266907659625	-0.045542564540384675	-0.05951358239875377	0.07493992043529508	5.628553179680759e+26
inverse_jacobian_log	GL06_re_minus	4	2.0	0.9990430454431096	0.999859945663153	4091.53381531925	-0.13254232549261025	-0.1791949819410448	0.2228863154162687	3.2684075937610515e+27
inverse_jacobian_log	GL06_re_minus	4	1.0	0.9995215227215548	0.9999299728315765	8184.0676306385	-0.3964203385036855	-0.5525442022734722	0.6800398372488221	1.837726613335523e+28
inverse_jacobian_log	GL06_re_minus	4	0.5	0.9997607613607774	0.9999649864157882	16369.135261277	-1.2134210979044258	-1.7384940999773741	2.1200831343359443	1.0057357248611369e+29
inverse_jacobian_log	GL06_re_minus	4	0.25	0.9998803806803886	0.9999824932078941	32739.270522552062	-3.7888183524170174	-5.5655022655154545	6.732752778401243	5.3788553925597656e+29
inverse_jacobian_log	GL06_re_minus	4	0.125	0.9999401903401943	0.9999912466039471	65479.541045466365	-12.036473186811282	-18.08678178754004	21.725753432433983	2.820191638299335e+30
inverse_jacobian_log	GL06_re_minus	4	0.0625	0.9999700951700972	0.9999956233019736	130960.08209093273	-38.82183056017865	-59.556264325349346	71.0920751450828	1.4533181601122536e+31
inverse_jacobian_log	GL18_bins128_re_minus_im_plus	10	8.0	0.9978084409555681	0.9943233823802338	315.22870548368303	-0.0016217282885542241	0.0018523656013474782	0.002461962827288913	9.278319631935365e+24
inverse_jacobian_log	GL18_bins128_re_minus_im_plus	10	4.0	0.998904220477784	0.9971616911901169	631.4574109673661	-0.004507751164525196	0.0048700051236447855	0.006636020680016355	5.9146545442591765e+25
inverse_jacobian_log	GL18_bins128_re_minus_im_plus	10	2.0	0.999452110238892	0.9985808455950584	1263.9148219347321	-0.01300819226312187	0.01345785942412948	0.018717025571227237	3.590388304474677e+26
inverse_jacobian_log	GL18_bins128_re_minus_im_plus	10	1.0	0.999726055119446	0.9992904227975292	2528.8296438694642	-0.038726594475121695	0.03871723752004803	0.05476105916455909	2.0948963618441293e+27
inverse_jacobian_log	GL18_bins128_re_minus_im_plus	10	0.5	0.999863027559723	0.9996452113987646	5058.6592877389285	-0.11834609436059129	0.11511072979578611	0.165094755109072	1.1830003610241734e+28
inverse_jacobian_log	GL18_bins128_re_minus_im_plus	10	0.25	0.9999315137798614	0.9998226056993823	10118.31857547194	-0.36974584892931983	0.3516663948034722	0.510275656909611	6.499492693267401e+28
inverse_jacobian_log	GL18_bins128_re_minus_im_plus	10	0.125	0.9999657568899307	0.9999113028496911	20237.63715094035	-1.1772009971269928	1.0990354617456701	1.6104909604872994	3.488279921561716e+29
inverse_jacobian_log	GL18_bins128_re_minus_im_plus	10	0.0625	0.9999828784449654	0.9999556514248455	40476.2743018807	-3.8093948668390825	3.501311568962445	5.174038263721115	1.8347622636667542e+30
inverse_jacobian_log	GL14_bins128_im_minus	7	8.0	0.9942848629014955	0.9988316414978806	514.437803064402	-0.0050390138550011595	-0.003533302964115249	0.0061543391576284814	2.0965680094349353e+25
inverse_jacobian_log	GL14_bins128_im_minus	7	4.0	0.9971424314507478	0.9994158207489403	1029.875606128804	-0.015115054032533468	-0.01026138349951524	0.01826912285060588	1.3117042359976387e+26
inverse_jacobian_log	GL14_bins128_im_minus	7	2.0	0.9985712157253739	0.9997079103744702	2060.751212257608	-0.04647078077136816	-0.030693893079113094	0.05569244596758691	7.840683889755279e+26
inverse_jacobian_log	GL14_bins128_im_minus	7	1.0	0.9992856078626869	0.9998539551872351	4122.502424515216	-0.14582207526740357	-0.09407085063925094	0.17353213701007825	4.5161592227413357e+27
inverse_jacobian_log	GL14_bins128_im_minus	7	0.5	0.9996428039313434	0.9999269775936175	8246.00484902501	-0.4655815411313633	-0.2942663401754118	0.5507802196906553	2.5224847610557633e+28
inverse_jacobian_log	GL14_bins128_im_minus	7	0.25	0.9998214019656717	0.9999634887968087	16493.00969805002	-1.5089393641805353	-0.9367630916902544	1.7760695635944674	1.3728595972620375e+29
inverse_jacobian_log	GL14_bins128_im_minus	7	0.125	0.9999107009828359	0.9999817443984044	32987.01939610004	-4.95498542966938	-3.0277412843000744	5.806814780315531	7.3079645526452e+29
inverse_jacobian_log	GL14_bins128_im_minus	7	0.0625	0.9999553504914179	0.9999908721992022	65975.03879253322	-16.460843463827203	-9.917464002416049	19.2175820482141	3.8162802450895386e+30
inverse_jacobian_log	GL06_prob1000_re_plus_im_plus	4	8.0	0.9990793663409665	0.9996466717628181	1957.2189424459768	0.015912939696769598	0.01958981584887186	0.02523851292738415	1.0924968664258088e+27
inverse_jacobian_log	GL06_prob1000_re_plus_im_plus	4	4.0	0.9995396831704833	0.999823335881409	3915.4378848919537	0.05135378297097309	0.06333642854992637	0.08153964806699704	6.240583747298233e+27
inverse_jacobian_log	GL06_prob1000_re_plus_im_plus	4	2.0	0.9997698415852416	0.9999116679407045	7831.875769783907	0.16686795286063463	0.20680625839694378	0.2657324635870493	3.4619907678823747e+28
inverse_jacobian_log	GL06_prob1000_re_plus_im_plus	4	1.0	0.9998849207926208	0.9999558339703523	15664.751539567815	0.5468743755420857	0.6818528294019963	0.8740679971192482	1.8735105310421854e+29
inverse_jacobian_log	GL06_prob1000_re_plus_im_plus	4	0.5	0.9999424603963104	0.9999779169851761	31330.50307913563	1.8084736399605668	2.2689629527533164	2.901511638336002	9.925178747094387e+29
inverse_jacobian_log	GL06_prob1000_re_plus_im_plus	4	0.25	0.9999712301981551	0.9999889584925881	62662.006158237724	6.03380300165849	7.615777422481771	9.716318459766851	5.161699506627443e+30
inverse_jacobian_log	GL06_prob1000_re_plus_im_plus	4	0.125	0.9999856150990776	0.999994479246294	125325.01231647545	20.30268686397336	25.767917836468868	32.805253901220865	2.6412680094254707e+31
inverse_jacobian_log	GL06_prob1000_re_plus_im_plus	4	0.0625	0.9999928075495388	0.999997239623147	250651.0246329509	68.86213161201059	87.83306208217566	111.60931845003441	1.3323455812746287e+32
inverse_jacobian_log	GL17_im_minus	9	8.0	0.9979407690582649	0.9999509714757515	10439.954106128009	0.02267538821934564	-0.018158720948997654	0.029050170006414855	4.2956373461950413e+27
inverse_jacobian_log	GL17_im_minus	9	4.0	0.9989703845291324	0.9999754857378758	20880.908212256018	0.07007176458982697	-0.03826993515159387	0.07984134348343175	2.4321614507615663e+28
inverse_jacobian_log	GL17_im_minus	9	2.0	0.9994851922645662	0.9999877428689379	41762.816424512035	0.2189334035020088	-0.07416140266446775	0.23115308523602865	1.337769992228964e+29
inverse_jacobian_log	GL17_im_minus	9	1.0	0.9997425961322831	0.9999938714344689	83526.63284902407	0.6917619638645961	-0.11371704092756375	0.701046489219598	7.181114280601374e+29
inverse_jacobian_log	GL17_im_minus	9	0.5	0.9998712980661415	0.9999969357172345	167054.26569804648	2.209878798850256	-0.03155463703932761	2.2101040701122048	3.7754582124604566e+30
inverse_jacobian_log	GL17_im_minus	9	0.25	0.9999356490330708	0.9999984678586172	334109.53139609296	7.13414013558725	0.8370760205177002	7.183080936361682	1.9495681335026141e+31
inverse_jacobian_log	GL17_im_minus	9	0.125	0.9999678245165354	0.9999992339293087	668220.0628395075	23.261067516745136	5.451038930067487	23.891234531427777	9.910240092406742e+31
inverse_jacobian_log	GL17_im_minus	9	0.0625	0.9999839122582677	0.9999996169646543	1336441.1256789076	76.55522224807311	25.987643822317605	80.84590085395493	4.968372800113051e+32
