mode	label	channel	graph	scale	mean_radius	re	im	abs	jacobian
summed	GL06_prob1000	None	4	16.0	978.1094712229884	0.002451783543381559	0.0009615854618137103	0.002633607629083748	3.996057410090965e+40
summed	GL06_prob1000	None	4	8.0	1957.2189424459768	0.004918465653315659	0.0019296710601876138	0.005283458600516467	1.0256035185859069e+43
summed	GL06_prob1000	None	4	4.0	3915.4378848919537	0.009851751226018873	0.003865815593275505	0.010583077644077662	2.6288939019144502e+45
summed	GL06_prob1000	None	4	2.0	7831.875769783907	0.01971828315453956	0.007738091352000764	0.02118227439002969	6.7342578443981054e+47
summed	GL06_prob1000	None	4	1.0	15664.751539567815	0.039451327429758765	0.015482636222469245	0.04238064723865544	1.7245192422561031e+50
summed	GL06_prob1000	None	4	0.5	31330.50307913563	0.07891740619793441	0.030971722640511953	0.08477738262255198	4.415472397453225e+52
summed	GL06_prob1000	None	4	0.25	62662.006158237724	0.15784955884094734	0.06194989379474985	0.16957084822416404	1.1304509428405329e+55
summed	GL06_prob1000	None	4	0.125	125325.01231647545	0.31571386159724685	0.12390623545002495	0.3391577768355645	2.89406963014054e+57
summed	GL06_prob1000	None	4	0.0625	250651.0246329509	0.6314424659819184	0.24781891775328266	0.6783316326412432	7.408965733324158e+59
summed	GL14_bins128_im_minus	None	7	16.0	256.718901532201	-6.694415632146997e-05	-0.0006211348073908534	0.0006247319177199657	2.200284184738489e+35
summed	GL14_bins128_im_minus	None	7	8.0	514.437803064402	-0.00013184473947368698	-0.0012330715946228734	0.0012401002349780763	5.711397540247004e+37
summed	GL14_bins128_im_minus	None	7	4.0	1029.875606128804	-0.00026167984883554386	-0.0024570291627901445	0.002470924654878783	1.4722547057608434e+40
summed	GL14_bins128_im_minus	None	7	2.0	2060.751212257608	-0.0005213668954730291	-0.0049049858616232464	0.004932616926380876	3.781990428451858e+42
summed	GL14_bins128_im_minus	None	7	1.0	4122.502424515216	-0.0010407493665741789	-0.009800919933238762	0.00985602307128902	9.698586648779306e+44
summed	GL14_bins128_im_minus	None	7	0.5	8246.00484902501	-0.0020795184883879566	-0.01959279838673196	0.019702846133659822	2.484976418593825e+47
summed	GL14_bins128_im_minus	None	7	0.25	16493.00969805002	-0.0041570588212307994	-0.039176560442565365	0.03939649763815497	6.36427770691768e+49
summed	GL14_bins128_im_minus	None	7	0.125	32987.01939610004	-0.008312140527242514	-0.07834408712622942	0.0787838033341045	1.629605639108542e+52
summed	GL14_bins128_im_minus	None	7	0.0625	65975.03879253322	-0.016622304461380806	-0.15667914177649178	0.1575584160666286	4.1722391816774216e+54
summed	GL18_re_plus_80M	None	10	16.0	2056.2006895537943	0.0152870582244649	0.016788476117128096	0.02270566183782275	3.3195220803022064e+43
summed	GL18_re_plus_80M	None	10	8.0	4113.401379107589	0.030537192010173395	0.03356009324177172	0.0453740008624169	8.506464555648617e+45
summed	GL18_re_plus_80M	None	10	4.0	8227.802758215177	0.06103749166300265	0.06710332766917625	0.09071070484120357	2.1787419990607044e+48
summed	GL18_re_plus_80M	None	10	2.0	16456.605516430354	0.12203810700073445	0.13418979662055505	0.18138412575908797	5.578971358086577e+50
summed	GL18_re_plus_80M	None	10	1.0	32914.21103286071	0.24403934568704094	0.2683627345697078	0.36273097406906196	1.4283948480430382e+53
summed	GL18_re_plus_80M	None	10	0.5	65829.42206563668	0.4880418270722866	0.5367086104556086	0.7254246739043592	3.65691889768933e+55
summed	GL18_re_plus_80M	None	10	0.25	131659.84413192148	0.976046791817718	1.0734003623103947	1.4508120752274385	9.362004339589753e+57
summed	GL18_re_plus_80M	None	10	0.125	263320.68826519884	1.9520567225320429	2.1467838659150495	2.9015868787502654	2.3967104827345258e+60
summed	GL18_re_plus_80M	None	10	0.0625	526642.3765146042	3.904076583739414	4.293550873069839	5.803136485672312	6.135626670534234e+62
selected_channel	GL06_prob1000	0	4	16.0	978.1094712229884	0.0003362486962784766	5.293677237458492e-05	0.00034039019906338935	3.996057410090965e+40
selected_channel	GL06_prob1000	0	4	8.0	1957.2189424459768	0.000672777134163574	0.00010651968765756937	0.000681157482607376	1.0256035185859069e+43
selected_channel	GL06_prob1000	0	4	4.0	3915.4378848919537	0.0013458320639884317	0.0002136836127305629	0.0013626902182113686	2.6288939019144502e+45
selected_channel	GL06_prob1000	0	4	2.0	7831.875769783907	0.0026919409518728764	0.00042801051166761284	0.0027257547737219905	6.7342578443981054e+47
selected_channel	GL06_prob1000	0	4	1.0	15664.751539567815	0.005384158242031795	0.0008566638343523703	0.00545188342688343	1.7245192422561031e+50
selected_channel	GL06_prob1000	0	4	0.5	31330.50307913563	0.010768592579867058	0.0017139702421156374	0.010904140504506799	4.415472397453225e+52
selected_channel	GL06_prob1000	0	4	0.25	62662.006158237724	0.021537461134218446	0.0034285829371469537	0.021808654545039347	1.1304509428405329e+55
selected_channel	GL06_prob1000	0	4	0.125	125325.01231647545	0.04307519817901877	0.006857808278849041	0.04361768256740828	2.89406963014054e+57
selected_channel	GL06_prob1000	0	4	0.0625	250651.0246329509	0.08615067221015438	0.01371625895436294	0.08723573855917428	7.408965733324158e+59
selected_channel	GL06_prob1000	1	4	16.0	978.1094712229884	0.0002974152177682117	0.0007258596067629937	0.0007844284419182164	3.996057410090965e+40
selected_channel	GL06_prob1000	1	4	8.0	1957.2189424459768	0.0005986005937639408	0.0014540762130545294	0.0015724694923036006	1.0256035185859069e+43
selected_channel	GL06_prob1000	1	4	4.0	3915.4378848919537	0.0012009448379572605	0.002910497880058853	0.00314853401024084	2.6288939019144502e+45
selected_channel	GL06_prob1000	1	4	2.0	7831.875769783907	0.0024056201171140795	0.0058233354483922676	0.0063006542432009335	6.7342578443981054e+47
selected_channel	GL06_prob1000	1	4	1.0	15664.751539567815	0.004814964082252368	0.011649007704121278	0.012604890305117982	1.7245192422561031e+50
selected_channel	GL06_prob1000	1	4	0.5	31330.50307913563	0.00963364871713174	0.023300350775748237	0.025213360225840694	4.415472397453225e+52
selected_channel	GL06_prob1000	1	4	0.25	62662.006158237724	0.019271016349325966	0.04660303619900464	0.050430298968990116	1.1304509428405329e+55
selected_channel	GL06_prob1000	1	4	0.125	125325.01231647545	0.03854575078502049	0.0932084066708076	0.10086417588862538	2.89406963014054e+57
selected_channel	GL06_prob1000	1	4	0.0625	250651.0246329509	0.07709521925439011	0.1864191473856389	0.20173192941096618	7.408965733324158e+59
selected_channel	GL06_prob1000	2	4	16.0	978.1094712229884	0.0003364901819736994	5.276802881015316e-05	0.00034060256521230504	3.996057410090965e+40
selected_channel	GL06_prob1000	2	4	8.0	1957.2189424459768	0.0006730185353099838	0.00010635121643099547	0.0006813695987547055	1.0256035185859069e+43
selected_channel	GL06_prob1000	2	4	4.0	3915.4378848919537	0.0013460734224166582	0.00021351527730700972	0.0013629022093239061	2.6288939019144502e+45
selected_channel	GL06_prob1000	2	4	2.0	7831.875769783907	0.002692182288869164	0.0004278422440032814	0.0027259667023378283	6.7342578443981054e+47
selected_channel	GL06_prob1000	2	4	1.0	15664.751539567815	0.0053843995683189715	0.0008564956005624044	0.005452095324285543	1.7245192422561031e+50
selected_channel	GL06_prob1000	2	4	0.5	31330.50307913563	0.0107688339009871	0.0017138020247969659	0.010904352386421085	4.415472397453225e+52
selected_channel	GL06_prob1000	2	4	0.25	62662.006158237724	0.02153770245077456	0.0034284147324993184	0.021808866417953016	1.1304509428405329e+55
selected_channel	GL06_prob1000	2	4	0.125	125325.01231647545	0.043075439506950475	0.006857640057716658	0.04361789444572204	2.89406963014054e+57
selected_channel	GL06_prob1000	2	4	0.0625	250651.0246329509	0.08615091353992875	0.013716090742474735	0.08723595043913994	7.408965733324158e+59
selected_channel	GL06_prob1000	3	4	16.0	978.1094712229884	0.0003365165509526714	5.288253302867801e-05	0.00034064637289219906	3.996057410090965e+40
selected_channel	GL06_prob1000	3	4	8.0	1957.2189424459768	0.0006730448890191077	0.00010646579399913683	0.000681413521972238	1.0256035185859069e+43
selected_channel	GL06_prob1000	3	4	4.0	3915.4378848919537	0.0013460997686142052	0.00021362989136453455	0.0013629461902612441	2.6288939019144502e+45
selected_channel	GL06_prob1000	3	4	2.0	7831.875769783907	0.002692208631303292	0.00042795687632482006	0.002726010712095175	6.7342578443981054e+47
selected_channel	GL06_prob1000	3	4	1.0	15664.751539567815	0.0053844259089580225	0.0008566102420461676	0.005452139348534373	1.7245192422561031e+50
selected_channel	GL06_prob1000	3	4	0.5	31330.50307913563	0.01076886024018036	0.0017139166713765342	0.010904396417452908	4.415472397453225e+52
selected_channel	GL06_prob1000	3	4	0.25	62662.006158237724	0.021537728788625695	0.0034285293835518097	0.02180891045206693	1.1304509428405329e+55
selected_channel	GL06_prob1000	3	4	0.125	125325.01231647545	0.043075465842226025	0.006857754713770474	0.043617938479930736	2.89406963014054e+57
selected_channel	GL06_prob1000	3	4	0.0625	250651.0246329509	0.08615093988572303	0.013716205411790229	0.08723599448674776	7.408965733324158e+59
selected_channel	GL06_prob1000	4	4	16.0	978.1094712229884	0.00033629341022195936	5.3034226309345254e-05	0.00034044953652332365	3.996057410090965e+40
selected_channel	GL06_prob1000	4	4	8.0	1957.2189424459768	0.000672821797418229	0.0001066171341801672	0.0006812168409411853	1.0256035185859069e+43
selected_channel	GL06_prob1000	4	4	4.0	3915.4378848919537	0.001345876701887458	0.0002137810553966204	0.0013627495868023423	2.6288939019144502e+45
selected_channel	GL06_prob1000	4	4	2.0	7831.875769783907	0.002691985577166514	0.00042810795229022335	0.0027258141474588208	6.7342578443981054e+47
selected_channel	GL06_prob1000	4	4	1.0	15664.751539567815	0.00538420286088774	0.0008567612741288117	0.005451942803078417	1.7245192422561031e+50
selected_channel	GL06_prob1000	4	4	0.5	31330.50307913563	0.010768637195463414	0.0017140676811219237	0.010904199881833826	4.415472397453225e+52
selected_channel	GL06_prob1000	4	4	0.25	62662.006158237724	0.02153750574706615	0.0034286803793227116	0.021808713922385703	1.1304509428405329e+55
selected_channel	GL06_prob1000	4	4	0.125	125325.01231647545	0.04307524280666053	0.006857905705083687	0.04361774195797599	2.89406963014054e+57
selected_channel	GL06_prob1000	4	4	0.0625	250651.0246329509	0.08615071682399811	0.013716356404385378	0.08723579794041454	7.408965733324158e+59
selected_channel	GL06_prob1000	5	4	16.0	978.1094712229884	0.0003365348438894694	5.286536187822578e-05	0.00034066177895124267	3.996057410090965e+40
selected_channel	GL06_prob1000	5	4	8.0	1957.2189424459768	0.0006730631725985703	0.00010644860261309645	0.0006814288952684159	1.0256035185859069e+43
selected_channel	GL06_prob1000	5	4	4.0	3915.4378848919537	0.0013461180473460165	0.00021361268982061655	0.001362961547015561	2.6288939019144502e+45
selected_channel	GL06_prob1000	5	4	2.0	7831.875769783907	0.002692226907640661	0.0004279396696325798	0.0027260260605998683	6.7342578443981054e+47
selected_channel	GL06_prob1000	5	4	1.0	15664.751539567815	0.005384444184073756	0.0008565930325466399	0.005452154692854298	1.7245192422561031e+50
selected_channel	GL06_prob1000	5	4	0.5	31330.50307913563	0.01076887851487526	0.0017138994602445786	0.010904411759832285	4.415472397453225e+52
selected_channel	GL06_prob1000	5	4	0.25	62662.006158237724	0.021537747063861235	0.00342851216881995	0.021808925793780163	1.1304509428405329e+55
selected_channel	GL06_prob1000	5	4	0.125	125325.01231647545	0.04307548411200622	0.006857737512045488	0.043617953817984355	2.89406963014054e+57
selected_channel	GL06_prob1000	5	4	0.0625	250651.0246329509	0.08615095815500924	0.013716188189014773	0.08723600982084533	7.408965733324158e+59
selected_channel	GL06_prob1000	6	4	16.0	978.1094712229884	0.00029638777519010076	0.0007264193969539062	0.0007845577439252095	3.996057410090965e+40
selected_channel	GL06_prob1000	6	4	8.0	1957.2189424459768	0.0005975713226481419	0.001454636053917603	0.0015725957951770143	1.0256035185859069e+43
selected_channel	GL06_prob1000	6	4	4.0	3915.4378848919537	0.0011999146598882099	0.002911057741880157	0.0031486588204464195	2.6288939019144502e+45
selected_channel	GL06_prob1000	6	4	2.0	7831.875769783907	0.002404589487452471	0.00582389531961374	0.006300778308827074	6.7342578443981054e+47
selected_channel	GL06_prob1000	6	4	1.0	15664.751539567815	0.004813933226247062	0.011649567580131224	0.012605013998834349	1.7245192422561031e+50
selected_channel	GL06_prob1000	6	4	0.5	31330.50307913563	0.009632617750791541	0.02330091065273161	0.025213483733499537	4.415472397453225e+52
selected_channel	GL06_prob1000	6	4	0.25	62662.006158237724	0.019269985317341715	0.04660359607661811	0.05043042237978124	1.1304509428405329e+55
selected_channel	GL06_prob1000	6	4	0.125	125325.01231647545	0.0385447197340633	0.09320896658158127	0.10086429928663473	2.89406963014054e+57
selected_channel	GL06_prob1000	6	4	0.0625	250651.0246329509	0.07709418820822948	0.18641970726835586	0.2017320527667961	7.408965733324158e+59
selected_channel	GL06_prob1000	7	4	16.0	978.1094712229884	0.0003365348438894694	5.286536187822578e-05	0.00034066177895124267	3.996057410090965e+40
selected_channel	GL06_prob1000	7	4	8.0	1957.2189424459768	0.0006730631725985703	0.00010644860261309645	0.0006814288952684159	1.0256035185859069e+43
selected_channel	GL06_prob1000	7	4	4.0	3915.4378848919537	0.0013461180473460165	0.00021361268982061655	0.001362961547015561	2.6288939019144502e+45
selected_channel	GL06_prob1000	7	4	2.0	7831.875769783907	0.002692226907640661	0.0004279396696325798	0.0027260260605998683	6.7342578443981054e+47
selected_channel	GL06_prob1000	7	4	1.0	15664.751539567815	0.005384444184073756	0.0008565930325466399	0.005452154692854298	1.7245192422561031e+50
selected_channel	GL06_prob1000	7	4	0.5	31330.50307913563	0.01076887851487526	0.0017138994602445786	0.010904411759832285	4.415472397453225e+52
selected_channel	GL06_prob1000	7	4	0.25	62662.006158237724	0.021537747063861235	0.00342851216881995	0.021808925793780163	1.1304509428405329e+55
selected_channel	GL06_prob1000	7	4	0.125	125325.01231647545	0.04307548411200622	0.006857737512045488	0.043617953817984355	2.89406963014054e+57
selected_channel	GL06_prob1000	7	4	0.0625	250651.0246329509	0.08615095815500924	0.013716188189014773	0.08723600982084533	7.408965733324158e+59
selected_channel	GL06_prob1000	8	4	16.0	978.1094712229884	6.0388524515608354e-05	-0.00014991210718903582	0.00016161811091282188	3.996057410090965e+40
selected_channel	GL06_prob1000	8	4	8.0	1957.2189424459768	0.00012145871012514707	-0.00030066190237958195	0.000324268095574902	1.0256035185859069e+43
selected_channel	GL06_prob1000	8	4	4.0	3915.4378848919537	0.0002435962212488607	-0.0006021584429070825	0.0006495643997103029	2.6288939019144502e+45
selected_channel	GL06_prob1000	8	4	2.0	7831.875769783907	0.00048786981745547624	-0.0012051500016737572	0.0013001551773993351	6.7342578443981054e+47
selected_channel	GL06_prob1000	8	4	1.0	15664.751539567815	0.0009764162976581432	-0.002411132358760463	0.002601335817958579	1.7245192422561031e+50
selected_channel	GL06_prob1000	8	4	0.5	31330.50307913563	0.0019535089017201483	-0.0048230966950411494	0.005203696643619487	4.415472397453225e+52
selected_channel	GL06_prob1000	8	4	0.25	62662.006158237724	0.003907693941739465	-0.009647025186171608	0.010408418077927917	1.1304509428405329e+55
selected_channel	GL06_prob1000	8	4	0.125	125325.01231647545	0.007816063903331089	-0.01929488200151366	0.020817860754488944	2.89406963014054e+57
selected_channel	GL06_prob1000	8	4	0.0625	250651.0246329509	0.015632803745176713	-0.038590595698682145	0.04163674614225223	7.408965733324158e+59
selected_channel	GL06_prob1000	9	4	16.0	978.1094712229884	-0.0002010129668592075	-0.000103618240749633	0.00022614807684698482	3.996057410090965e+40
selected_channel	GL06_prob1000	9	4	8.0	1957.2189424459768	-0.00040058180887466723	-0.00020704279674658646	0.00045092405711599456	1.0256035185859069e+43
selected_channel	GL06_prob1000	9	4	4.0	3915.4378848919537	-0.0007997224996956191	-0.00041389168436334827	0.0009004789852653637	2.6288939019144502e+45
selected_channel	GL06_prob1000	9	4	2.0	7831.875769783907	-0.0015980053819857462	-0.000827589347968259	0.0017995903227473577	6.7342578443981054e+47
selected_channel	GL06_prob1000	9	4	1.0	15664.751539567815	-0.003194571896054355	-0.0016549846192459848	0.003597813737396795	1.7245192422561031e+50
selected_channel	GL06_prob1000	9	4	0.5	31330.50307913563	-0.006387705300941405	-0.0033097751326440087	0.007194260937743612	4.415472397453225e+52
selected_channel	GL06_prob1000	9	4	0.25	62662.006158237724	-0.01277397229084951	-0.006619356153251659	0.014387155520497498	1.1304509428405329e+55
selected_channel	GL06_prob1000	9	4	0.125	125325.01231647545	-0.025546506372847506	-0.013238518179229495	0.02877294478220344	2.89406963014054e+57
selected_channel	GL06_prob1000	9	4	0.0625	250651.0246329509	-0.05109157459845244	-0.026476842313277762	0.057544523404329334	7.408965733324158e+59
selected_channel	GL06_prob1000	10	4	16.0	978.1094712229884	6.032916975039584e-05	-0.00015041748721939557	0.00016206489189262772	3.996057410090965e+40
selected_channel	GL06_prob1000	10	4	8.0	1957.2189424459768	0.00012139925874217147	-0.0003011664949571137	0.0003247137781306822	1.0256035185859069e+43
selected_channel	GL06_prob1000	10	4	4.0	3915.4378848919537	0.00024353672209273235	-0.0006026626421874133	0.0006500095347731346	2.6288939019144502e+45
selected_channel	GL06_prob1000	10	4	2.0	7831.875769783907	0.0004878102945067942	-0.00120565400453126	0.001300600039239223	6.7342578443981054e+47
selected_channel	GL06_prob1000	10	4	1.0	15664.751539567815	0.0009763567629275281	-0.0024116362640141677	0.002601780543862709	1.7245192422561031e+50
selected_channel	GL06_prob1000	10	4	0.5	31330.50307913563	0.001953449361342766	-0.004823600548359125	0.005204141298760144	4.415472397453225e+52
selected_channel	GL06_prob1000	10	4	0.25	62662.006158237724	0.003907634389557992	-0.009647529012452917	0.010408862693329038	1.1304509428405329e+55
selected_channel	GL06_prob1000	10	4	0.125	125325.01231647545	0.007816004353881106	-0.019295385866752068	0.020818305401899162	2.89406963014054e+57
selected_channel	GL06_prob1000	10	4	0.0625	250651.0246329509	0.015632744214123244	-0.03859109953990434	0.041637190771748864	7.408965733324158e+59
selected_channel	GL06_prob1000	11	4	16.0	978.1094712229884	6.035946560256032e-05	-0.0001502672930780091	0.00016193679154787198	3.996057410090965e+40
selected_channel	GL06_prob1000	11	4	8.0	1957.2189424459768	0.00012142956101345073	-0.00030101651516353377	0.00032458601431533876	1.0256035185859069e+43
selected_channel	GL06_prob1000	11	4	4.0	3915.4378848919537	0.0002435670273441039	-0.0006025127693609937	0.0006498819385490702	2.6288939019144502e+45
selected_channel	GL06_prob1000	11	4	2.0	7831.875769783907	0.00048784060103463896	-0.001205504185076502	0.001300472526528261	6.7342578443981054e+47
selected_channel	GL06_prob1000	11	4	1.0	15664.751539567815	0.0009763870700786021	-0.002411486470582715	0.002601653072263894	1.7245192422561031e+50
selected_channel	GL06_prob1000	11	4	0.5	31330.50307913563	0.0019534796711711553	-0.0048234507695444385	0.005204013850087046	4.415472397453225e+52
selected_channel	GL06_prob1000	11	4	0.25	62662.006158237724	0.003907664698105801	-0.009647379233509916	0.010408735248241291	1.1304509428405329e+55
selected_channel	GL06_prob1000	11	4	0.125	125325.01231647545	0.007816034618217583	-0.0192952360380968	0.020818177896229178	2.89406963014054e+57
selected_channel	GL06_prob1000	11	4	0.0625	250651.0246329509	0.015632774640946024	-0.03859094985034158	0.041637063457047305	7.408965733324158e+59
selected_channel	GL06_prob1000	12	4	16.0	978.1094712229884	6.035946560256032e-05	-0.0001502672930780091	0.00016193679154787198	3.996057410090965e+40
selected_channel	GL06_prob1000	12	4	8.0	1957.2189424459768	0.00012142956101345073	-0.00030101651516353377	0.00032458601431533876	1.0256035185859069e+43
selected_channel	GL06_prob1000	12	4	4.0	3915.4378848919537	0.0002435670273441039	-0.0006025127693609937	0.0006498819385490702	2.6288939019144502e+45
selected_channel	GL06_prob1000	12	4	2.0	7831.875769783907	0.00048784060103463896	-0.001205504185076502	0.001300472526528261	6.7342578443981054e+47
selected_channel	GL06_prob1000	12	4	1.0	15664.751539567815	0.0009763870700786021	-0.002411486470582715	0.002601653072263894	1.7245192422561031e+50
selected_channel	GL06_prob1000	12	4	0.5	31330.50307913563	0.0019534796711711553	-0.0048234507695444385	0.005204013850087046	4.415472397453225e+52
selected_channel	GL06_prob1000	12	4	0.25	62662.006158237724	0.003907664698105801	-0.009647379233509916	0.010408735248241291	1.1304509428405329e+55
selected_channel	GL06_prob1000	12	4	0.125	125325.01231647545	0.007816034618217583	-0.0192952360380968	0.020818177896229178	2.89406963014054e+57
selected_channel	GL06_prob1000	12	4	0.0625	250651.0246329509	0.015632774640946024	-0.03859094985034158	0.041637063457047305	7.408965733324158e+59
selected_channel	GL06_prob1000	13	4	16.0	978.1094712229884	-0.00020106163539441698	-0.00010356340486831984	0.00022616622218049495	3.996057410090965e+40
selected_channel	GL06_prob1000	13	4	8.0	1957.2189424459768	-0.0004006302462240112	-0.00020698801986823094	0.00045094194144976467	1.0256035185859069e+43
selected_channel	GL06_prob1000	13	4	4.0	3915.4378848919537	-0.0007997708217595641	-0.00041383693692363264	0.0009004967394168084	2.6288939019144502e+45
selected_channel	GL06_prob1000	13	4	2.0	7831.875769783907	-0.0015980536465659586	-0.0008275346152300591	0.0017996080119589155	6.7342578443981054e+47
selected_channel	GL06_prob1000	13	4	1.0	15664.751539567815	-0.003194620131773225	-0.0016549298947802474	0.0035978313944608547	1.7245192422561031e+50
selected_channel	GL06_prob1000	13	4	0.5	31330.50307913563	-0.00638775352070114	-0.0033097204127349733	0.007194278577571512	4.415472397453225e+52
selected_channel	GL06_prob1000	13	4	0.25	62662.006158237724	-0.01277402051078719	-0.006619301432137559	0.01438717315734784	1.1304509428405329e+55
selected_channel	GL06_prob1000	13	4	0.125	125325.01231647545	-0.025546554601504932	-0.013238463458185901	0.02877296242553756	2.89406963014054e+57
selected_channel	GL06_prob1000	13	4	0.0625	250651.0246329509	-0.05109162289326345	-0.02647678753920763	0.057544541081355254	7.408965733324158e+59
selected_channel	GL14_bins128_im_minus	0	7	16.0	256.718901532201	-1.866500583933654e-05	-8.324539158713012e-06	2.0437230614430456e-05	2.200284184738489e+35
selected_channel	GL14_bins128_im_minus	0	7	8.0	514.437803064402	-3.729739680173248e-05	-1.6498293063884375e-05	4.0783446178660525e-05	5.711397540247004e+37
selected_channel	GL14_bins128_im_minus	0	7	4.0	1029.875606128804	-7.456013848215919e-05	-3.284664337032912e-05	8.147463550809135e-05	1.4722547057608434e+40
selected_channel	GL14_bins128_im_minus	0	7	2.0	2060.751212257608	-0.00014908461464262248	-6.554376574684109e-05	0.00016285640162860048	3.781990428451858e+42
selected_channel	GL14_bins128_im_minus	0	7	1.0	4122.502424515216	-0.0002981330665757266	-0.00013093822149457863	0.00032561962968164247	9.698586648779306e+44
selected_channel	GL14_bins128_im_minus	0	7	0.5	8246.00484902501	-0.0005962297210446856	-0.0002617272385124834	0.0006511459342086027	2.484976418593825e+47
selected_channel	GL14_bins128_im_minus	0	7	0.25	16493.00969805002	-0.0011924229057034862	-0.0005233053253042791	0.001302198467799038	6.36427770691768e+49
selected_channel	GL14_bins128_im_minus	0	7	0.125	32987.01939610004	-0.0023848092128427676	-0.0010464615252815477	0.002604303497205025	1.629605639108542e+52
selected_channel	GL14_bins128_im_minus	0	7	0.0625	65975.03879253322	-0.004769581793643448	-0.0020927739384960925	0.00520851353496403	4.1722391816774216e+54
selected_channel	GL14_bins128_im_minus	1	7	16.0	256.718901532201	-1.856877237847586e-05	-8.272757271961893e-06	2.0328251782296637e-05	2.200284184738489e+35
selected_channel	GL14_bins128_im_minus	1	7	8.0	514.437803064402	-3.720115261346347e-05	-1.6446776954685662e-05	4.067458946280072e-05	5.711397540247004e+37
selected_channel	GL14_bins128_im_minus	1	7	4.0	1029.875606128804	-7.44638897903405e-05	-3.2795260415570544e-05	8.136584042725217e-05	1.4722547057608434e+40
selected_channel	GL14_bins128_im_minus	1	7	2.0	2060.751212257608	-0.0001489883639103054	-6.549244943292633e-05	0.00016274763750480066	3.781990428451858e+42
selected_channel	GL14_bins128_im_minus	1	7	1.0	4122.502424515216	-0.00029803681485962954	-0.0001308869385181509	0.000325510881056728	9.698586648779306e+44
selected_channel	GL14_bins128_im_minus	1	7	0.5	8246.00484902501	-0.0005961334688869466	-0.00026167597220637357	0.0006510371933747986	2.484976418593825e+47
selected_channel	GL14_bins128_im_minus	1	7	0.25	16493.00969805002	-0.0011923266532180166	-0.0005232540673392666	0.001302089730764037	6.36427770691768e+49
selected_channel	GL14_bins128_im_minus	1	7	0.125	32987.01939610004	-0.002384712960126035	-0.001046410271491531	0.0026041947620091812	1.629605639108542e+52
selected_channel	GL14_bins128_im_minus	1	7	0.0625	65975.03879253322	-0.004769485540350821	-0.002092722686925341	0.005208404800319151	4.1722391816774216e+54
selected_channel	GL14_bins128_im_minus	2	7	16.0	256.718901532201	-1.8649807364253446e-05	-8.306442551794674e-06	2.041598154853269e-05	2.200284184738489e+35
selected_channel	GL14_bins128_im_minus	2	7	8.0	514.437803064402	-3.7282127097423284e-05	-1.648024809420548e-05	4.0762183186809153e-05	5.711397540247004e+37
selected_channel	GL14_bins128_im_minus	2	7	4.0	1029.875606128804	-7.454483422916727e-05	-3.282862449280144e-05	8.145336639048991e-05	1.4722547057608434e+40
selected_channel	GL14_bins128_im_minus	2	7	2.0	2060.751212257608	-0.0001490692933756242	-6.552575998307016e-05	0.0001628351296522554	3.781990428451858e+42
selected_channel	GL14_bins128_im_minus	2	7	1.0	4122.502424515216	-0.00029811773685841996	-0.00013092022230473566	0.0003255983563194193	9.698586648779306e+44
selected_channel	GL14_bins128_im_minus	2	7	0.5	8246.00484902501	-0.0005962143871010792	-0.0002617092426172713	0.0006511246601516651	2.484976418593825e+47
selected_channel	GL14_bins128_im_minus	2	7	0.25	16493.00969805002	-0.001192407569481093	-0.0005232873310685316	0.001302177193247	6.36427770691768e+49
selected_channel	GL14_bins128_im_minus	2	7	0.125	32987.01939610004	-0.0023847938750344126	-0.001046443531894482	0.0026042822220038765	1.629605639108542e+52
selected_channel	GL14_bins128_im_minus	2	7	0.0625	65975.03879253322	-0.004769566453108446	-0.0020927559457145587	0.005208492257740345	4.1722391816774216e+54
selected_channel	GL14_bins128_im_minus	3	7	16.0	256.718901532201	-1.8553688191086373e-05	-8.254754781393576e-06	2.0307149528995892e-05	2.200284184738489e+35
selected_channel	GL14_bins128_im_minus	3	7	8.0	514.437803064402	-3.718594014964334e-05	-1.6428778979792257e-05	4.065339990184979e-05	5.711397540247004e+37
selected_channel	GL14_bins128_im_minus	3	7	4.0	1029.875606128804	-7.444861418127495e-05	-3.2777265019397244e-05	8.134460803067488e-05	1.4722547057608434e+40
selected_channel	GL14_bins128_im_minus	3	7	2.0	2060.751212257608	-0.00014897305697375284	-6.5474455405579e-05	0.00016272638389260103	3.781990428451858e+42
selected_channel	GL14_bins128_im_minus	3	7	1.0	4122.502424515216	-0.00029802149233159377	-0.00013086894519342805	0.0003254896168967463	9.698586648779306e+44
selected_channel	GL14_bins128_im_minus	3	7	0.5	8246.00484902501	-0.0005961181385233685	-0.00026165797924395013	0.0006510159239055474	2.484976418593825e+47
selected_channel	GL14_bins128_im_minus	3	7	0.25	16493.00969805002	-0.0011923113185920268	-0.0005232360745864086	0.0013020684583351413	6.36427770691768e+49
selected_channel	GL14_bins128_im_minus	3	7	0.125	32987.01939610004	-0.002384697623885856	-0.0010463922787810715	0.0026041734885486204	1.629605639108542e+52
selected_channel	GL14_bins128_im_minus	3	7	0.0625	65975.03879253322	-0.004769470203188135	-0.002092704694256377	0.005208383526245177	4.1722391816774216e+54
selected_channel	GL14_bins128_im_minus	4	7	16.0	256.718901532201	-3.6319867182155866e-05	2.0181076763757625e-05	4.155007354354648e-05	2.200284184738489e+35
selected_channel	GL14_bins128_im_minus	4	7	8.0	514.437803064402	-7.158265454435655e-05	4.039131174828945e-05	8.219205859670503e-05	5.711397540247004e+37
selected_channel	GL14_bins128_im_minus	4	7	4.0	1029.875606128804	-0.00014212111039405397	8.080714366450083e-05	0.00016348762793206754	1.4722547057608434e+40
selected_channel	GL14_bins128_im_minus	4	7	2.0	2060.751212257608	-0.00028320442072859124	0.00016163653017151346	0.0003260845163544315	3.781990428451858e+42
selected_channel	GL14_bins128_im_minus	4	7	1.0	4122.502424515216	-0.0005653742301236756	0.0003232941747805141	0.0006512811555196055	9.698586648779306e+44
selected_channel	GL14_bins128_im_minus	4	7	0.5	8246.00484902501	-0.001129715440637222	0.0006466089023368191	0.001301675861877825	2.484976418593825e+47
selected_channel	GL14_bins128_im_minus	4	7	0.25	16493.00969805002	-0.0022583986567107804	0.0012932380771829117	0.0026024659876564787	6.36427770691768e+49
selected_channel	GL14_bins128_im_minus	4	7	0.125	32987.01939610004	-0.004515765486093814	0.002586496287170568	0.005204046595577641	1.629605639108542e+52
selected_channel	GL14_bins128_im_minus	4	7	0.0625	65975.03879253322	-0.009030499343817893	0.005173012636838369	0.010407207989637991	4.1722391816774216e+54
selected_channel	GL14_bins128_im_minus	5	7	16.0	256.718901532201	-1.8535346698960737e-05	-8.255867118120836e-06	2.029084569757366e-05	2.200284184738489e+35
selected_channel	GL14_bins128_im_minus	5	7	8.0	514.437803064402	-3.716757659556834e-05	-1.642996429670211e-05	4.063708253280919e-05	5.711397540247004e+37
selected_channel	GL14_bins128_im_minus	5	7	4.0	1029.875606128804	-7.443024016527369e-05	-3.2778486439434553e-05	8.13282842824101e-05	1.4722547057608434e+40
selected_channel	GL14_bins128_im_minus	5	7	2.0	2060.751212257608	-0.00014895467786784782	-6.547569478123816e-05	0.00016271005705180048	3.781990428451858e+42
selected_channel	GL14_bins128_im_minus	5	7	1.0	4122.502424515216	-0.0002980031107289311	-0.0001308701935222029	0.00032547328854555546	9.698586648779306e+44
selected_channel	GL14_bins128_im_minus	5	7	0.5	8246.00484902501	-0.0005960997557057626	-0.0002616592320395764	0.0006509995948263031	2.484976418593825e+47
selected_channel	GL14_bins128_im_minus	5	7	0.25	16493.00969805002	-0.0011922929351326236	-0.0005232373296168607	0.0013020521288611105	6.36427770691768e+49
selected_channel	GL14_bins128_im_minus	5	7	0.125	32987.01939610004	-0.002384679239477157	-0.0010463935349808399	0.0026041571583226408	1.629605639108542e+52
selected_channel	GL14_bins128_im_minus	5	7	0.0625	65975.03879253322	-0.004769451819916408	-0.0020927059509769563	0.005208367197093376	4.1722391816774216e+54
selected_channel	GL14_bins128_im_minus	6	7	16.0	256.718901532201	-3.6129829916215624e-05	2.0257394060551435e-05	4.1421330542356244e-05	2.200284184738489e+35
selected_channel	GL14_bins128_im_minus	6	7	8.0	514.437803064402	-7.139465663693501e-05	4.04653594252975e-05	8.206486647600398e-05	5.711397540247004e+37
selected_channel	GL14_bins128_im_minus	6	7	4.0	1029.875606128804	-0.00014193412179610692	8.08800717792317e-05	0.00016336119778284495	1.4722547057608434e+40
selected_channel	GL14_bins128_im_minus	6	7	2.0	2060.751212257608	-0.0002830179342361094	0.00016170890229204822	0.0003259584638873087	3.781990428451858e+42
selected_channel	GL14_bins128_im_minus	6	7	1.0	4122.502424515216	-0.0005651879940541572	0.0003233662698502107	0.0006511552910787114	9.698586648779306e+44
selected_channel	GL14_bins128_im_minus	6	7	0.5	8246.00484902501	-0.001129529329600655	0.0006466808591162422	0.0013015500912279274	2.484976418593825e+47
selected_channel	GL14_bins128_im_minus	6	7	0.25	16493.00969805002	-0.0022582126081049426	0.0012933099648858918	0.0026023402638158744	6.36427770691768e+49
selected_channel	GL14_bins128_im_minus	6	7	0.125	32987.01939610004	-0.004515579468846925	0.00258656814024981	0.005203920895212305	1.629605639108542e+52
selected_channel	GL14_bins128_im_minus	6	7	0.0625	65975.03879253322	-0.009030313343657318	0.005173084472984354	0.010407082302416331	4.1722391816774216e+54
selected_channel	GL14_bins128_im_minus	7	7	16.0	256.718901532201	-3.6021992737298724e-05	2.0203059092302892e-05	4.130069681558756e-05	2.200284184738489e+35
selected_channel	GL14_bins128_im_minus	7	7	8.0	514.437803064402	-7.128725492814405e-05	4.041210476406712e-05	8.194517024603789e-05	5.711397540247004e+37
selected_channel	GL14_bins128_im_minus	7	7	4.0	1029.875606128804	-0.00014182694086187081	8.082734981386134e-05	0.0001632419726423597	1.4722547057608434e+40
selected_channel	GL14_bins128_im_minus	7	7	2.0	2060.751212257608	-0.00028291086442358337	0.0001616564448257018	0.00032583947483781693	3.781990428451858e+42
selected_channel	GL14_bins128_im_minus	7	7	1.0	4122.502424515216	-0.0005650809799581365	0.0003233139441659463	0.0006510364201813817	9.698586648779306e+44
selected_channel	GL14_bins128_im_minus	7	7	0.5	8246.00484902501	-0.0011294223434644742	0.0006466285992188182	0.0013014312794936487	2.484976418593825e+47
selected_channel	GL14_bins128_im_minus	7	7	0.25	16493.00969805002	-0.0022581056363228705	0.0012932577379553894	0.002602221482036955	6.36427770691768e+49
selected_channel	GL14_bins128_im_minus	7	7	0.125	32987.01939610004	-0.004515472504084441	0.0025865159297174347	0.005203802128235149	1.629605639108542e+52
selected_channel	GL14_bins128_im_minus	7	7	0.0625	65975.03879253322	-0.009030206381163022	0.005173032271112392	0.010406963541992813	4.1722391816774216e+54
selected_channel	GL14_bins128_im_minus	8	7	16.0	256.718901532201	4.882104084934036e-05	-0.000124190968870148	0.00013344246242676664	2.200284184738489e+35
selected_channel	GL14_bins128_im_minus	8	7	8.0	514.437803064402	9.712765799638078e-05	-0.0002467716144940056	0.00026519806120678944	5.711397540247004e+37
selected_channel	GL14_bins128_im_minus	8	7	4.0	1029.875606128804	0.0001937417416370933	-0.0004919461203917636	0.0005287219002661813	1.4722547057608434e+40
selected_channel	GL14_bins128_im_minus	8	7	2.0	2060.751212257608	0.00038697034113146074	-0.0009823016756300546	0.001055775841199737	3.781990428451858e+42
selected_channel	GL14_bins128_im_minus	8	7	1.0	4122.502424515216	0.0007734277581107132	-0.0019630160420266093	0.0021098868401575425	9.698586648779306e+44
selected_channel	GL14_bins128_im_minus	8	7	0.5	8246.00484902501	0.0015463427014703042	-0.003924446398848449	0.004218110393034426	2.484976418593825e+47
selected_channel	GL14_bins128_im_minus	8	7	0.25	16493.00969805002	0.0030921726436162335	-0.007847307923601367	0.008434558275674275	6.36427770691768e+49
selected_channel	GL14_bins128_im_minus	8	7	0.125	32987.01939610004	0.006183832551953831	-0.015693031377860354	0.016867454427302107	1.629605639108542e+52
selected_channel	GL14_bins128_im_minus	8	7	0.0625	65975.03879253322	0.012367152391441419	-0.03138447848872766	0.033733246927660915	4.1722391816774216e+54
selected_channel	GL14_bins128_im_minus	9	7	16.0	256.718901532201	4.831082907151369e-05	-0.0001241114455000256	0.00013318253305025715	2.200284184738489e+35
selected_channel	GL14_bins128_im_minus	9	7	8.0	514.437803064402	9.662104253585798e-05	-0.00024669277032827335	0.0002649395191226751	5.711397540247004e+37
selected_channel	GL14_bins128_im_minus	9	7	4.0	1029.875606128804	0.00019323691033894754	-0.0004918676121637225	0.0005284640493098699	1.4722547057608434e+40
selected_channel	GL14_bins128_im_minus	9	7	2.0	2060.751212257608	0.0003864663984511389	-0.0009822233344645558	0.001055518335178724	3.781990428451858e+42
selected_channel	GL14_bins128_im_minus	9	7	1.0	4122.502424515216	0.0007729242588447856	-0.001962937784165757	0.002109629506433851	9.698586648779306e+44
selected_channel	GL14_bins128_im_minus	9	7	0.5	8246.00484902501	0.0015458394239618977	-0.00392436818258431	0.004217853145517863	2.484976418593825e+47
selected_channel	GL14_bins128_im_minus	9	7	0.25	16493.00969805002	0.0030916694754817703	-0.007847229728045661	0.008434301070648907	6.36427770691768e+49
selected_channel	GL14_bins128_im_minus	9	7	0.125	32987.01939610004	0.006183329443230586	-0.015692953192926604	0.016867197245509034	1.629605639108542e+52
selected_channel	GL14_bins128_im_minus	9	7	0.0625	65975.03879253322	0.012366649305746132	-0.0313844003100396	0.033732989755906974	4.1722391816774216e+54
selected_channel	GL14_bins128_im_minus	10	7	16.0	256.718901532201	-2.9914100042781383e-05	-7.19347912359973e-05	7.790678771157266e-05	2.200284184738489e+35
selected_channel	GL14_bins128_im_minus	10	7	8.0	514.437803064402	-5.95030659582661e-05	-0.000142619659343675	0.00015453472777903247	5.711397540247004e+37
selected_channel	GL14_bins128_im_minus	10	7	4.0	1029.875606128804	-0.00011868454753112968	-0.0002840007180237999	0.00030780258228400696	1.4722547057608434e+40
selected_channel	GL14_bins128_im_minus	10	7	2.0	2060.751212257608	-0.00023704926231144142	-0.000566768441718746	0.0006143442188958029	3.781990428451858e+42
selected_channel	GL14_bins128_im_minus	10	7	1.0	4122.502424515216	-0.00047377956197248284	-0.001132306678688762	0.001227430441184352	9.698586648779306e+44
selected_channel	GL14_bins128_im_minus	10	7	0.5	8246.00484902501	-0.0009472405949378912	-0.0022633845440205467	0.0024536043566168913	2.484976418593825e+47
selected_channel	GL14_bins128_im_minus	10	7	0.25	16493.00969805002	-0.0018941628775709215	-0.0045255409696019	0.004905952922146019	6.36427770691768e+49
selected_channel	GL14_bins128_im_minus	10	7	0.125	32987.01939610004	-0.003788007549096589	-0.009049854167869282	0.009810650419402057	1.629605639108542e+52
selected_channel	GL14_bins128_im_minus	10	7	0.0625	65975.03879253322	-0.007575696951084396	-0.018098480736370617	0.019620045597792266	4.1722391816774216e+54
selected_channel	GL14_bins128_im_minus	11	7	16.0	256.718901532201	4.8244368860041457e-05	-0.0001239838948856676	0.0001330395629793033	2.200284184738489e+35
selected_channel	GL14_bins128_im_minus	11	7	8.0	514.437803064402	9.655475039813202e-05	-0.0002465660092772902	0.0002647973125909217	5.711397540247004e+37
selected_channel	GL14_bins128_im_minus	11	7	4.0	1029.875606128804	0.00019317070343197036	-0.0004917412435395483	0.0005283222229494266	1.4722547057608434e+40
selected_channel	GL14_bins128_im_minus	11	7	2.0	2060.751212257608	0.0003864002344497463	-0.0009820971614708826	0.0010553766985072126	3.781990428451858e+42
selected_channel	GL14_bins128_im_minus	11	7	1.0	4122.502424515216	0.0007728581164082964	-0.0019628117088455075	0.0021094879645257997	9.698586648779306e+44
selected_channel	GL14_bins128_im_minus	11	7	0.5	8246.00484902501	0.0015457732921608488	-0.003924242156072465	0.004217711650913805	2.484976418593825e+47
selected_channel	GL14_bins128_im_minus	11	7	0.25	16493.00969805002	0.0030916033492081247	-0.007847103725859783	0.008434159599701525	6.36427770691768e+49
selected_channel	GL14_bins128_im_minus	11	7	0.125	32987.01939610004	0.006183263318358382	-0.01569282720349451	0.01686705578644043	1.629605639108542e+52
selected_channel	GL14_bins128_im_minus	11	7	0.0625	65975.03879253322	0.01236658318027158	-0.031384274326056914	0.03373284830143715	4.1722391816774216e+54
selected_channel	GL14_bins128_im_minus	12	7	16.0	256.718901532201	-2.9715905388245095e-05	-7.207764690950034e-05	7.796295413241945e-05	2.200284184738489e+35
selected_channel	GL14_bins128_im_minus	12	7	8.0	514.437803064402	-5.930740349005359e-05	-0.00014276149612047807	0.00015459046828083966	5.711397540247004e+37
selected_channel	GL14_bins128_im_minus	12	7	4.0	1029.875606128804	-0.00011849013845000022	-0.0002841420491477407	0.00030785811180441115	1.4722547057608434e+40
selected_channel	GL14_bins128_im_minus	12	7	2.0	2060.751212257608	-0.00023685547678531369	-0.0005669095209562148	0.0006143996434194955	3.781990428451858e+42
selected_channel	GL14_bins128_im_minus	12	7	1.0	4122.502424515216	-0.00047358608742778714	-0.0011324476322169244	0.0012274858133269314	9.698586648779306e+44
selected_channel	GL14_bins128_im_minus	12	7	0.5	8246.00484902501	-0.0009470472756334686	-0.0022635254347567234	0.002453659702582122	2.484976418593825e+47
selected_channel	GL14_bins128_im_minus	12	7	0.25	16493.00969805002	-0.0018939696357116124	-0.004525681828959234	0.004906008254983819	6.36427770691768e+49
selected_channel	GL14_bins128_im_minus	12	7	0.125	32987.01939610004	-0.003787814346372434	-0.009049995011914934	0.009810705746187174	1.629605639108542e+52
selected_channel	GL14_bins128_im_minus	12	7	0.0625	65975.03879253322	-0.007575503769839069	-0.01809862157479644	0.019620100924167876	4.1722391816774216e+54
selected_channel	GL14_bins128_im_minus	13	7	16.0	256.718901532201	4.8753920636444154e-05	-0.0001240632290241425	0.0001332990231521654	2.200284184738489e+35
selected_channel	GL14_bins128_im_minus	13	7	8.0	514.437803064402	9.706103841152845e-05	-0.00024664475960753537	0.0002650556217464235	5.711397540247004e+37
selected_channel	GL14_bins128_im_minus	13	7	4.0	1029.875606128804	0.00019367537163782222	-0.0004918197050436308	0.0005285799578571369	1.4722547057608434e+40
selected_channel	GL14_bins128_im_minus	13	7	2.0	2060.751212257608	0.00038690409574981696	-0.000982175479322402	0.0010556341466105448	3.781990428451858e+42
selected_channel	GL14_bins128_im_minus	13	7	1.0	4122.502424515216	0.0007733615749525662	-0.0019628899550587753	0.002109745269288156	9.698586648779306e+44
selected_channel	GL14_bins128_im_minus	13	7	0.5	8246.00484902501	0.0015462765495545458	-0.00392432036650169	0.004217968884029643	2.484976418593825e+47
selected_channel	GL14_bins128_im_minus	13	7	0.25	16493.00969805002	0.003092106507011446	-0.007847181918606267	0.008434416797526885	6.36427770691768e+49
selected_channel	GL14_bins128_im_minus	13	7	0.125	32987.01939610004	0.006183766425075119	-0.015692905386872076	0.016867312965650604	1.629605639108542e+52
selected_channel	GL14_bins128_im_minus	13	7	0.0625	65975.03879253322	0.012367086260929019	-0.03138435250506635	0.033733105471443384	4.1722391816774216e+54
selected_channel	GL18_re_plus_80M	0	10	16.0	2056.2006895537943	0.0010003147656956369	0.002056673158641049	0.0022870360976476227	3.3195220803022064e+43
selected_channel	GL18_re_plus_80M	0	10	8.0	4113.401379107589	0.0019991285404466048	0.004112724968807133	0.004572857048965975	8.506464555648617e+45
selected_channel	GL18_re_plus_80M	0	10	4.0	8227.802758215177	0.003996757187633631	0.008224827017489438	0.009144498208459844	2.1787419990607044e+48
selected_channel	GL18_re_plus_80M	0	10	2.0	16456.605516430354	0.00799201503045905	0.016449030330642028	0.018287780156855143	5.578971358086577e+50
selected_channel	GL18_re_plus_80M	0	10	1.0	32914.21103286071	0.015982530990419786	0.03289743656485029	0.03657434386831946	1.4283948480430382e+53
selected_channel	GL18_re_plus_80M	0	10	0.5	65829.42206563668	0.03196356304768209	0.06579424883562061	0.07314747119721031	3.65691889768933e+55
selected_channel	GL18_re_plus_80M	0	10	0.25	131659.84413192148	0.06392562723615519	0.13158787328662624	0.1462937258177297	9.362004339589753e+57
selected_channel	GL18_re_plus_80M	0	10	0.125	263320.68826519884	0.1278497556653864	0.26317512215913935	0.29258623506101056	2.3967104827345258e+60
selected_channel	GL18_re_plus_80M	0	10	0.0625	526642.3765146042	0.25569801246788665	0.5263496195742193	0.5851712532293029	6.135626670534234e+62
selected_channel	GL18_re_plus_80M	1	10	16.0	2056.2006895537943	0.0010003358563236448	0.0020571353000150127	0.0022874609216366115	3.3195220803022064e+43
selected_channel	GL18_re_plus_80M	1	10	8.0	4113.401379107589	0.001999149583673428	0.004113186822554761	0.004573281633044238	8.506464555648617e+45
selected_channel	GL18_re_plus_80M	1	10	4.0	8227.802758215177	0.0039967782071535125	0.008225288727529536	0.009144922672631065	2.1787419990607044e+48
selected_channel	GL18_re_plus_80M	1	10	2.0	16456.605516430354	0.007992036038184646	0.016449491968745573	0.018288204561013287	5.578971358086577e+50
selected_channel	GL18_re_plus_80M	1	10	1.0	32914.21103286071	0.015982551991990137	0.03289789816771945	0.03657476824301566	1.4283948480430382e+53
selected_channel	GL18_re_plus_80M	1	10	0.5	65829.42206563668	0.031963584048516396	0.06579471041983426	0.07314789555726411	3.65691889768933e+55
selected_channel	GL18_re_plus_80M	1	10	0.25	131659.84413192148	0.06392564823059242	0.1315883348583151	0.14629415016495192	9.362004339589753e+57
selected_channel	GL18_re_plus_80M	1	10	0.125	263320.68826519884	0.12784977659372956	0.26317558364791344	0.29258665930538674	2.3967104827345258e+60
selected_channel	GL18_re_plus_80M	1	10	0.0625	526642.3765146042	0.2556980335466216	0.526350081529179	0.5851716779590265	6.135626670534234e+62
selected_channel	GL18_re_plus_80M	2	10	16.0	2056.2006895537943	0.001001063295476849	0.0020563434734344782	0.002287067161735209	3.3195220803022064e+43
selected_channel	GL18_re_plus_80M	2	10	8.0	4113.401379107589	0.0019998768656078925	0.004112395564426296	0.004572888010426969	8.506464555648617e+45
selected_channel	GL18_re_plus_80M	2	10	4.0	8227.802758215177	0.003997505410351393	0.008224497753659459	0.009144529118863263	2.1787419990607044e+48
selected_channel	GL18_re_plus_80M	2	10	2.0	16456.605516430354	0.007992763201971818	0.01644870113687796	0.018287811041596123	5.578971358086577e+50
selected_channel	GL18_re_plus_80M	2	10	1.0	32914.21103286071	0.015983279135878083	0.032897107407120756	0.036574374740944444	1.4283948480430382e+53
selected_channel	GL18_re_plus_80M	2	10	0.5	65829.42206563668	0.03196431118082126	0.0657939196933688	0.07314750206180548	3.65691889768933e+55
selected_channel	GL18_re_plus_80M	2	10	0.25	131659.84413192148	0.06392637535581201	0.1315875441277108	0.14629375665316138	9.362004339589753e+57
selected_channel	GL18_re_plus_80M	2	10	0.125	263320.68826519884	0.1278505037031802	0.26317479284469536	0.29258626571663476	2.3967104827345258e+60
selected_channel	GL18_re_plus_80M	2	10	0.0625	526642.3765146042	0.2556987605818283	0.5263492904705701	0.5851712841057357	6.135626670534234e+62
selected_channel	GL18_re_plus_80M	3	10	16.0	2056.2006895537943	0.001001084533689329	0.0020568055881089948	0.0022874919608314188	3.3195220803022064e+43
selected_channel	GL18_re_plus_80M	3	10	8.0	4113.401379107589	0.001999897982590808	0.004112857404861712	0.004573312582089333	8.506464555648617e+45
selected_channel	GL18_re_plus_80M	3	10	4.0	8227.802758215177	0.0039975264668003566	0.008224959457002448	0.009144953576815103	2.1787419990607044e+48
selected_channel	GL18_re_plus_80M	3	10	2.0	16456.605516430354	0.007992784228130875	0.016449162771930648	0.018288235442899536	5.578971358086577e+50
selected_channel	GL18_re_plus_80M	3	10	1.0	32914.21103286071	0.01598330014716314	0.032897569007858354	0.036574799113885885	1.4283948480430382e+53
selected_channel	GL18_re_plus_80M	3	10	0.5	65829.42206563668	0.03196433218545997	0.0657943812700661	0.07314792641471976	3.65691889768933e+55
selected_channel	GL18_re_plus_80M	3	10	0.25	131659.84413192148	0.06392639635419448	0.1315880057182085	0.1462941810180051	9.362004339589753e+57
selected_channel	GL18_re_plus_80M	3	10	0.125	263320.68826519884	0.1278505246898707	0.2631752544211709	0.2925866900648819	2.3967104827345258e+60
selected_channel	GL18_re_plus_80M	3	10	0.0625	526642.3765146042	0.25569878158939074	0.5263497523748045	0.585171708758478	6.135626670534234e+62
selected_channel	GL18_re_plus_80M	4	10	16.0	2056.2006895537943	0.0019197882245349616	-0.0004372303579849584	0.001968948250464383	3.3195220803022064e+43
selected_channel	GL18_re_plus_80M	4	10	8.0	4113.401379107589	0.0038340917767068854	-0.0008765096469631545	0.003933005074167949	8.506464555648617e+45
selected_channel	GL18_re_plus_80M	4	10	4.0	8227.802758215177	0.007662704782173137	-0.0017550649915162918	0.007861125727476005	2.1787419990607044e+48
selected_channel	GL18_re_plus_80M	4	10	2.0	16456.605516430354	0.015319933740955253	-0.0035121740653303577	0.01571737053366238	5.578971358086577e+50
selected_channel	GL18_re_plus_80M	4	10	1.0	32914.21103286071	0.03063439313230541	-0.00702639140616375	0.03142986189561215	1.4283948480430382e+53
selected_channel	GL18_re_plus_80M	4	10	0.5	65829.42206563668	0.06126331264641641	-0.014054825687896113	0.06285484548966538	3.65691889768933e+55
selected_channel	GL18_re_plus_80M	4	10	0.25	131659.84413192148	0.12252115204532087	-0.02811169404712793	0.1257048131167298	9.362004339589753e+57
selected_channel	GL18_re_plus_80M	4	10	0.125	263320.68826519884	0.24503683108255117	-0.0562254306086438	0.2514047486307809	2.3967104827345258e+60
selected_channel	GL18_re_plus_80M	4	10	0.0625	526642.3765146042	0.4900681891108145	-0.11245290384455342	0.5028046196699325	6.135626670534234e+62
selected_channel	GL18_re_plus_80M	5	10	16.0	2056.2006895537943	0.0010003358563236448	0.0020571353000150127	0.0022874609216366115	3.3195220803022064e+43
selected_channel	GL18_re_plus_80M	5	10	8.0	4113.401379107589	0.001999149583673428	0.004113186822554761	0.004573281633044238	8.506464555648617e+45
selected_channel	GL18_re_plus_80M	5	10	4.0	8227.802758215177	0.0039967782071535125	0.008225288727529536	0.009144922672631065	2.1787419990607044e+48
selected_channel	GL18_re_plus_80M	5	10	2.0	16456.605516430354	0.007992036038184646	0.016449491968745573	0.018288204561013287	5.578971358086577e+50
selected_channel	GL18_re_plus_80M	5	10	1.0	32914.21103286071	0.015982551991990137	0.03289789816771945	0.03657476824301566	1.4283948480430382e+53
selected_channel	GL18_re_plus_80M	5	10	0.5	65829.42206563668	0.031963584048516396	0.06579471041983426	0.07314789555726411	3.65691889768933e+55
selected_channel	GL18_re_plus_80M	5	10	0.25	131659.84413192148	0.06392564823059242	0.1315883348583151	0.14629415016495192	9.362004339589753e+57
selected_channel	GL18_re_plus_80M	5	10	0.125	263320.68826519884	0.12784977659372956	0.26317558364791344	0.29258665930538674	2.3967104827345258e+60
selected_channel	GL18_re_plus_80M	5	10	0.0625	526642.3765146042	0.2556980335466216	0.526350081529179	0.5851716779590265	6.135626670534234e+62
selected_channel	GL18_re_plus_80M	6	10	16.0	2056.2006895537943	0.0019196259292231092	-0.00043665669830656167	0.0019686626883043405	3.3195220803022064e+43
selected_channel	GL18_re_plus_80M	6	10	8.0	4113.401379107589	0.003833930195393915	-0.0008759365768510821	0.003932719876856069	8.506464555648617e+45
selected_channel	GL18_re_plus_80M	6	10	4.0	8227.802758215177	0.007662543557283363	-0.0017544922160351113	0.007860840712251621	2.1787419990607044e+48
selected_channel	GL18_re_plus_80M	6	10	2.0	16456.605516430354	0.01531977269440625	-0.003511601436504198	0.015717085609524867	5.578971358086577e+50
selected_channel	GL18_re_plus_80M	6	10	1.0	32914.21103286071	0.030634232173946986	-0.007025818852741105	0.031429577016543205	1.4283948480430382e+53
selected_channel	GL18_re_plus_80M	6	10	0.5	65829.42206563668	0.06126315174150735	-0.014054253163818505	0.06285456064038358	3.65691889768933e+55
selected_channel	GL18_re_plus_80M	6	10	0.25	131659.84413192148	0.12252099115925205	-0.028111121563438382	0.12570452828040815	9.362004339589753e+57
selected_channel	GL18_re_plus_80M	6	10	0.125	263320.68826519884	0.24503667024430287	-0.056224858108552885	0.25140446383018367	2.3967104827345258e+60
selected_channel	GL18_re_plus_80M	6	10	0.0625	526642.3765146042	0.4900680281302816	-0.1124523315038239	0.5028043347626872	6.135626670534234e+62
selected_channel	GL18_re_plus_80M	7	10	16.0	2056.2006895537943	0.0019194399006595057	-0.000436253626755727	0.001968391922128644	3.3195220803022064e+43
selected_channel	GL18_re_plus_80M	7	10	8.0	4113.401379107589	0.003833744479305755	-0.0008755339824342767	0.0039324491715729245	8.506464555648617e+45
selected_channel	GL18_re_plus_80M	7	10	4.0	8227.802758215177	0.007662357997182574	-0.0017540898600189756	0.007860570037472418	2.1787419990607044e+48
selected_channel	GL18_re_plus_80M	7	10	2.0	16456.605516430354	0.015319587212847737	-0.0035111991991412916	0.01571681495049485	5.578971358086577e+50
selected_channel	GL18_re_plus_80M	7	10	1.0	32914.21103286071	0.030634046731762003	-0.007025416674510153	0.03142930636546508	1.4283948480430382e+53
selected_channel	GL18_re_plus_80M	7	10	0.5	65829.42206563668	0.061262966319562594	-0.014053851012284336	0.0628542899931846	3.65691889768933e+55
selected_channel	GL18_re_plus_80M	7	10	0.25	131659.84413192148	0.12252080575484384	-0.028110719395579655	0.12570425763574275	9.362004339589753e+57
selected_channel	GL18_re_plus_80M	7	10	0.125	263320.68826519884	0.24503648475635922	-0.05622445602800452	0.25140419311817075	2.3967104827345258e+60
selected_channel	GL18_re_plus_80M	7	10	0.0625	526642.3765146042	0.49006784258787184	-0.11245192952958846	0.5028040640186381	6.135626670534234e+62
selected_channel	GL18_re_plus_80M	8	10	16.0	2056.2006895537943	0.002222725272208267	0.002239925743853618	0.003155594234639729	3.3195220803022064e+43
selected_channel	GL18_re_plus_80M	8	10	8.0	4113.401379107589	0.0044415847699313775	0.004478079222702388	0.006307207685916581	8.506464555648617e+45
selected_channel	GL18_re_plus_80M	8	10	4.0	8227.802758215177	0.008879306917543137	0.008954385310381929	0.0126104364564718	2.1787419990607044e+48
selected_channel	GL18_re_plus_80M	8	10	2.0	16456.605516430354	0.017754752787837707	0.01790699705176299	0.02521689493115834	5.578971358086577e+50
selected_channel	GL18_re_plus_80M	8	10	1.0	32914.21103286071	0.03550564531521672	0.03581222031832829	0.05042981234724612	1.4283948480430382e+53
selected_channel	GL18_re_plus_80M	8	10	0.5	65829.42206563668	0.07100743076393752	0.07162266673894348	0.10085564741001438	3.65691889768933e+55
selected_channel	GL18_re_plus_80M	8	10	0.25	131659.84413192148	0.14201100186331264	0.14324355956201767	0.2017073176813848	9.362004339589753e+57
selected_channel	GL18_re_plus_80M	8	10	0.125	263320.68826519884	0.2840181441706213	0.28648534512368773	0.4034106582488399	2.3967104827345258e+60
selected_channel	GL18_re_plus_80M	8	10	0.0625	526642.3765146042	0.5680324289509808	0.572968916335956	0.8068173395677307	6.135626670534234e+62
selected_channel	GL18_re_plus_80M	9	10	16.0	2056.2006895537943	0.0022227342530054582	0.002238940903002363	0.003154901571621652	3.3195220803022064e+43
selected_channel	GL18_re_plus_80M	9	10	8.0	4113.401379107589	0.0044415942903889985	0.004477095147794168	0.006306515741898868	8.506464555648617e+45
selected_channel	GL18_re_plus_80M	9	10	4.0	8227.802758215177	0.00887931670739102	0.00895340161849586	0.012609744871813926	2.1787419990607044e+48
selected_channel	GL18_re_plus_80M	9	10	2.0	16456.605516430354	0.017754762711939598	0.01790601355155163	0.025216203526019363	5.578971358086577e+50
selected_channel	GL18_re_plus_80M	9	10	1.0	32914.21103286071	0.035505655306703916	0.035811236914096455	0.05042912103215776	1.4283948480430382e+53
selected_channel	GL18_re_plus_80M	9	10	0.5	65829.42206563668	0.07100744078635335	0.07162168337413038	0.10085495613192076	3.65691889768933e+55
selected_channel	GL18_re_plus_80M	9	10	0.25	131659.84413192148	0.1420110119064629	0.14324257622786943	0.2017066264332794	9.362004339589753e+57
selected_channel	GL18_re_plus_80M	9	10	0.125	263320.68826519884	0.2840181542448081	0.28648436170398534	0.4034099669586356	2.3967104827345258e+60
selected_channel	GL18_re_plus_80M	9	10	0.0625	526642.3765146042	0.5680324389600336	0.5729679333891186	0.8068166485658819	6.135626670534234e+62
selected_channel	GL18_re_plus_80M	10	10	16.0	2056.2006895537943	-0.002183262741605587	-0.0005714264680303623	0.00225680402499836	3.3195220803022064e+43
selected_channel	GL18_re_plus_80M	10	10	8.0	4113.401379107589	-0.0043644052673736155	-0.0011431355002451827	0.004511628542976401	8.506464555648617e+45
selected_channel	GL18_re_plus_80M	10	10	4.0	8227.802758215177	-0.00872669119021183	-0.002286552589443401	0.009021278283791666	2.1787419990607044e+48
selected_channel	GL18_re_plus_80M	10	10	2.0	16456.605516430354	-0.017451263471385467	-0.0045733862806075255	0.01804057811765914	5.578971358086577e+50
selected_channel	GL18_re_plus_80M	10	10	1.0	32914.21103286071	-0.03490040825021822	-0.009147053419020931	0.03607917796017979	1.4283948480430382e+53
selected_channel	GL18_re_plus_80M	10	10	0.5	65829.42206563668	-0.06979869792505891	-0.01829438757741218	0.07215637774213861	3.65691889768933e+55
selected_channel	GL18_re_plus_80M	10	10	0.25	131659.84413192148	-0.13959527734817742	-0.03658905585277308	0.1443107773733893	9.362004339589753e+57
selected_channel	GL18_re_plus_80M	10	10	0.125	263320.68826519884	-0.2791884360394064	-0.07317839227698013	0.28861957645726893	2.3967104827345258e+60
selected_channel	GL18_re_plus_80M	10	10	0.0625	526642.3765146042	-0.5583747538030515	-0.1463570653890136	0.5772371750622982	6.135626670534234e+62
selected_channel	GL18_re_plus_80M	11	10	16.0	2056.2006895537943	0.0022234836856957693	0.0022385301741315073	0.0031551381968231563	3.3195220803022064e+43
selected_channel	GL18_re_plus_80M	11	10	8.0	4113.401379107589	0.0044423428168296	0.004476685099514559	0.006306751872592834	8.506464555648617e+45
selected_channel	GL18_re_plus_80M	11	10	4.0	8227.802758215177	0.008880064780980806	0.00895299190971613	0.012609980755332584	2.1787419990607044e+48
selected_channel	GL18_re_plus_80M	11	10	2.0	16456.605516430354	0.017755510559473792	0.017905604011900826	0.02521643928588222	5.578971358086577e+50
selected_channel	GL18_re_plus_80M	11	10	1.0	32914.21103286071	0.035506403041940374	0.03581082745948447	0.05042935673107163	1.4283948480430382e+53
selected_channel	GL18_re_plus_80M	11	10	0.5	65829.42206563668	0.07100818846422007	0.07162127397603901	0.10085519180945043	3.65691889768933e+55
selected_channel	GL18_re_plus_80M	11	10	0.25	131659.84413192148	0.14201175955035333	0.14324216679003093	0.20170686204809793	9.362004339589753e+57
selected_channel	GL18_re_plus_80M	11	10	0.125	263320.68826519884	0.28401890190913065	0.2864839525871428	0.40341020281051476	2.3967104827345258e+60
selected_channel	GL18_re_plus_80M	11	10	0.0625	526642.3765146042	0.5680331864825127	0.5729675233009035	0.8068168836254286	6.135626670534234e+62
selected_channel	GL18_re_plus_80M	12	10	16.0	2056.2006895537943	-0.0021833358789739524	-0.0005713721168499507	0.0022568610183900458	3.3195220803022064e+43
selected_channel	GL18_re_plus_80M	12	10	8.0	4113.401379107589	-0.00436447837693306	-0.0011430813276527487	0.004511685541385238	8.506464555648617e+45
selected_channel	GL18_re_plus_80M	12	10	4.0	8227.802758215177	-0.008726764285975106	-0.002286498505996243	0.009021335284806437	2.1787419990607044e+48
selected_channel	GL18_re_plus_80M	12	10	2.0	16456.605516430354	-0.01745133656010915	-0.004573332241781791	0.01804063511985992	5.578971358086577e+50
selected_channel	GL18_re_plus_80M	12	10	1.0	32914.21103286071	-0.03490048133727429	-0.00914699940336214	0.0360792349649842	1.4283948480430382e+53
selected_channel	GL18_re_plus_80M	12	10	0.5	65829.42206563668	-0.0697987709995855	-0.01829433356976066	0.0721564347360251	3.65691889768933e+55
selected_channel	GL18_re_plus_80M	12	10	0.25	131659.84413192148	-0.1395953503843094	-0.03658900182179773	0.14431083432380823	9.362004339589753e+57
selected_channel	GL18_re_plus_80M	12	10	0.125	263320.68826519884	-0.2791885092528423	-0.07317833832210509	0.288619633598286	2.3967104827345258e+60
selected_channel	GL18_re_plus_80M	12	10	0.0625	526642.3765146042	-0.5583748273633593	-0.14635701150306832	0.577237232556226	6.135626670534234e+62
selected_channel	GL18_re_plus_80M	13	10	16.0	2056.2006895537943	0.002222725272208267	0.002239925743853618	0.003155594234639729	3.3195220803022064e+43
selected_channel	GL18_re_plus_80M	13	10	8.0	4113.401379107589	0.0044415847699313775	0.004478079222702388	0.006307207685916581	8.506464555648617e+45
selected_channel	GL18_re_plus_80M	13	10	4.0	8227.802758215177	0.008879306917543137	0.008954385310381929	0.0126104364564718	2.1787419990607044e+48
selected_channel	GL18_re_plus_80M	13	10	2.0	16456.605516430354	0.017754752787837707	0.01790699705176299	0.02521689493115834	5.578971358086577e+50
selected_channel	GL18_re_plus_80M	13	10	1.0	32914.21103286071	0.03550564531521672	0.03581222031832829	0.05042981234724612	1.4283948480430382e+53
selected_channel	GL18_re_plus_80M	13	10	0.5	65829.42206563668	0.07100743076393752	0.07162266673894348	0.10085564741001438	3.65691889768933e+55
selected_channel	GL18_re_plus_80M	13	10	0.25	131659.84413192148	0.14201100186331264	0.14324355956201767	0.2017073176813848	9.362004339589753e+57
selected_channel	GL18_re_plus_80M	13	10	0.125	263320.68826519884	0.2840181441706213	0.28648534512368773	0.4034106582488399	2.3967104827345258e+60
selected_channel	GL18_re_plus_80M	13	10	0.0625	526642.3765146042	0.5680324289509808	0.572968916335956	0.8068173395677307	6.135626670534234e+62
