point_index	source	scan_row_index	x0	x1	x2	x3	x4	x5	dx2_from_root	signed_side_fraction	t	total_re	total_im	total_abs	dominant_re	dominant_im	dominant_abs	other_re	other_im	other_abs	scan_re	scan_im	scan_abs	is_nan
0	root_log_probe		0.5387589249438893	0.24174091659991892	0.9440881235200773	0.7527842995682404	0.5585112730395129	0.25621170988207465	-2.999999999997449e-05			0.01992115405254044	0.05117692421799174	0.054917483110564325	0.019986532396193357	0.05111975174264414	0.05488798133884735	-6.53783436529165e-05	5.7172475347602725e-05	8.685055990706732e-05				False
1	saved_scan_row	25	0.5387589249438893	0.24174091659991892	0.9440948835953038	0.7527842995682404	0.5585112730395129	0.25621170988207465	-2.323992477348824e-05	-2.5595479226995385e-05	-2.416517950072613e-05	0.025732330750911168	0.06604791090378877	0.07088356213276184	0.025797705945071164	0.06599074588170623	0.07085407662267773	-6.537519415999657e-05	5.716502208254204e-05	8.684328276357802e-05	0.025732330750911178	0.06604791090378877	0.07088356213276184	False
2	root_log_probe		0.5387589249438893	0.24174091659991892	0.9440962361680317	0.7527842995682404	0.5585112730395129	0.25621170988207465	-2.1887352045557584e-05			0.027326010848250034	0.07012619029342636	0.07526216469082272	0.027391385412421733	0.07006902676241242	0.07523268243418879	-6.537456417169893e-05	5.7163531013940116e-05	8.684182701107384e-05				False
3	root_log_probe		0.5387589249438893	0.24174091659991892	0.9441021549807583	0.7527842995682404	0.5585112730395129	0.25621170988207465	-1.59685393189557e-05			0.037475509704578684	0.09609909531379769	0.1031477093674326	0.03754088151260991	0.09604193830686854	0.1031182413469322	-6.537180803122683e-05	5.715700692915382e-05	8.683545777141335e-05				False
4	saved_scan_row	26	0.5387589249438893	0.24174091659991892	0.944103217475632	0.7527842995682404	0.5585112730395129	0.25621170988207465	-1.4906044445317512e-05	-1.67683293681101e-05	-1.583129917256271e-05	0.04015077972219725	0.10294520137048847	0.11049796196089241	0.040216151035584555	0.10288804553457286	0.11046849649579416	-6.537131338730379e-05	5.715583591561768e-05	8.68343146065776e-05	0.040150779722197244	0.10294520137048847	0.11049796196089241	False
5	root_log_probe		0.5387589249438893	0.24174091659991892	0.9441064732186865	0.7527842995682404	0.5585112730395129	0.25621170988207465	-1.1650301390830897e-05			0.05138696565362404	0.1316989822655708	0.1413691697962249	0.051452335451519775	0.13164183001767069	0.14133971216122176	-6.536979789573821e-05	5.7152247900121855e-05	8.68308120252635e-05				False
6	saved_scan_row	27	0.5387589249438893	0.24174091659991892	0.9441086772386245	0.7527842995682404	0.5585112730395129	0.25621170988207465	-9.446281452829552e-06	-1.0985411419875596e-05	-1.0371536180132812e-05	0.063389855816005	0.16241478819656713	0.174346887684609	0.06345522458815438	0.162357638377405	0.17431743535005706	-6.53687721493823e-05	5.714981916213335e-05	8.682844120783469e-05	0.063389855816005	0.16241478819656713	0.174346887684609	False
7	root_log_probe		0.5387589249438893	0.24174091659991892	0.9441096237118113	0.7527842995682404	0.5585112730395129	0.25621170988207465	-8.499808266004827e-06			0.07045476620286248	0.1804941360058561	0.19375759911084905	0.0705201345345714	0.1804369872296138	0.19372814905241278	-6.536833170892042e-05	5.7148776242299526e-05	8.682742318184888e-05				False
8	root_log_probe		0.5387589249438893	0.24174091659991892	0.9441119222435493	0.7527842995682404	0.5585112730395129	0.25621170988207465	-6.201276527950661e-06			0.09659013509715868	0.2473754434620894	0.2655640491974634	0.09665550235936338	0.2473182972184665	0.26553460466647777	-6.536726220469913e-05	5.7146243622907544e-05	8.682495107022283e-05				False
9	saved_scan_row	28	0.5387589249438893	0.24174091659991892	0.9441122540852744	0.7527842995682404	0.5585112730395129	0.25621170988207465	-5.869434802852069e-06	-7.196856730011529e-06	-6.794689530107028e-06	0.10205427708034523	0.26135837097686715	0.280576680339036	0.1021196441881579	0.26130122509886566	0.2805472366060376	-6.536710781267219e-05	5.714587800148552e-05	8.68245941905528e-05	0.10205427708034524	0.26135837097686715	0.280576680339036	False
10	root_log_probe		0.5387589249438893	0.24174091659991892	0.9441135992026607	0.7527842995682404	0.5585112730395129	0.25621170988207465	-4.524317416598755e-06			0.13241270035587982	0.339046622790193	0.3639859003326522	0.1324780668379007	0.3389894783941936	0.3639564598342427	-6.53664820208788e-05	5.7144395999408903e-05	8.682314763888218e-05				False
11	saved_scan_row	29	0.5387589249438893	0.24174091659991892	0.9441145973796584	0.7527842995682404	0.5585112730395129	0.25621170988207465	-3.526140418874668e-06	-4.71486636345739e-06	-4.451395146167708e-06	0.1699120113168962	0.43500865389493626	0.4670145828057594	0.16997737733456925	0.43495151059865	0.46698514470760855	-6.536601767304084e-05	5.714329628625503e-05	8.682207424895478e-05	0.16991201131689623	0.43500865389493626	0.4670145828057594	False
12	root_log_probe		0.5387589249438893	0.24174091659991892	0.9441148226758085	0.7527842995682404	0.5585112730395129	0.25621170988207465	-3.300844268805392e-06			0.1815130680403997	0.4646961586718096	0.49888827782758577	0.18157843395327022	0.46463901562373194	0.49885884027118604	-6.536591287051308e-05	5.7143048077634706e-05	8.682183198365707e-05				False
13	root_log_probe		0.5387589249438893	0.24174091659991892	0.944115715295392	0.7527842995682404	0.5585112730395129	0.25621170988207465	-2.408224685335192e-06			0.2488127203804637	0.6369182940254903	0.683792865630717	0.24887808587812366	0.6368611519607932	0.6837634302207066	-6.53654976599527e-05	5.7142064697091044e-05	8.682087215744738e-05				False
14	saved_scan_row	30	0.5387589249438893	0.24174091659991892	0.9441161325387265	0.7527842995682404	0.5585112730395129	0.25621170988207465	-1.990981350785681e-06	-3.088843596477485e-06	-2.9162360781204662e-06	0.3009674512606139	0.7703840527738816	0.8270870543580167	0.30103281656419756	0.7703269111688427	0.8270576199512969	-6.536530358364212e-05	5.714160503889065e-05	8.682042351314736e-05	0.30096745126061386	0.7703840527738814	0.8270870543580165	False
15	root_log_probe		0.5387589249438893	0.24174091659991892	0.9441163665313609	0.7527842995682404	0.5585112730395129	0.25621170988207465	-1.7569887164059494e-06			0.34105731252510557	0.8729753934211225	0.9372332302824155	0.34112267771985244	0.8729182520738603	0.9372037964383445	-6.536519474686919e-05	5.714134726220177e-05	8.682017191434067e-05				False
16	root_log_probe		0.5387589249438893	0.24174091659991892	0.9441168416590581	0.7527842995682404	0.5585112730395129	0.25621170988207465	-1.2818610192200097e-06			0.46749281372900564	1.196528211734539	1.284612506697999	0.46755817870276206	1.1964710709106923	1.284583073996393	-6.536497375642103e-05	5.7140823846779654e-05	8.681966104556221e-05				False
17	saved_scan_row	31	0.5387589249438893	0.24174091659991892	0.9441171382652712	0.7527842995682404	0.5585112730395129	0.25621170988207465	-9.852548060740318e-07	-2.0235896477251557e-06	-1.910509533320814e-06	0.6082463941903424	1.5567214903568722	1.6713304504449367	0.6083117590261453	1.5566643498597714	1.671301018456528	-6.536483580288355e-05	5.7140497100816035e-05	8.6819342133342e-05	0.6082463941903424	1.5567214903568722	1.6713304504449367	False
18	root_log_probe		0.5387589249438893	0.24174091659991892	0.9441171883019639	0.7527842995682404	0.5585112730395129	0.25621170988207465	-9.352181133959192e-07			0.6407922652057437	1.640007499523983	1.7607496487696415	0.6408576300182747	1.6399503590820035	1.7607202169015475	-6.536481253094362e-05	5.714044197957513e-05	8.681928833402515e-05				False
19	root_log_probe		0.5387589249438893	0.24174091659991892	0.9441174412051411	0.7527842995682404	0.5585112730395129	0.25621170988207465	-6.823149362178427e-07			0.878326047849237	2.247864662041049	2.4133694671938195	0.8783914125441434	2.247807521877669	2.413340035933835	-6.53646949064779e-05	5.7140163379987285e-05	8.681901641523345e-05				False
20	root_log_probe		0.5387589249438893	0.24174091659991892	0.9441176257178368	0.7527842995682404	0.5585112730395129	0.25621170988207465	-4.978022405399685e-07			1.2039029941121764	3.0810273247226907	3.3078863032033197	1.2039683587212677	3.0809701847625695	3.307856872386997	-6.536460909134512e-05	5.7139960121244115e-05	8.681881803112574e-05				False
21	root_log_probe		0.5387589249438893	0.24174091659991892	0.9441177603343144	0.7527842995682404	0.5585112730395129	0.25621170988207465	-3.631857629082802e-07			1.6501568594670704	4.223006396172422	4.5339608162135026	1.650222224013554	4.222949256360592	4.533931385720864	-6.536454648364831e-05	5.7139811829642895e-05	8.681867329635958e-05				False
22	saved_scan_row	32	0.5387589249438893	0.24174091659991892	0.9441177971454512	0.7527842995682404	0.5585112730395129	0.25621170988207465	-3.263746261028544e-07	-1.3257113655901108e-06	-1.2516293534308813e-06	1.8362814292823857	4.699305605955877	5.045334742680182	1.836346793811749	4.6992484661845975	5.045305312276055	-6.536452936334314e-05	5.713977127985714e-05	8.681863371883788e-05	1.836281429282386	4.699305605955876	5.045334742680181	False
23	root_log_probe		0.5387589249438893	0.24174091659991892	0.9441178585475889	0.7527842995682404	0.5585112730395129	0.25621170988207465	-2.649724883951876e-07			2.261817382386411	5.788266823750173	6.214487162605796	2.261882746887218	5.788209684046533	6.21445773234931	-6.536450080663059e-05	5.713970363974141e-05	8.681856770148589e-05				False
24	root_log_probe		0.5387589249438893	0.24174091659991892	0.9441179302018728	0.7527842995682404	0.5585112730395129	0.25621170988207465	-1.9331820444445924e-07			3.1001938314018274	7.933701145523135	8.517911461076421	3.1002591958693095	7.933644005898428	8.517882030992228	-6.536446748217628e-05	5.7139624707325254e-05	8.681849066254524e-05				False
25	root_log_probe		0.5387589249438893	0.24174091659991892	0.9441179824792907	0.7527842995682404	0.5585112730395129	0.25621170988207465	-1.4104078660537311e-07			4.249320489528436	10.874355997400482	11.675116401172453	4.249385853971605	10.874298857833365	11.675086971213963	-6.536444316829204e-05	5.713956711694834e-05	8.68184344538251e-05				False
26	root_log_probe		0.5387589249438893	0.24174091659991892	0.9441180206197657	0.7527842995682404	0.5585112730395129	0.25621170988207465	-1.029003116048699e-07			5.824380252139419	14.90498839135906	16.00256492778767	5.82444561656485	14.90493125183396	16.00253549792089	-6.536442543048082e-05	5.713952510078002e-05	8.681839344631734e-05				False
27	root_log_probe		0.5387589249438893	0.24174091659991892	0.9441180484462324	0.7527842995682404	0.5585112730395129	0.25621170988207465	-7.50738449184496e-08			7.983250808532493	20.42961279330791	21.934023168502968	7.983316172944983	20.429555653813463	21.933993738703094	-6.536441248972125e-05	5.71394944479664e-05	8.681836352924195e-05				False
28	root_log_probe		0.5387589249438893	0.24174091659991892	0.9441180687478216	0.7527842995682404	0.5585112730395129	0.25621170988207465	-5.477225573091715e-08			10.942330753623867	28.00200069013986	30.064042392404517	10.942396118026915	28.001943550667775	30.064012962653457	-6.536440304749647e-05	5.713947208363379e-05	8.68183417012323e-05				False
29	root_log_probe		0.5387589249438893	0.24174091659991892	0.9441180835594225	0.7527842995682404	0.5585112730395129	0.25621170988207465	-3.9960654785176075e-08			14.998233664522264	38.3811964818078	41.20756309745511	14.998299028918423	38.38113934235203	41.20753366773967	-6.536439615878464e-05	5.713945576957258e-05	8.681832577771517e-05				False
30	root_log_probe		0.5387589249438893	0.24174091659991892	0.9441180943656466	0.7527842995682404	0.5585112730395129	0.25621170988207465	-2.9154430647437835e-08			20.55752613675925	52.60761814430189	56.481619733150545	20.557591501150384	52.60756100485802	56.48159030346108	-6.536439113347114e-05	5.7139443867981754e-05	8.681831416119319e-05				False
31	root_log_probe		0.5387589249438893	0.24174091659991892	0.9441181022496343	0.7527842995682404	0.5585112730395129	0.25621170988207465	-2.1270442962517677e-08			28.17748946875579	72.10736778963675	77.41733269954338	28.177554833143258	72.10731065020157	77.41730326987286	-6.536438746707063e-05	5.713943518514952e-05	8.681830568620447e-05				False
32	root_log_probe		0.5387589249438893	0.24174091659991892	0.9441181080016215	0.7527842995682404	0.5585112730395129	0.25621170988207465	-1.5518455742657977e-08			38.622003433196674	98.83524016911281	106.11344800957166	38.62206879758146	98.83518302968396	106.11341857991498	-6.536438478832451e-05	5.713942884710832e-05	8.681829949803154e-05				False
33	root_log_probe		0.5387589249438893	0.24174091659991892	0.9441181121981471	0.7527842995682404	0.5585112730395129	0.25621170988207465	-1.1321930171170891e-08			52.938153725439754	135.4707637826858	145.44681488338802	52.93821908982259	135.47070664326156	145.44678545374143	-6.536438283433199e-05	5.713942422858054e-05	8.681829498721344e-05				False
34	root_log_probe		0.5387589249438893	0.24174091659991892	0.9441181152598416	0.7527842995682404	0.5585112730395129	0.25621170988207465	-8.260235717649778e-09			72.56128450970924	185.68703397711687	199.36101574008376	72.56134987409067	185.68697683769602	199.36098631044453	-6.536438142745737e-05	5.7139420846397115e-05	8.681829170201298e-05				False
35	root_log_probe		0.5387589249438893	0.24174091659991892	0.9441181174935878	0.7527842995682404	0.5585112730395129	0.25621170988207465	-6.0264895296313625e-09			99.45897315522946	254.51914927403433	273.2619342101472	99.45903851960983	254.51909213461596	273.26190478051336	-6.536438037585413e-05	5.7139418373708395e-05	8.681828928287535e-05				False
36	root_log_probe		0.5387589249438893	0.24174091659991892	0.9441181191232807	0.7527842995682404	0.5585112730395129	0.25621170988207465	-4.3967965934754716e-09			136.3286138730214	348.86983472840257	374.5606126436178	136.328679237401	348.869777588986	374.56058321398785	-6.536437959425712e-05	5.71394165831407e-05	8.681828751595963e-05				False
37	root_log_probe		0.5387589249438893	0.24174091659991892	0.9441181203122695	0.7527842995682404	0.5585112730395129	0.25621170988207465	-3.207807797167561e-09			186.86833898908012	478.202738834361	513.4176034625438	186.86840435345917	478.2026816949458	513.4175740329167	-6.536437905424464e-05	5.713941521889865e-05	8.681828621151584e-05				False
38	root_log_probe		0.5387589249438893	0.24174091659991892	0.9441181211797299	0.7527842995682404	0.5585112730395129	0.25621170988207465	-2.3403473603522684e-09			256.14856962029717	655.4932445521929	703.7637979976557	256.1486349846758	655.4931874127785	703.7637685680307	-6.53643786563407e-05	5.7139414366247365e-05	8.6818285350767e-05				False
39	root_log_probe		0.5387589249438893	0.24174091659991892	0.9441181218126105	0.7527842995682404	0.5585112730395129	0.25621170988207465	-1.7074668345884447e-09			351.12237096064894	898.5344861324312	964.7026185090925	351.12243632502725	898.5344289930176	964.7025890794691	-6.536437831528019e-05	5.71394135704395e-05	8.681828457022632e-05				False
40	root_log_probe		0.5387589249438893	0.24174091659991892	0.9441181222743463	0.7527842995682404	0.5585112730395129	0.25621170988207465	-1.2457309628288726e-09			481.32590227509496	1231.7298248700217	1322.434492016625	481.3259676394731	1231.7297677306087	1322.4344625870026	-6.536437814474994e-05	5.713941300200531e-05	8.681828406772157e-05				False
41	root_log_probe		0.5387589249438893	0.24174091659991892	0.9441181226112189	0.7527842995682404	0.5585112730395129	0.25621170988207465	-9.088584329575156e-10			659.8422941286898	1688.5594442619713	1812.9050857469924	659.8423594930678	1688.5593871225583	1812.9050563173705	-6.536437797421968e-05	5.713941300200531e-05	8.681828393933151e-05				False
42	root_log_probe		0.5387589249438893	0.24174091659991892	0.9441181228569938	0.7527842995682404	0.5585112730395129	0.25621170988207465	-6.630834770149363e-10			904.6206092409958	2314.9556164402698	2485.429128491074	904.6206746053737	2314.955559300857	2485.429099061453	-6.536437786053284e-05	5.713941254725796e-05	8.681828355444638e-05				False
43	root_log_probe		0.5387589249438893	0.24174091659991892	0.9441181230363059	0.7527842995682404	0.5585112730395129	0.25621170988207465	-4.837713563077273e-10			1240.31218330501	3174.001961823066	3407.7357241593004	1240.3122486693878	3174.0019046836533	3407.7356947296794	-6.536437786053284e-05	5.713941254725796e-05	8.681828355444638e-05				False
44	root_log_probe		0.5387589249438893	0.24174091659991892	0.9441181231671282	0.7527842995682404	0.5585112730395129	0.25621170988207465	-3.5294911437944165e-10			1700.772194918837	4352.335053068156	4672.84137042708	1700.7722602832148	4352.334995928744	4672.84134099746	-6.536437786053284e-05	5.713941209251061e-05	8.681828325515464e-05				False
45	root_log_probe		0.5387589249438893	0.24174091659991892	0.9441181232625733	0.7527842995682404	0.5585112730395129	0.25621170988207465	-2.575040181085342e-10			2332.552068392063	5969.081594612495	6408.645272981002	2332.552133756441	5969.081537473082	6408.645243551381	-6.536437786053284e-05	5.713941300200531e-05	8.681828385373814e-05				False
46	root_log_probe		0.5387589249438893	0.24174091659991892	0.9441181233322079	0.7527842995682404	0.5585112730395129	0.25621170988207465	-1.8786938671411235e-10			3199.6889850550856	8188.114947722182	8791.088442177923	3199.6890504194635	8188.1148905827695	8791.088412748304	-6.536437786053284e-05	5.713941209251061e-05	8.681828325515464e-05				False
47	root_log_probe		0.5387589249438893	0.24174091659991892	0.9441181233830118	0.7527842995682404	0.5585112730395129	0.25621170988207465	-1.3706547008496273e-10			4390.539596100366	11235.542837944564	12062.92919684985	4390.539661464743	11235.542780805152	12062.929167420229	-6.536437740578549e-05	5.713941209251061e-05	8.681828291278116e-05				False
48	root_log_probe		0.5387589249438893	0.24174091659991892	0.9441181234200773	0.7527842995682404	0.5585112730395129	0.25621170988207465	-1.000000082740371e-10			6027.127418620635	15423.627664779977	16559.42496773529	6027.127483985012	15423.627607640565	16559.42493830567	-6.536437740578549e-05	5.713941209251061e-05	8.681828291278116e-05				False
49	root_log_probe		0.5387589249438893	0.24174091659991892	0.9441181236200773	0.7527842995682404	0.5585112730395129	0.25621170988207465	1.000000082740371e-10			-5959.964391960022	-15251.754761363027	16374.895384526619	-5959.964326595646	-15251.754818502437	16374.895413956237	-6.536437649629079e-05	5.713941027352121e-05	8.681828103086718e-05				False
50	root_log_probe		0.5387589249438893	0.24174091659991892	0.9441181236571428	0.7527842995682404	0.5585112730395129	0.25621170988207465	1.3706547008496273e-10			-4354.790850669508	-11144.060166419438	11964.709789453787	-4354.790785305131	-11144.06022355885	11964.709818883408	-6.536437649629079e-05	5.713941209251061e-05	8.68182822280342e-05				False
51	root_log_probe		0.5387589249438893	0.24174091659991892	0.9441181237079467	0.7527842995682404	0.5585112730395129	0.25621170988207465	1.8786938671411235e-10			-3180.6775776105173	-8139.4637028382385	8738.854571540567	-3180.67751224614	-8139.46375997765	8738.854600970186	-6.536437740578549e-05	5.713941118301591e-05	8.681828231419765e-05				False
52	root_log_probe		0.5387589249438893	0.24174091659991892	0.9441181237775813	0.7527842995682404	0.5585112730395129	0.25621170988207465	2.575040181085342e-10			-2322.414574207513	-5943.139000598161	6380.792320309632	-2322.4145088431355	-5943.139057737573	6380.792349739251	-6.536437740578549e-05	5.713941209251061e-05	8.681828291278116e-05				False
53	root_log_probe		0.5387589249438893	0.24174091659991892	0.9441181238730264	0.7527842995682404	0.5585112730395129	0.25621170988207465	3.5294911437944165e-10			-1695.381041884718	-4338.538510174052	4658.028905174956	-1695.3809765203405	-4338.538567313464	4658.028934604575	-6.536437740578549e-05	5.713941209251061e-05	8.681828291278116e-05				False
54	root_log_probe		0.5387589249438893	0.24174091659991892	0.9441181240038486	0.7527842995682404	0.5585112730395129	0.25621170988207465	4.837713563077273e-10			-1237.4451688197037	-3166.664776753612	3399.8582844241064	-1237.445103455326	-3166.664833893023	3399.858313853724	-6.536437763315917e-05	5.713941118301591e-05	8.681828248538439e-05				False
55	root_log_probe		0.5387589249438893	0.24174091659991892	0.9441181241831608	0.7527842995682404	0.5585112730395129	0.25621170988207465	6.630834770149363e-10			-903.0959566471055	-2311.0535818663707	2481.239804043481	-903.0958912827282	-2311.0536390057814	2481.2398334730988	-6.536437729209865e-05	5.713941072826856e-05	8.681828192931253e-05				False
56	root_log_probe		0.5387589249438893	0.24174091659991892	0.9441181244289357	0.7527842995682404	0.5585112730395129	0.25621170988207465	9.088584329575156e-10			-659.0293439673501	-1686.4786808218487	1810.6711510035827	-659.0292786029729	-1686.4787379612594	1810.6711804331999	-6.536437717841181e-05	5.713941072826856e-05	8.681828184371916e-05				False
57	root_log_probe		0.5387589249438893	0.24174091659991892	0.9441181247658083	0.7527842995682404	0.5585112730395129	0.25621170988207465	1.2457309628288726e-09			-480.89361873847366	-1230.6232004850003	1321.2464320161207	-480.89355337409665	-1230.6232576244104	1321.246461445737	-6.536437700788156e-05	5.713941004614753e-05	8.681828126639148e-05				False
58	root_log_probe		0.5387589249438893	0.24174091659991892	0.9441181252275441	0.7527842995682404	0.5585112730395129	0.25621170988207465	1.7074668345884447e-09			-350.892118311371	-897.9448657738279	964.0696347581014	-350.8920529469942	-897.9449229132377	964.0696641877166	-6.536437678050788e-05	5.7139409818773856e-05	8.681828094555886e-05				False
59	root_log_probe		0.5387589249438893	0.24174091659991892	0.9441181258604247	0.7527842995682404	0.5585112730395129	0.25621170988207465	2.3403473603522684e-09			-256.0259510219169	-655.1790634515404	703.4265368763923	-256.0258856575404	-655.1791205909497	703.4265663060062	-6.536437649629079e-05	5.713940925033967e-05	8.681828035746074e-05				False
60	root_log_probe		0.5387589249438893	0.24174091659991892	0.9441181267278851	0.7527842995682404	0.5585112730395129	0.25621170988207465	3.207807797167561e-09			-186.80317989242866	-478.03559858544156	513.2382112945844	-186.8031145280526	-478.03565572484973	513.238240724196	-6.536437606996515e-05	5.713940817031471e-05	8.68182793256677e-05				False
61	root_log_probe		0.5387589249438893	0.24174091659991892	0.9441181279168739	0.7527842995682404	0.5585112730395129	0.25621170988207465	4.3967965934754716e-09			-136.2940123852328	-348.7808924571604	374.4651769594595	-136.2939470208573	-348.7809495965673	374.46520638906827	-6.536437550153096e-05	5.7139406919759494e-05	8.681827807464855e-05				False
62	root_log_probe		0.5387589249438893	0.24174091659991892	0.9441181295465668	0.7527842995682404	0.5585112730395129	0.25621170988207465	6.0264895296313625e-09			-99.44060601191174	-254.47175125163503	273.21110209706023	-99.44054064753698	-254.47180839104013	273.2111315266651	-6.536437476256651e-05	5.713940510077009e-05	8.681827632112465e-05				False
63	root_log_probe		0.5387589249438893	0.24174091659991892	0.944118131780313	0.7527842995682404	0.5585112730395129	0.25621170988207465	8.260235717649778e-09			-72.5515498784091	-185.66172685146077	199.33390129936683	-72.55148451403537	-185.66178399086343	199.33393072896632	-6.536437373938497e-05	5.713940265650308e-05	8.68182739420912e-05				False
64	root_log_probe		0.5387589249438893	0.24174091659991892	0.9441181348420075	0.7527842995682404	0.5585112730395129	0.25621170988207465	1.1321930171170891e-08			-52.9330321758824	-135.45726169271617	145.43237480224957	-52.93296681151009	-135.45731883211545	145.4324042318417	-6.536437231119407e-05	5.713939927431966e-05	8.681827064084217e-05				False
65	root_log_probe		0.5387589249438893	0.24174091659991892	0.944118139038533	0.7527842995682404	0.5585112730395129	0.25621170988207465	1.5518455742657977e-08			-38.61933049583983	-98.82800416243309	106.10573544666093	-38.619265131469476	-98.82806130182774	106.10576487624297	-6.536437035720155e-05	5.7139394655791875e-05	8.681826613002442e-05				False
66	root_log_probe		0.5387589249438893	0.24174091659991892	0.9441181447905203	0.7527842995682404	0.5585112730395129	0.25621170988207465	2.1270442962517677e-08			-28.176118726786274	-72.10346414597922	77.41319789516815	-28.176053362418592	-72.10352128536753	77.41322732473637	-6.536436768200815e-05	5.713938831775067e-05	8.681825994452696e-05				False
67	root_log_probe		0.5387589249438893	0.24174091659991892	0.9441181526745079	0.7527842995682404	0.5585112730395129	0.25621170988207465	2.9154430647437835e-08			-20.55685002853848	-52.6054920924269	56.4793934225768	-20.556784664174465	-52.60554923180653	56.479422852126056	-6.536436401560763e-05	5.7139379627813014e-05	8.681825146486305e-05				False
68	root_log_probe		0.5387589249438893	0.24174091659991892	0.9441181634807321	0.7527842995682404	0.5585112730395129	0.25621170988207465	3.9960654785176075e-08			-14.997926730904332	-38.38001516050586	41.20635108749906	-14.99786136654534	-38.38007229987359	41.206380517022325	-6.536435899207049e-05	5.713936772622219e-05	8.681823984968083e-05				False
69	root_log_probe		0.5387589249438893	0.24174091659991892	0.944118178292333	0.7527842995682404	0.5585112730395129	0.25621170988207465	5.477225573091715e-08			-10.942220071907734	-28.001321584240696	30.06336958103872	-10.942154707555634	-28.00137872359211	30.063399010526386	-6.536435209980596e-05	5.713935141571369e-05	8.681822392583155e-05				False
70	root_log_probe		0.5387589249438893	0.24174091659991892	0.9441181985939222	0.7527842995682404	0.5585112730395129	0.25621170988207465	7.50738449184496e-08			-7.983244930235549	-20.429201882982696	21.933638302657297	-7.983179565892888	-20.429259022311744	21.933667732096144	-6.536434266113389e-05	5.713932904782837e-05	8.681820209816678e-05				False
71	root_log_probe		0.5387589249438893	0.24174091659991892	0.9441182264203889	0.7527842995682404	0.5585112730395129	0.25621170988207465	1.029003116048699e-07			-5.824430083771178	-14.904720044667231	16.002333123974264	-5.824364719441459	-14.90477718396563	16.002362553346202	-6.536432971859796e-05	5.713929839856746e-05	8.681817218210783e-05				False
72	saved_scan_row	33	0.5387589249438893	0.24174091659991892	0.9441182287966725	0.7527842995682404	0.5585112730395129	0.25621170988207465	1.0527659521919475e-07	-8.685113737513521e-07	-8.199781320362245e-07	-5.6929640900471155	-14.568294020976035	15.641132657585002	-5.692898725718503	-14.568351160271819	15.641162086951232	-6.536432861281583e-05	5.7139295783770194e-05	8.681816962865176e-05	-5.692964090047116	-14.568294020976037	15.641132657585004	False
73	root_log_probe		0.5387589249438893	0.24174091659991892	0.9441182645608639	0.7527842995682404	0.5585112730395129	0.25621170988207465	1.4104078660537311e-07			-4.24939994013082	-10.874163446678685	11.674965974951133	-4.249334575818839	-10.874220585935067	11.674995404231364	-6.536431198078674e-05	5.713925638239914e-05	8.681813117462942e-05				False
74	root_log_probe		0.5387589249438893	0.24174091659991892	0.9441183168382817	0.7527842995682404	0.5585112730395129	0.25621170988207465	1.9331820444445924e-07			-3.1002890794147815	-7.933549020921537	8.51780443795839	-3.1002237151271133	-7.933606160120333	8.517833867112921	-6.536428766823477e-05	5.713919879646312e-05	8.681807496989022e-05				False
75	root_log_probe		0.5387589249438893	0.24174091659991892	0.9441183884925657	0.7527842995682404	0.5585112730395129	0.25621170988207465	2.649724883951876e-07			-2.2619210144081703	-5.788136154116873	6.214403174401879	-2.2618556501538256	-5.788193293236738	6.21443260338412	-6.536425434466864e-05	5.713911986493514e-05	8.68179979323064e-05				False
76	root_log_probe		0.5387589249438893	0.24174091659991892	0.9441184867058402	0.7527842995682404	0.5585112730395129	0.25621170988207465	3.631857629082802e-07			-1.650264975888552	-4.222887202273165	4.533889148817704	-1.6501996116798825	-4.222944341284841	4.533918577563794	-6.536420866942727e-05	5.7139011675921836e-05	8.681789233954924e-05				False
77	saved_scan_row	34	0.5387589249438893	0.24174091659991892	0.9441185115837143	0.7527842995682404	0.5585112730395129	0.25621170988207465	3.8806363700238933e-07	-5.689866029018304e-07	-5.37191090297283e-07	-1.5444740362783917	-3.9521645298882864	4.243230434473853	-1.5444086720812922	-3.9522216688725575	4.243259863160125	-6.536419709957109e-05	5.7138984271176696e-05	8.681786559236155e-05	-1.5444740362783917	-3.952164529888287	4.243230434473854	False
78	root_log_probe		0.5387589249438893	0.24174091659991892	0.9441186213223178	0.7527842995682404	0.5585112730395129	0.25621170988207465	4.978022405399685e-07			-1.204013490956686	-3.080914222408226	3.3078211759771703	-1.2039481268106211	-3.0809713612716143	3.3078506043995803	-6.536414606483909e-05	5.713886338831742e-05	8.681774761011956e-05				False
79	saved_scan_row	35	0.5387589249438893	0.24174091659991892	0.9441186968455808	0.7527842995682404	0.5585112730395129	0.25621170988207465	5.733255035167417e-07	-3.727593720314938e-07	-3.5192922374426703e-07	-1.0454183046910754	-2.675063657112059	2.8720837385746445	-1.045352940580133	-2.6751207958922536	2.8721131668154607	-6.536411094248962e-05	5.71387801944212e-05	8.681766641305485e-05	-1.0454183046910754	-2.675063657112059	2.8720837385746445	False
80	root_log_probe		0.5387589249438893	0.24174091659991892	0.9441188058350135	0.7527842995682404	0.5585112730395129	0.25621170988207465	6.823149362178427e-07			-0.8784378116737872	-2.2477548019722797	2.413307820972632	-0.8783724476135307	-2.247811940632417	2.4133372489513887	-6.536406025647867e-05	5.7138660137123765e-05	8.681754923676613e-05				False
81	saved_scan_row	36	0.5387589249438893	0.24174091659991892	0.9441188182159201	0.7527842995682404	0.5585112730395129	0.25621170988207465	6.946958428510897e-07	-2.442053094548655e-07	-2.3055888446828415e-07	-0.8627832675032542	-2.2076942821741414	2.370297240902075	-0.8627179034487554	-2.20775142082064	2.370326668851062	-6.536405449875105e-05	5.713864649870004e-05	8.681753592575121e-05	-0.8627832675032542	-2.207694282174142	2.3702972409020755	False
82	saved_scan_row	37	0.5387589249438893	0.24174091659991892	0.9441188977290953	0.7527842995682404	0.5585112730395129	0.25621170988207465	7.742090180062888e-07	-1.5998587196060574e-07	-1.510457092528546e-07	-0.774179174762402	-1.9809533453293022	2.126859081135172	-0.7741138107448805	-1.9810104838882137	2.126888508892973	-6.536401752144094e-05	5.713855891142927e-05	8.681745044066954e-05	-0.7741791747624018	-1.9809533453293027	2.1268590811351724	False
83	saved_scan_row	38	0.5387589249438893	0.24174091659991892	0.9441189498204471	0.7527842995682404	0.5585112730395129	0.25621170988207465	8.263003697939197e-07	-1.0481131341546874e-07	-9.895435752265015e-08	-0.7253772321799995	-1.8560674869337115	1.9927766169386725	-0.7253118681867032	-1.8561246254352417	1.9928060445712226	-6.536399329626352e-05	5.713850153021838e-05	8.681739443655718e-05	-0.7253772321799995	-1.856067486933711	1.992776616938672	False
84	saved_scan_row	39	0.5387589249438893	0.24174091659991892	0.9441189839469791	0.7527842995682404	0.5585112730395129	0.25621170988207465	8.60426901838629e-07	-6.866488450042998e-08	-6.482782543877771e-08	-0.6966093468514477	-1.7824494737360186	1.913737366657873	-0.6965439828740216	-1.7825066121999569	1.9137667942083676	-6.536397742606948e-05	5.713846393828881e-05	8.681735774707066e-05	-0.6966093468514477	-1.7824494737360186	1.913737366657873	False
85	saved_scan_row	40	0.5387589249438893	0.24174091659991892	0.9441190063042448	0.7527842995682404	0.5585112730395129	0.25621170988207465	8.827841675440595e-07	-4.498432668969444e-08	-4.247055972404932e-08	-0.6789685627700467	-1.737306097349615	1.865269627994348	-0.6789031988030176	-1.7373632357889262	1.865299055491086	-6.53639670290529e-05	5.713843931109963e-05	8.681733371097807e-05	-0.6789685627700466	-1.737306097349615	1.865269627994348	False
86	saved_scan_row	41	0.5387589249438893	0.24174091659991892	0.9441190209511281	0.7527842995682404	0.5585112730395129	0.25621170988207465	8.974310508058636e-07	-2.9470517025518096e-08	-2.78236765010338e-08	-0.6678881161851234	-1.708950851438803	1.8348262992378115	-0.6678227522249058	-1.7090079898619797	1.8348557266993317	-6.53639602176126e-05	5.7138423176672504e-05	8.681731796390711e-05	-0.6678881161851234	-1.7089508514388028	1.8348262992378113	False
87	saved_scan_row	42	0.5387589249438893	0.24174091659991892	0.9441190305467195	0.7527842995682404	0.5585112730395129	0.25621170988207465	9.070266422384066e-07	-1.9306977288832496e-08	-1.8228085032649272e-08	-0.6608230149023187	-1.6908710129848687	1.8154150598629135	-0.6607576509465636	-1.6909281513974757	1.815444487301362	-6.536395575507115e-05	5.713841260690522e-05	8.681730764765654e-05	-0.6608230149023187	-1.6908710129848685	1.8154150598629135	False
88	saved_scan_row	43	0.5387589249438893	0.24174091659991892	0.9441190368330655	0.7527842995682404	0.5585112730395129	0.25621170988207465	9.133129882377133e-07	-1.2648552168552958e-08	-1.1941739041752697e-08	-0.6562749529339579	-1.6792323651618315	1.8029193409732636	-0.6562095889811261	-1.6792895035675135	1.8029487683965966	-6.53639528317429e-05	5.7138405682000126e-05	8.681730088911503e-05	-0.6562749529339579	-1.6792323651618315	1.8029193409732636	False
89	saved_scan_row	44	0.5387589249438893	0.24174091659991892	0.9441190409514303	0.7527842995682404	0.5585112730395129	0.25621170988207465	9.174313529980438e-07	-8.28642772854686e-09	-7.823374264816817e-09	-0.6533291795283727	-1.6716940291690396	1.7948258812438143	-0.6532638155774562	-1.6717511675701853	1.794855308657245	-6.536395091649716e-05	5.713840114562885e-05	8.681729646155224e-05	-0.6533291795283726	-1.6716940291690396	1.7948258812438143	False
90	max_weight_location	t0	0.5387589249438893	0.24174091659991892	0.9441190487748046	0.7527842995682404	0.5585112730395129	0.25621170988207465	9.252547272797784e-07	0.0	0.0	-0.6478055190454123	-1.6575587910169582	1.7796497228902366	-0.6477401550981339	-1.657615929409486	1.7796791502848566	-6.536394727840733e-05	5.7138392527855686e-05	8.681728805072022e-05	-0.6478055190454123	-1.6575587910169582	1.7796497228902366	False
91	root_log_probe		0.5387589249438893	0.24174091659991892	0.9441190587381907	0.7527842995682404	0.5585112730395129	0.25621170988207465	9.352181133959192e-07			-0.6409047028517281	-1.63989936378752	1.760689853860746	-0.6408393389090832	-1.639956502169073	1.7607192812314094	-6.536394264489154e-05	5.7138381552857e-05	8.681727733904433e-05				False
92	root_log_probe		0.5387589249438893	0.24174091659991892	0.9441194053810965	0.7527842995682404	0.5585112730395129	0.25621170988207465	1.2818610192200097e-06			-0.46760561058308503	-1.196420995223904	1.2845536987068065	-0.46754024680164175	-1.196478133223617	1.284583125243988	-6.536378144328392e-05	5.713799971296396e-05	8.681690466587747e-05				False
93	root_log_probe		0.5387589249438893	0.24174091659991892	0.9441198805087937	0.7527842995682404	0.5585112730395129	0.25621170988207465	1.7569887164059494e-06			-0.34117030054553044	-0.8728686661116198	0.9371749475171677	-0.341104936985033	-0.8729258035879701	0.9372043729119421	-6.536356049741121e-05	5.713747635027744e-05	8.681639386992096e-05				False
94	root_log_probe		0.5387589249438893	0.24174091659991892	0.9441205317447626	0.7527842995682404	0.5585112730395129	0.25621170988207465	2.408224685335192e-06			-0.24892581003034311	-0.6368118267889677	0.6837348620902438	-0.2488604467726748	-0.6368689635479815	0.6837642859191868	-6.536325766831608e-05	5.7136759013753924e-05	8.681569376334252e-05				False
95	root_log_probe		0.5387589249438893	0.24174091659991892	0.9441214243643461	0.7527842995682404	0.5585112730395129	0.25621170988207465	3.300844268805392e-06			-0.18162621182859626	-0.4645898299765141	0.4988304230305249	-0.1815608489859806	-0.4646469657523322	0.4988598447132812	-6.536284261565717e-05	5.7135775818117907e-05	8.681473419378415e-05				False
96	root_log_probe		0.5387589249438893	0.24174091659991892	0.9441226478374939	0.7527842995682404	0.5585112730395129	0.25621170988207465	4.524317416598755e-06			-0.13252587302134328	-0.33894036799171945	0.36392812487417264	-0.13246051074758142	-0.3389975024199629	0.36395754361529986	-6.536227376185977e-05	5.713442824345494e-05	8.681341902048786e-05				False
97	root_log_probe		0.5387589249438893	0.24174091659991892	0.9441243247966052	0.7527842995682404	0.5585112730395129	0.25621170988207465	6.201276527950661e-06			-0.09670332307260635	-0.24726922784032404	0.26550631580065087	-0.09663796157847124	-0.2473263604215962	0.26553573050991724	-6.536149413510772e-05	5.713258127215681e-05	8.681161649452983e-05				False
98	root_log_probe		0.5387589249438893	0.24174091659991892	0.9441266233283433	0.7527842995682404	0.5585112730395129	0.25621170988207465	8.499808266004827e-06			-0.07056796235402255	-0.18038794130213456	0.19369988817245376	-0.07050260192834494	-0.1804450713520126	0.19372929735561317	-6.53604256776047e-05	5.7130049878034717e-05	8.680914608394914e-05				False
99	root_log_probe		0.5387589249438893	0.24174091659991892	0.9441297738214681	0.7527842995682404	0.5585112730395129	0.25621170988207465	1.1650301390830897e-05			-0.05150016615709749	-0.1315927986922561	0.14131147080781972	-0.051434807195640316	-0.13164992527277813	0.14134087241693663	-6.535896145717229e-05	5.7126580522037784e-05	8.680576043616576e-05				False
100	root_log_probe		0.5387589249438893	0.24174091659991892	0.9441340920593962	0.7527842995682404	0.5585112730395129	0.25621170988207465	1.59685393189557e-05			-0.03758871252228254	-0.09599291764894523	0.10309001672247406	-0.03752335556726658	-0.09605003947476279	0.10311940795083632	-6.535695501595773e-05	5.712182581756042e-05	8.680112069374239e-05				False
101	root_log_probe		0.5387589249438893	0.24174091659991892	0.9441400108721228	0.7527842995682404	0.5585112730395129	0.25621170988207465	2.1887352045557584e-05			-0.027439214905774986	-0.07002001577551534	0.07520447542433044	-0.02737386069995912	-0.07007713108537261	0.0752338524254691	-6.535420581586793e-05	5.71153098572752e-05	8.67947627332167e-05				False
102	root_log_probe		0.5387589249438893	0.24174091659991892	0.9441481235200773	0.7527842995682404	0.5585112730395129	0.25621170988207465	2.999999999997449e-05			-0.02003435877822709	-0.05107075136145373	0.05485979562738229	-0.019969008338853574	-0.051127857742240754	0.05488915313017693	-6.535043937351548e-05	5.710638078702118e-05	8.678605102724622e-05				False
