probe	row_index	signed_side_fraction	t	event_graph_id	event_graph_name	term_key	weighted_re	weighted_im	weighted_abs	raw_re	raw_im	raw_abs
left_rising	32	-1.3257113655901108e-06	-1.2516293534308813e-06	0	GL05	original	-8.928506796109364e-06	1.0999008489025178e-05	1.4166736439625713e-05	-1.6464440435330885e-25	2.028250907466024e-25	2.6123896593200517e-25
left_rising	32	-1.3257113655901108e-06	-1.2516293534308813e-06	0	GL05	threshold_counterterm:5:0	0.04505283629671823	0.37581892699664976	0.3785097408882525	8.307881223467961e-22	6.930216305264617e-21	6.979835738897305e-21
left_rising	32	-1.3257113655901108e-06	-1.2516293534308813e-06	0	GL05	threshold_counterterm:8:0	3.434997122646437e-08	2.29346953152209e-09	3.4426450960721324e-08	6.334240070914149e-28	4.229228173791173e-29	6.3483431685310125e-28
left_rising	32	-1.3257113655901108e-06	-1.2516293534308813e-06	0	GL05	threshold_counterterm:10:0	1.069709342427008e-07	9.835750276111168e-08	1.4531682325924383e-07	1.972576843328497e-27	1.8137425244318318e-27	2.679686800312337e-27
left_rising	32	-1.3257113655901108e-06	-1.2516293534308813e-06	0	GL05	threshold_counterterm:12:0	4.469225917004146e-07	-1.0516835381268703e-06	1.1427064659567075e-06	8.241389695152169e-27	-1.939336707214374e-26	2.1071857784786547e-26
left_rising	32	-1.3257113655901108e-06	-1.2516293534308813e-06	0	GL05	threshold_counterterm:14:0	3.905052586092387e-28	1.625408542666573e-27	1.6716600394742168e-27	7.201036765584314e-48	2.9973032159725954e-47	3.082592394961201e-47
left_rising	32	-1.3257113655901108e-06	-1.2516293534308813e-06	0	GL05	threshold_counterterm:15:0	1.7573732785527453e-08	4.61381172305775e-09	1.8169296701659853e-08	3.2406502372806634e-28	8.508010357030501e-29	3.3504740504502647e-28
left_rising	32	-1.3257113655901108e-06	-1.2516293534308813e-06	0	GL05	threshold_counterterm:16:0	-1.563283256351087e-08	6.776665882976637e-09	1.7038446362513965e-08	-2.882742282165062e-28	1.2496379778646379e-28	3.1419417787578196e-28
left_rising	32	-1.3257113655901108e-06	-1.2516293534308813e-06	0	GL05	threshold_counterterm:21:0	4.66582964340832e-19	2.670344566737975e-18	2.7108005768997653e-18	8.603932997931099e-39	4.92419730027255e-38	4.998799424095785e-38
left_rising	32	-1.3257113655901108e-06	-1.2516293534308813e-06	0	GL05	threshold_counterterm:26:0	1.2458687780174946e-07	1.296168208965287e-07	1.7978434408955316e-07	2.297420246669459e-27	2.3901739403925617e-27	3.3152784581598065e-27
left_rising	32	-1.3257113655901108e-06	-1.2516293534308813e-06	0	GL05	threshold_counterterm:28:0	1.477575677611832e-74	6.664218468491463e-74	6.826055792245824e-74	2.724694877684864e-94	1.2289023296742275e-93	1.2587456286492379e-93
left_rising	32	-1.3257113655901108e-06	-1.2516293534308813e-06	0	GL05	threshold_counterterm:29:0	3.465739312689143e-28	1.6110033868962056e-27	1.647860856512538e-27	6.390929612443122e-48	2.970739666819424e-47	3.0387059714829936e-47
left_rising	32	-1.3257113655901108e-06	-1.2516293534308813e-06	0	GL05	threshold_counterterm:30:0	1.3703573098555498e-07	1.4301543293594114e-07	1.9807121351826993e-07	2.526980918362355e-27	2.6372484567440988e-27	3.652493940360008e-27
left_rising	32	-1.3257113655901108e-06	-1.2516293534308813e-06	0	GL05	threshold_counterterm:31:0	0.02450979487477333	0.4117402221843002	0.41246907836731267	4.519681364567344e-22	7.592616008241519e-21	7.60605633985034e-21
left_rising	32	-1.3257113655901108e-06	-1.2516293534308813e-06	0	GL05	threshold_counterterm:32:0	4.72463155167465e-19	2.7800578103686606e-18	2.8199189459951836e-18	8.712365520663417e-39	5.126511887243745e-38	5.200017044174747e-38
left_rising	32	-1.3257113655901108e-06	-1.2516293534308813e-06	0	GL05	threshold_counterterm:33:0	1.1468969555791949e-07	1.117096011519872e-07	1.6010234619362802e-07	2.1149131698958155e-27	2.059959314835174e-27	2.952336379035249e-27
left_rising	32	-1.3257113655901108e-06	-1.2516293534308813e-06	1	GL05_isr_p1_ct	original	-1.8539597978046867e-05	1.7093544956508285e-05	2.5217176137858286e-05	-3.4187587418037806e-25	3.15210212851849e-25	4.650124639541457e-25
left_rising	32	-1.3257113655901108e-06	-1.2516293534308813e-06	1	GL05_isr_p1_ct	threshold_counterterm:1:0	2.5303778395516327e-07	2.0795507538939403e-07	3.275262332839134e-07	4.666094361526743e-27	3.834755385374613e-27	6.039684218262678e-27
left_rising	32	-1.3257113655901108e-06	-1.2516293534308813e-06	1	GL05_isr_p1_ct	threshold_counterterm:3:0	-3.773768815060776e-08	3.858232022560942e-09	3.793440471778141e-08	-6.958945464358283e-28	7.114698210099536e-29	6.995220602820232e-28
left_rising	32	-1.3257113655901108e-06	-1.2516293534308813e-06	1	GL05_isr_p1_ct	threshold_counterterm:6:0	2.0993313075244512e-27	4.1074952959788785e-27	4.612885164974404e-27	3.871231333085078e-47	7.574347333029424e-47	8.506301755500425e-47
left_rising	32	-1.3257113655901108e-06	-1.2516293534308813e-06	1	GL05_isr_p1_ct	threshold_counterterm:8:0	1.2046638695692864e-06	-1.6647227913196087e-06	2.0548763978849426e-06	2.221437131431824e-26	-3.06979989654742e-26	3.789255115949123e-26
left_rising	32	-1.3257113655901108e-06	-1.2516293534308813e-06	1	GL05_isr_p1_ct	threshold_counterterm:11:0	2.1416245344151057e-06	3.1883254112073566e-06	3.840829932990952e-06	3.9492213409173557e-26	5.879369867775636e-26	7.082608223081746e-26
left_rising	32	-1.3257113655901108e-06	-1.2516293534308813e-06	1	GL05_isr_p1_ct	threshold_counterterm:12:0	-2.2490284810595026e-06	4.341525539288286e-07	2.2905496171660937e-06	-4.147277513402625e-26	8.005906281129545e-27	4.223843762143358e-26
left_rising	32	-1.3257113655901108e-06	-1.2516293534308813e-06	1	GL05_isr_p1_ct	threshold_counterterm:14:0	1.865192337556009e-08	2.333942481259444e-08	2.987679695333009e-08	3.4394718896902472e-28	4.303861534711408e-28	5.509373012416008e-28
left_rising	32	-1.3257113655901108e-06	-1.2516293534308813e-06	1	GL05_isr_p1_ct	threshold_counterterm:20:0	3.851409743888013e-18	5.383762070530961e-18	6.619535561306651e-18	7.102117718936937e-38	9.927822417839927e-38	1.2206626645138411e-37
left_rising	32	-1.3257113655901108e-06	-1.2516293534308813e-06	1	GL05_isr_p1_ct	threshold_counterterm:26:0	2.9968177204826035e-07	3.697019708803674e-07	4.7590830185111655e-07	5.526223811122643e-27	6.817417757957748e-27	8.775895082391113e-27
left_rising	32	-1.3257113655901108e-06	-1.2516293534308813e-06	1	GL05_isr_p1_ct	threshold_counterterm:29:0	9.03913999706702e-74	1.6560163407478855e-73	1.8866506406035496e-73	1.6668451451834904e-93	3.0537449346019636e-93	3.479041658794692e-93
left_rising	32	-1.3257113655901108e-06	-1.2516293534308813e-06	1	GL05_isr_p1_ct	threshold_counterterm:30:0	1.9353471652642124e-27	3.876094622844575e-27	4.332398663020388e-27	3.568839544151342e-47	7.147637393000551e-47	7.989076041302778e-47
left_rising	32	-1.3257113655901108e-06	-1.2516293534308813e-06	1	GL05_isr_p1_ct	threshold_counterterm:31:0	3.520774873208122e-07	2.3284908416916803e-07	4.2211047496663356e-07	6.492416874387597e-27	4.293808544106367e-27	7.783846650870869e-27
left_rising	32	-1.3257113655901108e-06	-1.2516293534308813e-06	1	GL05_isr_p1_ct	threshold_counterterm:33:0	4.490252577677264e-18	5.180011652767502e-18	6.855281827477585e-18	8.280163502476515e-38	9.55210039695262e-38	1.2641349992038294e-37
left_rising	32	-1.3257113655901108e-06	-1.2516293534308813e-06	1	GL05_isr_p1_ct	threshold_counterterm:34:0	0.8598184808040814	1.7587477079855842	1.9576724241498586	1.585531655591528e-20	3.243184727318729e-20	3.610008006417198e-20
left_rising	32	-1.3257113655901108e-06	-1.2516293534308813e-06	2	GL05_isr_p2_ct	original	-2.1136579845633404e-05	1.7461922961075417e-05	2.7416669401467586e-05	-3.897650165049881e-25	3.220032162648324e-25	5.0557179448227735e-25
left_rising	32	-1.3257113655901108e-06	-1.2516293534308813e-06	2	GL05_isr_p2_ct	threshold_counterterm:4:0	0.9069656818361761	2.1529416090180638	2.3361815682583082	1.6724725406478904e-20	3.9700903736635474e-20	4.3079904798266644e-20
left_rising	32	-1.3257113655901108e-06	-1.2516293534308813e-06	2	GL05_isr_p2_ct	threshold_counterterm:12:0	2.040590048239536e-27	3.9677949728101065e-27	4.461771474563818e-27	3.762910648935042e-47	7.316735651464597e-47	8.227643474609349e-47
left_rising	32	-1.3257113655901108e-06	-1.2516293534308813e-06	2	GL05_isr_p2_ct	threshold_counterterm:14:0	1.2046638695692853e-06	-1.664722791319608e-06	2.0548763978849413e-06	2.221437131431822e-26	-3.069799896547419e-26	3.789255115949121e-26
left_rising	32	-1.3257113655901108e-06	-1.2516293534308813e-06	2	GL05_isr_p2_ct	threshold_counterterm:15:0	2.1179489560820997e-06	-1.19369200813593e-06	2.431174282287645e-06	3.9055628481662896e-26	-2.201204682360618e-26	4.4831599586255104e-26
left_rising	32	-1.3257113655901108e-06	-1.2516293534308813e-06	2	GL05_isr_p2_ct	threshold_counterterm:17:0	1.9077409312497054e-08	-1.2644176061102924e-08	2.28871740138602e-08	3.517932801741322e-28	-2.3316248547022534e-28	4.2204651000373e-28
left_rising	32	-1.3257113655901108e-06	-1.2516293534308813e-06	2	GL05_isr_p2_ct	threshold_counterterm:19:0	4.6562465307885266e-18	5.334829774431671e-18	7.081033856552507e-18	8.586261444275295e-38	9.837589762717594e-38	1.3057643659135997e-37
left_rising	32	-1.3257113655901108e-06	-1.2516293534308813e-06	2	GL05_isr_p2_ct	threshold_counterterm:24:0	3.992336680895924e-07	2.886804739896988e-07	4.926702120071681e-07	7.36199131405045e-27	5.3233565000114095e-27	9.084989847785631e-27
left_rising	32	-1.3257113655901108e-06	-1.2516293534308813e-06	2	GL05_isr_p2_ct	threshold_counterterm:27:0	-1.3950353921538822e-05	1.4281359363588392e-06	1.4023264484024863e-05	-2.572488059179691e-25	2.63352647813201e-26	2.585932990572709e-25
left_rising	32	-1.3257113655901108e-06	-1.2516293534308813e-06	2	GL05_isr_p2_ct	threshold_counterterm:29:0	9.058785704929386e-74	1.6520979104430914e-73	1.8841559091988005e-73	1.6704678739812195e-93	3.0465192289126994e-93	3.4744412975524805e-93
left_rising	32	-1.3257113655901108e-06	-1.2516293534308813e-06	2	GL05_isr_p2_ct	threshold_counterterm:30:0	2.004728000963323e-27	3.981503079009441e-27	4.45772376062134e-27	3.696779933603614e-47	7.342013819825122e-47	8.220179365926112e-47
left_rising	32	-1.3257113655901108e-06	-1.2516293534308813e-06	2	GL05_isr_p2_ct	threshold_counterterm:31:0	3.7733535994533035e-18	5.0714965441742976e-18	6.321255775878638e-18	6.958179794040372e-38	9.351995207746201e-38	1.1656589570363179e-37
left_rising	32	-1.3257113655901108e-06	-1.2516293534308813e-06	2	GL05_isr_p2_ct	threshold_counterterm:32:0	3.206634025236966e-07	3.9169274184978456e-07	5.062096618357617e-07	5.91313151370677e-27	7.222934320828871e-27	9.334661456175031e-27
left_rising	32	-1.3257113655901108e-06	-1.2516293534308813e-06	2	GL05_isr_p2_ct	threshold_counterterm:33:0	1.8735401819411687e-08	2.361416796640964e-08	3.0143725882521924e-08	3.4548655708265785e-28	4.354525015115281e-28	5.558595525827329e-28
left_rising	32	-1.3257113655901108e-06	-1.2516293534308813e-06	2	GL05_isr_p2_ct	threshold_counterterm:34:0	2.721525804048238e-07	2.2227552246041763e-07	3.5138786960573314e-07	5.018577071979568e-27	4.098828822504009e-27	6.479700112164807e-27
left_rising	32	-1.3257113655901108e-06	-1.2516293534308813e-06	3	GL06	original	-1.3706692721858064e-06	-4.7038109884652115e-08	1.3714761527259191e-06	-2.527556186469539e-26	-8.673971763384627e-28	2.5290440989384978e-26
left_rising	32	-1.3257113655901108e-06	-1.2516293534308813e-06	3	GL06	threshold_counterterm:6:0	-2.9390249852107433e-08	-3.368040217510081e-08	4.470074134783266e-08	-5.4196522343509235e-28	-6.210769483779466e-28	8.242953834757976e-28
left_rising	32	-1.3257113655901108e-06	-1.2516293534308813e-06	3	GL06	threshold_counterterm:7:0	-3.3977523300297054e-08	-1.6169365747097747e-07	1.6522503126331682e-07	-6.265559530755783e-28	-2.9816806471623754e-27	3.046800263226503e-27
left_rising	32	-1.3257113655901108e-06	-1.2516293534308813e-06	3	GL06	threshold_counterterm:13:0	5.83912400531852e-19	-3.3163385807324448e-18	3.3673513736391332e-18	1.0767523794904876e-38	-6.115430079490113e-38	6.209499234549504e-38
left_rising	32	-1.3257113655901108e-06	-1.2516293534308813e-06	3	GL06	threshold_counterterm:16:0	-2.1889398945908267e-08	-3.5831834731309784e-08	4.1988881461942135e-08	-4.036472316593249e-28	-6.6075002471784435e-28	7.742878552520817e-28
left_rising	32	-1.3257113655901108e-06	-1.2516293534308813e-06	3	GL06	threshold_counterterm:17:0	-4.638155201812276e-08	-1.1992362025390576e-08	4.790683786849073e-08	-8.552900478648294e-28	-2.2114283469214115e-28	8.83416786863538e-28
left_rising	32	-1.3257113655901108e-06	-1.2516293534308813e-06	3	GL06	threshold_counterterm:19:0	-2.0714847383257207e-07	2.899648445678462e-07	3.563567051374493e-07	-3.819881405222493e-27	5.3470406874838476e-27	6.57132696367882e-27
left_rising	32	-1.3257113655901108e-06	-1.2516293534308813e-06	3	GL06	threshold_counterterm:20:0	-6.947096923655589e-08	-3.7678563579012326e-07	3.831365695211486e-07	-1.2810659846038252e-27	-6.948042711977318e-27	7.065155878278276e-27
left_rising	32	-1.3257113655901108e-06	-1.2516293534308813e-06	3	GL06	threshold_counterterm:21:0	3.8872933709183953e-29	-2.0256610188306936e-27	2.026033975081702e-27	7.168288227997063e-49	-3.7353810607214455e-47	3.73606880348963e-47
left_rising	32	-1.3257113655901108e-06	-1.2516293534308813e-06	3	GL06	threshold_counterterm:23:0	5.162980534537978e-08	3.386766191240488e-08	6.174670293558003e-08	9.520694492467084e-28	6.245300753802378e-28	1.1386281444103585e-27
left_rising	32	-1.3257113655901108e-06	-1.2516293534308813e-06	3	GL06	threshold_counterterm:34:0	3.9219030261413586e-75	-1.023670466746837e-73	1.0244214742108508e-73	7.232109493962177e-95	-1.8876797442216135e-93	1.8890646250242053e-93
left_rising	32	-1.3257113655901108e-06	-1.2516293534308813e-06	3	GL06	threshold_counterterm:35:0	4.749773214626892e-19	-2.8960811298336482e-18	2.9347724556568966e-18	8.758727518428006e-39	-5.340462447630064e-38	5.411810439397113e-38
left_rising	32	-1.3257113655901108e-06	-1.2516293534308813e-06	3	GL06	threshold_counterterm:36:0	-4.655431992279324e-08	-1.2160691554938612e-07	1.302134655590938e-07	-8.584759410276408e-28	-2.24246882856117e-27	2.4011762510052857e-27
left_rising	32	-1.3257113655901108e-06	-1.2516293534308813e-06	3	GL06	threshold_counterterm:37:0	2.565393893522384e-29	-2.061632024881167e-27	2.0617916312271985e-27	4.7306650392500314e-49	-3.80171269937518e-47	3.802007018373569e-47
left_rising	32	-1.3257113655901108e-06	-1.2516293534308813e-06	3	GL06	threshold_counterterm:38:0	-2.3581485349238798e-08	-3.961772655350293e-08	4.6104779671358315e-08	-4.348498240247231e-28	-7.305630313319705e-28	8.501862808839545e-28
left_rising	32	-1.3257113655901108e-06	-1.2516293534308813e-06	3	GL06	threshold_counterterm:39:0	-2.9643038957536718e-08	-3.214142302841481e-08	4.372391602921167e-08	-5.466267320883138e-28	-5.926977007943872e-28	8.062824249358919e-28
left_rising	32	-1.3257113655901108e-06	-1.2516293534308813e-06	4	GL06_isr_p1_ct	original	-4.248450311039498e-06	-1.303633394474733e-06	4.4439610791006395e-06	-7.834272704933493e-26	-2.4039399714844043e-26	8.19480055899876e-26
left_rising	32	-1.3257113655901108e-06	-1.2516293534308813e-06	4	GL06_isr_p1_ct	threshold_counterterm:3:0	-5.690308682383413e-08	5.381059955487905e-09	5.7156951426098304e-08	-1.0493103774146504e-27	9.92283963480669e-29	1.0539917185594415e-27
left_rising	32	-1.3257113655901108e-06	-1.2516293534308813e-06	4	GL06_isr_p1_ct	threshold_counterterm:8:0	-2.3494015507366578e-07	1.1250419330785117e-08	2.3520937141439885e-07	-4.332368533071329e-27	2.0746118379494577e-28	4.3373329649829994e-27
left_rising	32	-1.3257113655901108e-06	-1.2516293534308813e-06	4	GL06_isr_p1_ct	threshold_counterterm:15:0	2.1646578360925305e-19	-9.762177242507607e-18	9.764576895575505e-18	3.9916954558121575e-39	-1.8001754313324538e-37	1.8006179347196843e-37
left_rising	32	-1.3257113655901108e-06	-1.2516293534308813e-06	4	GL06_isr_p1_ct	threshold_counterterm:17:0	6.58592260720617e-06	-7.89586881104629e-06	1.0281980396274001e-05	1.2144643326619346e-25	-1.4560224312234053e-25	1.8960287275075012e-25
left_rising	32	-1.3257113655901108e-06	-1.2516293534308813e-06	4	GL06_isr_p1_ct	threshold_counterterm:20:0	-7.611882504083495e-28	-4.440650225045501e-27	4.5054169589236e-27	-1.4036544850235327e-47	-8.188695242552716e-47	8.308127086698432e-47
left_rising	32	-1.3257113655901108e-06	-1.2516293534308813e-06	4	GL06_isr_p1_ct	threshold_counterterm:22:0	2.8886462692739172e-08	-8.363580340693283e-07	8.368567313938574e-07	5.326752336675786e-28	-1.5422698721073166e-26	1.5431894852724818e-26
left_rising	32	-1.3257113655901108e-06	-1.2516293534308813e-06	4	GL06_isr_p1_ct	threshold_counterterm:23:0	-5.61766974495575e-08	-2.2370021512149003e-08	6.046684379718467e-08	-1.0359155345156718e-27	-4.12510059223274e-28	1.11502714927094e-27
left_rising	32	-1.3257113655901108e-06	-1.2516293534308813e-06	4	GL06_isr_p1_ct	threshold_counterterm:24:0	-3.3992114387154783e-06	1.5912304941233603e-05	1.6271327141567203e-05	-6.268250171933998e-26	2.93427784596551e-25	3.0004826410935123e-25
left_rising	32	-1.3257113655901108e-06	-1.2516293534308813e-06	4	GL06_isr_p1_ct	threshold_counterterm:35:0	-3.8465124514552954e-74	-2.2643006211503794e-73	2.2967398379733828e-73	-7.093086961454844e-94	-4.175439808239634e-93	4.235258719211831e-93
left_rising	32	-1.3257113655901108e-06	-1.2516293534308813e-06	4	GL06_isr_p1_ct	threshold_counterterm:36:0	-9.254761655044199e-28	-4.4639563101390704e-27	4.558882765738464e-27	-1.7066064403855004e-47	-8.231672378435173e-47	8.406719674656569e-47
left_rising	32	-1.3257113655901108e-06	-1.2516293534308813e-06	4	GL06_isr_p1_ct	threshold_counterterm:37:0	2.739868461019614e-20	-7.031608372545505e-18	7.031661751874191e-18	5.0524014941396685e-40	-1.2966501550382125e-37	1.296659998350176e-37
left_rising	32	-1.3257113655901108e-06	-1.2516293534308813e-06	4	GL06_isr_p1_ct	threshold_counterterm:38:0	-4.099204259248848e-08	-2.898548692917589e-08	5.020464130362666e-08	-7.559058406951863e-28	-5.345012709655251e-28	9.257889871136176e-28
left_rising	32	-1.3257113655901108e-06	-1.2516293534308813e-06	4	GL06_isr_p1_ct	threshold_counterterm:39:0	-4.5198395727508326e-10	-7.287294646535838e-10	8.575174227316569e-10	-8.33472282904403e-30	-1.3437994883408422e-29	1.5812884339155165e-29
left_rising	32	-1.3257113655901108e-06	-1.2516293534308813e-06	4	GL06_isr_p1_ct	threshold_counterterm:40:0	-5.807163753875737e-08	-4.0291109634285275e-08	7.068018535625674e-08	-1.0708588110787214e-27	-7.4298042191796605e-28	1.3033643008070813e-27
left_rising	32	-1.3257113655901108e-06	-1.2516293534308813e-06	5	GL06_isr_p2_ct	original	-4.5036558025942336e-06	-1.479778901092742e-06	4.740533850143879e-06	-8.304879460399396e-26	-2.728757689372813e-26	8.741689846881723e-26
left_rising	32	-1.3257113655901108e-06	-1.2516293534308813e-06	5	GL06_isr_p2_ct	threshold_counterterm:3:0	-5.091988669043057e-08	-5.6119318624082484e-08	7.577738965811358e-08	-9.389783314649145e-28	-1.034857451371585e-27	1.397358311822679e-27
left_rising	32	-1.3257113655901108e-06	-1.2516293534308813e-06	5	GL06_isr_p2_ct	threshold_counterterm:6:0	7.341747723451876e-06	4.0894124722864854e-05	4.154793251756382e-05	1.3538408027719994e-25	7.541002051406775e-25	7.661566214461082e-25
left_rising	32	-1.3257113655901108e-06	-1.2516293534308813e-06	5	GL06_isr_p2_ct	threshold_counterterm:8:0	-3.640830417000088e-10	-7.742144088892131e-10	8.55549187472704e-10	-6.713802980130992e-30	-1.4276751208708184e-29	1.577658947717682e-29
left_rising	32	-1.3257113655901108e-06	-1.2516293534308813e-06	5	GL06_isr_p2_ct	threshold_counterterm:13:0	1.1154696946333232e-19	-6.8176982766746536e-18	6.818610746931445e-18	2.0569603366052165e-39	-1.2572044771392357e-37	1.2573727394538087e-37
left_rising	32	-1.3257113655901108e-06	-1.2516293534308813e-06	5	GL06_isr_p2_ct	threshold_counterterm:17:0	-3.51877345577995e-08	-3.148380049325287e-08	4.7216589847310096e-08	-6.48872619925178e-28	-5.805709395045564e-28	8.706884016028742e-28
left_rising	32	-1.3257113655901108e-06	-1.2516293534308813e-06	5	GL06_isr_p2_ct	threshold_counterterm:19:0	6.425302358211465e-08	-1.2346390762127986e-08	6.542846784309518e-08	1.1848454660062729e-27	-2.2767123320436327e-28	1.2065210187744005e-27
left_rising	32	-1.3257113655901108e-06	-1.2516293534308813e-06	5	GL06_isr_p2_ct	threshold_counterterm:21:0	-9.461889899912166e-28	-4.310031851465689e-27	4.412669052334353e-27	-1.744801524154595e-47	-7.947830954640461e-47	8.137097101683948e-47
left_rising	32	-1.3257113655901108e-06	-1.2516293534308813e-06	5	GL06_isr_p2_ct	threshold_counterterm:23:0	2.8886462692739344e-08	-8.363580340693292e-07	8.368567313938583e-07	5.326752336675818e-28	-1.542269872107318e-26	1.5431894852724832e-26
left_rising	32	-1.3257113655901108e-06	-1.2516293534308813e-06	5	GL06_isr_p2_ct	threshold_counterterm:25:0	-9.30111323900323e-06	-3.384383737904637e-05	3.5098661456301965e-05	-1.715153814662118e-25	-6.240907436763613e-25	6.472300846082588e-25
left_rising	32	-1.3257113655901108e-06	-1.2516293534308813e-06	5	GL06_isr_p2_ct	threshold_counterterm:35:0	-3.8825581997339424e-74	-2.2569173702333395e-73	2.2900695617828263e-73	-7.159556427070228e-94	-4.1618248670497275e-93	4.222958525289765e-93
left_rising	32	-1.3257113655901108e-06	-1.2516293534308813e-06	5	GL06_isr_p2_ct	threshold_counterterm:36:0	-2.133444408994521e-21	-9.80348927029462e-18	9.803489502435691e-18	-3.9341369386968817e-41	-1.8077934959909074e-37	1.807793538798433e-37
left_rising	32	-1.3257113655901108e-06	-1.2516293534308813e-06	5	GL06_isr_p2_ct	threshold_counterterm:37:0	-2.7998605174468985e-07	-3.198869812774843e-08	2.81807498089544e-07	-5.163028686591428e-27	-5.898814067740823e-28	5.1966167159627794e-27
left_rising	32	-1.3257113655901108e-06	-1.2516293534308813e-06	5	GL06_isr_p2_ct	threshold_counterterm:38:0	-7.676894627030434e-28	-4.5466504106136065e-27	4.611006079748558e-27	-1.4156429199351878e-47	-8.384162836549574e-47	8.50283666469853e-47
left_rising	32	-1.3257113655901108e-06	-1.2516293534308813e-06	5	GL06_isr_p2_ct	threshold_counterterm:40:0	-6.762966356699221e-08	-3.786981876105661e-09	6.773560825676925e-08	-1.2471117431925083e-27	-6.983310754267307e-29	1.2490653957730648e-27
local_peak_before_drop	33	-8.685113737513521e-07	-8.199781320362245e-07	0	GL05	original	-8.928438012413822e-06	1.0998896143620834e-05	1.4166605864485442e-05	-1.64643135960862e-25	2.0282301906288168e-25	2.6123655808636153e-25
local_peak_before_drop	33	-8.685113737513521e-07	-8.199781320362245e-07	0	GL05	threshold_counterterm:5:0	-0.139667246637767	-1.165093520686176	1.1734350649815626	-2.5755068742695235e-21	-2.1484681941762543e-20	2.1638502577537732e-20
local_peak_before_drop	33	-8.685113737513521e-07	-8.199781320362245e-07	0	GL05	threshold_counterterm:8:0	3.434990906979491e-08	2.2934656558860433e-09	3.442638868394283e-08	6.33422860903362e-28	4.2292210269994086e-29	6.34833168450201e-28
local_peak_before_drop	33	-8.685113737513521e-07	-8.199781320362245e-07	0	GL05	threshold_counterterm:10:0	1.0697062265191171e-07	9.835774982440683e-08	1.453167611153589e-07	1.9725710974987585e-27	1.813747080354787e-27	2.6796856543600355e-27
local_peak_before_drop	33	-8.685113737513521e-07	-8.199781320362245e-07	0	GL05	threshold_counterterm:12:0	4.4692245365290383e-07	-1.051676401211403e-06	1.1426998435477707e-06	8.24138714951372e-27	-1.9393235465233103e-26	2.1071735665534174e-26
local_peak_before_drop	33	-8.685113737513521e-07	-8.199781320362245e-07	0	GL05	threshold_counterterm:14:0	3.9050135095483426e-28	1.625409605885373e-27	1.6716601604399126e-27	7.20096470723833e-48	2.9973051765806795e-47	3.0825926180256546e-47
local_peak_before_drop	33	-8.685113737513521e-07	-8.199781320362245e-07	0	GL05	threshold_counterterm:15:0	1.7573360300651797e-08	4.614716926763923e-09	1.8169166314685054e-08	3.2405815499269063e-28	8.509679580433973e-29	3.3504500066921187e-28
local_peak_before_drop	33	-8.685113737513521e-07	-8.199781320362245e-07	0	GL05	threshold_counterterm:16:0	-1.563283786988569e-08	6.776664614090766e-09	1.7038450726459906e-08	-2.882743260676858e-28	1.2496377438781906e-28	3.141942583482839e-28
local_peak_before_drop	33	-8.685113737513521e-07	-8.199781320362245e-07	0	GL05	threshold_counterterm:21:0	4.6657704900286e-19	2.670345449945402e-18	2.7108004287848873e-18	8.603823917284224e-39	4.924198928934141e-38	4.998799150967406e-38
local_peak_before_drop	33	-8.685113737513521e-07	-8.199781320362245e-07	0	GL05	threshold_counterterm:26:0	1.245864572533066e-07	1.296170013586336e-07	1.7978418276404078e-07	2.2974124916271593e-27	2.3901772681691372e-27	3.315275483267868e-27
local_peak_before_drop	33	-8.685113737513521e-07	-8.199781320362245e-07	0	GL05	threshold_counterterm:28:0	1.4775604163826133e-74	6.664225950905772e-74	6.826059793818591e-74	2.72466673551001e-94	1.2289037094543802e-93	1.258746366551532e-93
local_peak_before_drop	33	-8.685113737513521e-07	-8.199781320362245e-07	0	GL05	threshold_counterterm:29:0	3.465702747306757e-28	1.611004322291567e-27	1.6478610019564778e-27	6.390862184756271e-48	2.970741391717166e-47	3.0387062396860804e-47
local_peak_before_drop	33	-8.685113737513521e-07	-8.199781320362245e-07	0	GL05	threshold_counterterm:30:0	1.3703527792129694e-07	1.4301558447874187e-07	1.980710094858994e-07	2.5269725637184484e-27	2.6372512512398337e-27	3.652490177940504e-27
local_peak_before_drop	33	-8.685113737513521e-07	-8.199781320362245e-07	0	GL05	threshold_counterterm:31:0	-0.07598108118711694	-1.2764548970142924	1.2787142874036135	-1.4011144461047503e-21	-2.3538219884019242e-20	2.3579883735920376e-20
local_peak_before_drop	33	-8.685113737513521e-07	-8.199781320362245e-07	0	GL05	threshold_counterterm:32:0	4.724570885370258e-19	2.780058828293308e-18	2.819918933104362e-18	8.712253650137034e-39	5.126513764328022e-38	5.200017020403676e-38
local_peak_before_drop	33	-8.685113737513521e-07	-8.199781320362245e-07	0	GL05	threshold_counterterm:33:0	1.1468936932618044e-07	1.1170979923761926e-07	1.601022507091834e-07	2.114907154082468e-27	2.0599629675949963e-27	2.952334618272798e-27
local_peak_before_drop	33	-8.685113737513521e-07	-8.199781320362245e-07	1	GL05_isr_p1_ct	original	-1.8539465566527916e-05	1.7093356850187787e-05	2.5216951280841545e-05	-3.4187343247134824e-25	3.1520674411359296e-25	4.650083175217768e-25
local_peak_before_drop	33	-8.685113737513521e-07	-8.199781320362245e-07	1	GL05_isr_p1_ct	threshold_counterterm:1:0	2.530369031434285e-07	2.0795552087879744e-07	3.2752583564718797e-07	4.666078119088143e-27	3.8347636003358765e-27	6.039676885719477e-27
local_peak_before_drop	33	-8.685113737513521e-07	-8.199781320362245e-07	1	GL05_isr_p1_ct	threshold_counterterm:3:0	-3.773762338547612e-08	3.8582222396172424e-09	3.793433929349911e-08	-6.958933521469325e-28	7.11468017005124e-29	6.995208538381873e-28
local_peak_before_drop	33	-8.685113737513521e-07	-8.199781320362245e-07	1	GL05_isr_p1_ct	threshold_counterterm:6:0	2.099317554834231e-27	4.107498076557059e-27	4.6128813820599285e-27	3.8712059727024153e-47	7.57435246050089e-47	8.506294779690081e-47
local_peak_before_drop	33	-8.685113737513521e-07	-8.199781320362245e-07	1	GL05_isr_p1_ct	threshold_counterterm:8:0	1.2046625992109587e-06	-1.6647108181349743e-06	2.054865953280972e-06	2.2214347888520964e-26	-3.069777817627648e-26	3.789235855778989e-26
local_peak_before_drop	33	-8.685113737513521e-07	-8.199781320362245e-07	1	GL05_isr_p1_ct	threshold_counterterm:11:0	2.1415615662892754e-06	3.1883285857818634e-06	3.840797457966399e-06	3.949105225761627e-26	5.879375721788414e-26	7.082548338140222e-26
local_peak_before_drop	33	-8.685113737513521e-07	-8.199781320362245e-07	1	GL05_isr_p1_ct	threshold_counterterm:12:0	-2.2490190734913253e-06	4.3414916732070865e-07	2.290539738230499e-06	-4.1472601655583055e-26	8.00584383103689e-27	4.223825545083061e-26
local_peak_before_drop	33	-8.685113737513521e-07	-8.199781320362245e-07	1	GL05_isr_p1_ct	threshold_counterterm:14:0	1.8651858446505816e-08	2.333944859770925e-08	2.987677499921306e-08	3.439459916573454e-28	4.303865920759546e-28	5.509368964009479e-28
local_peak_before_drop	33	-8.685113737513521e-07	-8.199781320362245e-07	1	GL05_isr_p1_ct	threshold_counterterm:20:0	3.8513880454635545e-18	5.3837657852920044e-18	6.619525957923302e-18	7.102077706376583e-38	9.92782926797325e-38	1.220660893620491e-37
local_peak_before_drop	33	-8.685113737513521e-07	-8.199781320362245e-07	1	GL05_isr_p1_ct	threshold_counterterm:26:0	2.9968058593290313e-07	3.697021530712831e-07	4.759076964818184e-07	5.526201938791587e-27	6.817421117614126e-27	8.775883919195543e-27
local_peak_before_drop	33	-8.685113737513521e-07	-8.199781320362245e-07	1	GL05_isr_p1_ct	threshold_counterterm:29:0	9.039086401393778e-74	1.656018395517989e-73	1.8866498763714995e-73	1.6668352619769272e-93	3.0537487236610695e-93	3.4790402495273467e-93
local_peak_before_drop	33	-8.685113737513521e-07	-8.199781320362245e-07	1	GL05_isr_p1_ct	threshold_counterterm:30:0	1.935334083979994e-27	3.87609725266555e-27	4.332395172273198e-27	3.568815421861944e-47	7.147642242471106e-47	7.989069604257871e-47
local_peak_before_drop	33	-8.685113737513521e-07	-8.199781320362245e-07	1	GL05_isr_p1_ct	threshold_counterterm:31:0	3.5207639406850396e-07	2.3284953403457263e-07	4.221098112581584e-07	6.492396714479652e-27	4.2938168397624346e-27	7.783834411882978e-27
local_peak_before_drop	33	-8.685113737513521e-07	-8.199781320362245e-07	1	GL05_isr_p1_ct	threshold_counterterm:33:0	4.490228087114474e-18	5.180016884086432e-18	6.855269738947711e-18	8.280118341127424e-38	9.55211004366521e-38	1.264132770041836e-37
local_peak_before_drop	33	-8.685113737513521e-07	-8.199781320362245e-07	1	GL05_isr_p1_ct	threshold_counterterm:34:0	-2.6655439906481826	-5.452373723511174	6.0690612113337385	-4.9153448906938176e-20	-1.0054344410762032e-19	1.1191535056670802e-19
local_peak_before_drop	33	-8.685113737513521e-07	-8.199781320362245e-07	2	GL05_isr_p2_ct	original	-2.1136416573663252e-05	1.7461724168776192e-05	2.7416416916180883e-05	-3.897620057197709e-25	3.219995504738504e-25	5.055671385761345e-25
local_peak_before_drop	33	-8.685113737513521e-07	-8.199781320362245e-07	2	GL05_isr_p2_ct	threshold_counterterm:4:0	-2.8117064072454365	-6.674429019060176	7.242492364581244	-5.18487287078094e-20	-1.2307851865224047e-19	1.3355378101066973e-19
local_peak_before_drop	33	-8.685113737513521e-07	-8.199781320362245e-07	2	GL05_isr_p2_ct	threshold_counterterm:12:0	2.0405763600979185e-27	3.96779784609743e-27	4.4617677694929256e-27	3.762885407581983e-47	7.316740949894566e-47	8.227636642344961e-47
local_peak_before_drop	33	-8.685113737513521e-07	-8.199781320362245e-07	2	GL05_isr_p2_ct	threshold_counterterm:14:0	1.204662599210959e-06	-1.6647108181349738e-06	2.054865953280972e-06	2.2214347888520967e-26	-3.0697778176276476e-26	3.789235855778988e-26
local_peak_before_drop	33	-8.685113737513521e-07	-8.199781320362245e-07	2	GL05_isr_p2_ct	threshold_counterterm:15:0	2.1179513409014666e-06	-1.1936911517967974e-06	2.431175939397288e-06	3.905567245846362e-26	-2.2012031032449872e-26	4.483163014386528e-26
local_peak_before_drop	33	-8.685113737513521e-07	-8.199781320362245e-07	2	GL05_isr_p2_ct	threshold_counterterm:17:0	1.9077417923058783e-08	-1.2644174604082346e-08	2.28871803861805e-08	3.5179343895553195e-28	-2.3316245860231893e-28	4.220466275112711e-28
local_peak_before_drop	33	-8.685113737513521e-07	-8.199781320362245e-07	2	GL05_isr_p2_ct	threshold_counterterm:19:0	4.6562210052250145e-18	5.334834740742981e-18	7.08102081345175e-18	8.586214374353121e-38	9.837598920748003e-38	1.3057619607258072e-37
local_peak_before_drop	33	-8.685113737513521e-07	-8.199781320362245e-07	2	GL05_isr_p2_ct	threshold_counterterm:24:0	3.9923243085531834e-07	2.8868078069808087e-07	4.926693891354526e-07	7.361968499070885e-27	5.323362155808065e-27	9.084974673778762e-27
local_peak_before_drop	33	-8.685113737513521e-07	-8.199781320362245e-07	2	GL05_isr_p2_ct	threshold_counterterm:27:0	-1.3950420241486035e-05	1.4281247635290732e-06	1.4023329321322675e-05	-2.572500288781409e-25	2.633505875091168e-26	2.5859449467693295e-25
local_peak_before_drop	33	-8.685113737513521e-07	-8.199781320362245e-07	2	GL05_isr_p2_ct	threshold_counterterm:29:0	9.05873204546414e-74	1.652099963906289e-73	1.8841551298803266e-73	1.6704579790112148e-93	3.046523015561831e-93	3.474439860465307e-93
local_peak_before_drop	33	-8.685113737513521e-07	-8.199781320362245e-07	2	GL05_isr_p2_ct	threshold_counterterm:30:0	2.0047148123819235e-27	3.981505613850521e-27	4.457720093512681e-27	3.696755613454922e-47	7.3420184941498345e-47	8.220172603665247e-47
local_peak_before_drop	33	-8.685113737513521e-07	-8.199781320362245e-07	2	GL05_isr_p2_ct	threshold_counterterm:31:0	3.773332524416736e-18	5.071500655250341e-18	6.321246493851178e-18	6.958140931026414e-38	9.352002788696541e-38	1.1656572454019791e-37
local_peak_before_drop	33	-8.685113737513521e-07	-8.199781320362245e-07	2	GL05_isr_p2_ct	threshold_counterterm:32:0	3.206622219584742e-07	3.916928752039229e-07	5.062090171824892e-07	5.913109743721901e-27	7.222936779920091e-27	9.334649568570922e-27
local_peak_before_drop	33	-8.685113737513521e-07	-8.199781320362245e-07	2	GL05_isr_p2_ct	threshold_counterterm:33:0	1.8735342274942466e-08	2.3614192187390297e-08	3.014370784794484e-08	3.454854590643787e-28	4.354529481538418e-28	5.558592200195989e-28
local_peak_before_drop	33	-8.685113737513521e-07	-8.199781320362245e-07	2	GL05_isr_p2_ct	threshold_counterterm:34:0	2.721517045824586e-07	2.2227593737204284e-07	3.5138745373413393e-07	5.0185609215464745e-27	4.098836473601662e-27	6.47969244336494e-27
local_peak_before_drop	33	-8.685113737513521e-07	-8.199781320362245e-07	3	GL06	original	-1.3706732092378587e-06	-4.7043270506402525e-08	1.3714802644669552e-06	-2.527563446514302e-26	-8.674923397866845e-28	2.5290516811151057e-26
local_peak_before_drop	33	-8.685113737513521e-07	-8.199781320362245e-07	3	GL06	threshold_counterterm:6:0	-2.939021038224673e-08	-3.36805425578371e-08	4.4700821170343167e-08	-5.419644955987526e-28	-6.2107953707866955e-28	8.242968554273788e-28
local_peak_before_drop	33	-8.685113737513521e-07	-8.199781320362245e-07	3	GL06	threshold_counterterm:7:0	-3.3977450517582214e-08	-1.616940741428501e-07	1.652254240623647e-07	-6.265546109399889e-28	-2.9816883307195306e-27	3.046807506561447e-27
local_peak_before_drop	33	-8.685113737513521e-07	-8.199781320362245e-07	3	GL06	threshold_counterterm:13:0	5.839188535764955e-19	-3.3163459687037456e-18	3.3673597686762953e-18	1.0767642791027727e-38	-6.115443703135835e-38	6.20951471525557e-38
local_peak_before_drop	33	-8.685113737513521e-07	-8.199781320362245e-07	3	GL06	threshold_counterterm:16:0	-2.1889369889385098e-08	-3.5831947964213714e-08	4.1988962943426436e-08	-4.036466958481239e-28	-6.607521127673298e-28	7.742893577956486e-28
local_peak_before_drop	33	-8.685113737513521e-07	-8.199781320362245e-07	3	GL06	threshold_counterterm:17:0	-4.6381534140064027e-08	-1.1992381272638382e-08	4.790682537775022e-08	-8.552897181879418e-28	-2.2114318961729524e-28	8.834165565304512e-28
local_peak_before_drop	33	-8.685113737513521e-07	-8.199781320362245e-07	3	GL06	threshold_counterterm:19:0	-2.0714740830387825e-07	2.899638645729806e-07	3.5635528833610913e-07	-3.8198617565465025e-27	5.347022616077889e-27	6.571300837427469e-27
local_peak_before_drop	33	-8.685113737513521e-07	-8.199781320362245e-07	3	GL06	threshold_counterterm:20:0	-6.947021082713146e-08	-3.767863206162465e-07	3.831371054803946e-07	-1.2810519993013787e-27	-6.948055340381117e-27	7.065165761531191e-27
local_peak_before_drop	33	-8.685113737513521e-07	-8.199781320362245e-07	3	GL06	threshold_counterterm:21:0	3.887660558062274e-29	-2.0256652727952482e-27	2.0260382987175043e-27	7.168965332354719e-49	-3.7353889051625846e-47	3.736076776406687e-47
local_peak_before_drop	33	-8.685113737513521e-07	-8.199781320362245e-07	3	GL06	threshold_counterterm:23:0	5.162991524587702e-08	3.38677605045224e-08	6.174684890654852e-08	9.520714758455921e-28	6.245318934491304e-28	1.1386308361597976e-27
local_peak_before_drop	33	-8.685113737513521e-07	-8.199781320362245e-07	3	GL06	threshold_counterterm:34:0	3.922085689214447e-75	-1.0236722724522928e-73	1.024423348524913e-73	7.232446330272579e-95	-1.8876830739978685e-93	1.8890680813168353e-93
local_peak_before_drop	33	-8.685113737513521e-07	-8.199781320362245e-07	3	GL06	threshold_counterterm:35:0	4.749833650299426e-19	-2.8960876546864317e-18	2.9347798726109467e-18	8.75883896366217e-39	-5.340474479658762e-38	5.411824116487914e-38
local_peak_before_drop	33	-8.685113737513521e-07	-8.199781320362245e-07	3	GL06	threshold_counterterm:36:0	-4.655419432928161e-08	-1.21607310462969e-07	1.3021378946826425e-07	-8.584736250447576e-28	-2.242476110888787e-27	2.401182223989755e-27
local_peak_before_drop	33	-8.685113737513521e-07	-8.199781320362245e-07	3	GL06	threshold_counterterm:37:0	2.5657694779118175e-29	-2.061636171277623e-27	2.0617958240382666e-27	4.7313576283860965e-49	-3.8017203454574463e-47	3.8020147500458037e-47
local_peak_before_drop	33	-8.685113737513521e-07	-8.199781320362245e-07	3	GL06	threshold_counterterm:38:0	-2.3581452893857914e-08	-3.9617852474814566e-08	4.6104871275185345e-08	-4.348492255375432e-28	-7.305653533595865e-28	8.501879700866265e-28
local_peak_before_drop	33	-8.685113737513521e-07	-8.199781320362245e-07	3	GL06	threshold_counterterm:39:0	-2.9642990306523376e-08	-3.21415741516473e-08	4.3723994136612e-08	-5.466258349487029e-28	-5.92700487553155e-28	8.062838652603153e-28
local_peak_before_drop	33	-8.685113737513521e-07	-8.199781320362245e-07	4	GL06_isr_p1_ct	original	-4.248467401656991e-06	-1.3036451167954513e-06	4.4439808565616855e-06	-7.834304220556446e-26	-2.403961587803419e-26	8.19483702924365e-26
local_peak_before_drop	33	-8.685113737513521e-07	-8.199781320362245e-07	4	GL06_isr_p1_ct	threshold_counterterm:3:0	-5.690299133785695e-08	5.380932099581104e-09	5.715684432731154e-08	-1.0493086166239385e-27	9.922603864592262e-29	1.0539897436249585e-27
local_peak_before_drop	33	-8.685113737513521e-07	-8.199781320362245e-07	4	GL06_isr_p1_ct	threshold_counterterm:8:0	-2.3493972569674733e-07	1.1250107917102562e-08	2.352089276337302e-07	-4.332360615229231e-27	2.0745544123110587e-28	4.337324781531329e-27
local_peak_before_drop	33	-8.685113737513521e-07	-8.199781320362245e-07	4	GL06_isr_p1_ct	threshold_counterterm:15:0	2.164842508943891e-19	-9.762192984542077e-18	9.764593043149718e-18	3.992035998215348e-39	-1.8001783342119026e-37	1.8006209123819053e-37
local_peak_before_drop	33	-8.685113737513521e-07	-8.199781320362245e-07	4	GL06_isr_p1_ct	threshold_counterterm:17:0	6.585968438875593e-06	-7.895831516636626e-06	1.0281981113432259e-05	1.214472784162376e-25	-1.456015554019854e-25	1.896028859753684e-25
local_peak_before_drop	33	-8.685113737513521e-07	-8.199781320362245e-07	4	GL06_isr_p1_ct	threshold_counterterm:20:0	-7.611783159696718e-28	-4.440656770877119e-27	4.5054217322509586e-27	-1.4036361656138482e-47	-8.188707313267029e-47	8.308135888860514e-47
local_peak_before_drop	33	-8.685113737513521e-07	-8.199781320362245e-07	4	GL06_isr_p1_ct	threshold_counterterm:22:0	2.8889045099356405e-08	-8.363607065511212e-07	8.368594914257968e-07	5.327228540378154e-28	-1.5422748002457274e-26	1.5431945748560486e-26
local_peak_before_drop	33	-8.685113737513521e-07	-8.199781320362245e-07	4	GL06_isr_p1_ct	threshold_counterterm:23:0	-5.617680601026525e-08	-2.2370083767120995e-08	6.046696768701888e-08	-1.0359175364084263e-27	-4.125112072240557e-28	1.115029433837489e-27
local_peak_before_drop	33	-8.685113737513521e-07	-8.199781320362245e-07	4	GL06_isr_p1_ct	threshold_counterterm:24:0	-3.399229966639043e-06	1.5912313489881064e-05	1.6271339372232015e-05	-6.26828433799344e-26	2.9342794223623265e-25	3.000484896465624e-25
local_peak_before_drop	33	-8.685113737513521e-07	-8.199781320362245e-07	4	GL06_isr_p1_ct	threshold_counterterm:35:0	-3.846462819527854e-74	-2.2643031480570592e-73	2.2967414979751662e-73	-7.092995438658064e-94	-4.17544446793307e-93	4.235261780306043e-93
local_peak_before_drop	33	-8.685113737513521e-07	-8.199781320362245e-07	4	GL06_isr_p1_ct	threshold_counterterm:36:0	-9.254663435308637e-28	-4.463962609181294e-27	4.558886939723012e-27	-1.7065883283649502e-47	-8.23168399406227e-47	8.406727371612121e-47
local_peak_before_drop	33	-8.685113737513521e-07	-8.199781320362245e-07	4	GL06_isr_p1_ct	threshold_counterterm:37:0	2.741423242620309e-20	-7.031619250747896e-18	7.031672690592753e-18	5.0552685591079946e-40	-1.2966521610121049e-37	1.296662015483436e-37
local_peak_before_drop	33	-8.685113737513521e-07	-8.199781320362245e-07	4	GL06_isr_p1_ct	threshold_counterterm:38:0	-4.0991924613692175e-08	-2.8985649245817755e-08	5.020463868743801e-08	-7.559036651299895e-28	-5.345042641341957e-28	9.257889388702964e-28
local_peak_before_drop	33	-8.685113737513521e-07	-8.199781320362245e-07	4	GL06_isr_p1_ct	threshold_counterterm:39:0	-4.519798611657715e-10	-7.287301201260346e-10	8.575158207743661e-10	-8.334647295531741e-30	-1.3438006970521494e-29	1.5812854798571282e-29
local_peak_before_drop	33	-8.685113737513521e-07	-8.199781320362245e-07	4	GL06_isr_p1_ct	threshold_counterterm:40:0	-5.8071406430156896e-08	-4.029146957313144e-08	7.068020065859352e-08	-1.0708545493652306e-27	-7.429870593007091e-28	1.3033645829868658e-27
local_peak_before_drop	33	-8.685113737513521e-07	-8.199781320362245e-07	5	GL06_isr_p2_ct	original	-4.503673574811428e-06	-1.4797918285849474e-06	4.740554769686932e-06	-8.304912232913107e-26	-2.7287815280650215e-26	8.741728423160871e-26
local_peak_before_drop	33	-8.685113737513521e-07	-8.199781320362245e-07	5	GL06_isr_p2_ct	threshold_counterterm:3:0	-5.091968674187229e-08	-5.6119670507166426e-08	7.577751589834105e-08	-9.38974644352161e-28	-1.0348639402036015e-27	1.3973606397312006e-27
local_peak_before_drop	33	-8.685113737513521e-07	-8.199781320362245e-07	5	GL06_isr_p2_ct	threshold_counterterm:6:0	7.341717706982641e-06	4.0894250423611533e-05	4.154805093621209e-05	1.35383526764299e-25	7.54102523101008e-25	7.661588051223101e-25
local_peak_before_drop	33	-8.685113737513521e-07	-8.199781320362245e-07	5	GL06_isr_p2_ct	threshold_counterterm:8:0	-3.64079356693904e-10	-7.742148741574833e-10	8.55548040344512e-10	-6.713735027487955e-30	-1.427675978839782e-29	1.5776568323781052e-29
local_peak_before_drop	33	-8.685113737513521e-07	-8.199781320362245e-07	5	GL06_isr_p2_ct	threshold_counterterm:13:0	1.11562010383827e-19	-6.8177083125350275e-18	6.818621027522361e-18	2.057237695793301e-39	-1.2572063277826761e-37	1.257374635226312e-37
local_peak_before_drop	33	-8.685113737513521e-07	-8.199781320362245e-07	5	GL06_isr_p2_ct	threshold_counterterm:17:0	-3.5187631076793855e-08	-3.148394997815107e-08	4.721661240520404e-08	-6.488707117036887e-28	-5.805736960519374e-28	8.706888175773585e-28
local_peak_before_drop	33	-8.685113737513521e-07	-8.199781320362245e-07	5	GL06_isr_p2_ct	threshold_counterterm:19:0	6.425298575854607e-08	-1.2346378801634671e-08	6.54284284420876e-08	1.1848447685280651e-27	-2.2767101264919737e-28	1.2065202922077338e-27
local_peak_before_drop	33	-8.685113737513521e-07	-8.199781320362245e-07	5	GL06_isr_p2_ct	threshold_counterterm:21:0	-9.461793583219064e-28	-4.310038099732465e-27	4.412673090005636e-27	-1.7447837630609122e-47	-7.947842476636076e-47	8.13710454727366e-47
local_peak_before_drop	33	-8.685113737513521e-07	-8.199781320362245e-07	5	GL06_isr_p2_ct	threshold_counterterm:23:0	2.88890450993558e-08	-8.36360706551121e-07	8.368594914257966e-07	5.327228540378042e-28	-1.5422748002457268e-26	1.543194574856048e-26
local_peak_before_drop	33	-8.685113737513521e-07	-8.199781320362245e-07	5	GL06_isr_p2_ct	threshold_counterterm:25:0	-9.301115775168532e-06	-3.3843969082239654e-05	3.509878912302649e-05	-1.71515428233878e-25	-6.240931723236485e-25	6.472324388218238e-25
local_peak_before_drop	33	-8.685113737513521e-07	-8.199781320362245e-07	5	GL06_isr_p2_ct	threshold_counterterm:35:0	-3.882508556705966e-74	-2.25691987226374e-73	2.2900711859564383e-73	-7.159464883803721e-94	-4.161829480870542e-93	4.222961520315731e-93
local_peak_before_drop	33	-8.685113737513521e-07	-8.199781320362245e-07	5	GL06_isr_p2_ct	threshold_counterterm:36:0	-2.1145084515420925e-21	-9.80350505176951e-18	9.80350527980764e-18	-3.899218452248809e-41	-1.8077964061432904e-37	1.8077964481942212e-37
local_peak_before_drop	33	-8.685113737513521e-07	-8.199781320362245e-07	5	GL06_isr_p2_ct	threshold_counterterm:37:0	-2.7998567546901955e-07	-3.198922022283654e-08	2.818071835108329e-07	-5.163021747952637e-27	-5.898910343676723e-28	5.196610915034842e-27
local_peak_before_drop	33	-8.685113737513521e-07	-8.199781320362245e-07	5	GL06_isr_p2_ct	threshold_counterterm:38:0	-7.676793469917678e-28	-4.546656845146056e-27	4.611010740316183e-27	-1.415624266253272e-47	-8.384174702024806e-47	8.502845258928205e-47
local_peak_before_drop	33	-8.685113737513521e-07	-8.199781320362245e-07	5	GL06_isr_p2_ct	threshold_counterterm:40:0	-6.762958053797973e-08	-3.787160510298643e-09	6.77355353450008e-08	-1.2471102121120469e-27	-6.983640161199197e-29	1.249064051257687e-27
right_after_drop	34	-5.689866029018304e-07	-5.37191090297283e-07	0	GL05	original	-8.928392950748185e-06	1.0998822543905613e-05	1.4166520322058491e-05	-1.6464230500992393e-25	2.028216618615545e-25	2.612349806577664e-25
right_after_drop	34	-5.689866029018304e-07	-5.37191090297283e-07	0	GL05	threshold_counterterm:5:0	-0.037889528701237594	-0.31607618605922844	0.31833908302146924	-6.986945327701638e-22	-5.8285418348635886e-21	5.8702703490450866e-21
right_after_drop	34	-5.689866029018304e-07	-5.37191090297283e-07	0	GL05	threshold_counterterm:8:0	3.4349868349297135e-08	2.2934631168743333e-09	3.4426347884759836e-08	6.33422110004891e-28	4.229216344983925e-29	6.348324161007503e-28
right_after_drop	34	-5.689866029018304e-07	-5.37191090297283e-07	0	GL05	threshold_counterterm:10:0	1.0697041851988138e-07	9.835791168166055e-08	1.4531672040304212e-07	1.9725673332414967e-27	1.813750065052199e-27	2.679684903612424e-27
right_after_drop	34	-5.689866029018304e-07	-5.37191090297283e-07	0	GL05	threshold_counterterm:12:0	4.4692236320811216e-07	-1.0516717256387355e-06	1.1426955050421261e-06	8.241385481684016e-27	-1.939314924623877e-26	2.1071655662159142e-26
right_after_drop	34	-5.689866029018304e-07	-5.37191090297283e-07	0	GL05	threshold_counterterm:14:0	3.9049879093944353e-28	1.6254103024232157e-27	1.671660239686491e-27	7.200917499769179e-48	2.997306461017829e-47	3.0825927641587758e-47
right_after_drop	34	-5.689866029018304e-07	-5.37191090297283e-07	0	GL05	threshold_counterterm:15:0	1.757311627504305e-08	4.6153099506655196e-09	1.8169080922184676e-08	3.2405365508560463e-28	8.510773134700944e-29	3.3504342600530865e-28
right_after_drop	34	-5.689866029018304e-07	-5.37191090297283e-07	0	GL05	threshold_counterterm:16:0	-1.5632841346261223e-08	6.776663782804865e-09	1.703845358542123e-08	-2.8827439017311703e-28	1.2496375905865203e-28	3.141943110684077e-28
right_after_drop	34	-5.689866029018304e-07	-5.37191090297283e-07	0	GL05	threshold_counterterm:21:0	4.665731736991502e-19	2.670346028549615e-18	2.710800331748246e-18	8.603752455494973e-39	4.92419999589806e-38	4.998798972028862e-38
right_after_drop	34	-5.689866029018304e-07	-5.37191090297283e-07	0	GL05	threshold_counterterm:26:0	1.2458618174020994e-07	1.296171195836353e-07	1.7978407707514877e-07	2.2974074110811367e-27	2.3901794482744364e-27	3.3152735343322756e-27
right_after_drop	34	-5.689866029018304e-07	-5.37191090297283e-07	0	GL05	threshold_counterterm:28:0	1.477550418310925e-74	6.664230852821309e-74	6.826062415356764e-74	2.724648298759102e-94	1.228904613382643e-93	1.2587468499712133e-93
right_after_drop	34	-5.689866029018304e-07	-5.37191090297283e-07	0	GL05	threshold_counterterm:29:0	3.4656787922871263e-28	1.6110049350892142e-27	1.647861097239355e-27	6.390818010965195e-48	2.9707425217348264e-47	3.0387064153906294e-47
right_after_drop	34	-5.689866029018304e-07	-5.37191090297283e-07	0	GL05	threshold_counterterm:30:0	1.370349811061419e-07	1.4301568375787664e-07	1.9807087581846467e-07	2.5269670903559346e-27	2.637253081977535e-27	3.652487713072002e-27
right_after_drop	34	-5.689866029018304e-07	-5.37191090297283e-07	0	GL05	threshold_counterterm:31:0	-0.02061226651034919	-0.346287240449675	0.3469001562826755	-3.800965177566887e-22	-6.3856429457870826e-21	6.396945301774206e-21
right_after_drop	34	-5.689866029018304e-07	-5.37191090297283e-07	0	GL05	threshold_counterterm:32:0	4.724531141171449e-19	2.7800594951537818e-18	2.819918924656113e-18	8.712180360615182e-39	5.126514994039193e-38	5.200017004824845e-38
right_after_drop	34	-5.689866029018304e-07	-5.37191090297283e-07	0	GL05	threshold_counterterm:33:0	1.1468915560241773e-07	1.1170992900829425e-07	1.601021881544213e-07	2.1149032129507187e-27	2.0599653606060534e-27	2.952333464743795e-27
right_after_drop	34	-5.689866029018304e-07	-5.37191090297283e-07	1	GL05_isr_p1_ct	original	-1.853937882099614e-05	1.709323361661285e-05	2.5216803971568322e-05	-3.41871832857131e-25	3.1520447164866627e-25	4.650056010935879e-25
right_after_drop	34	-5.689866029018304e-07	-5.37191090297283e-07	1	GL05_isr_p1_ct	threshold_counterterm:1:0	2.530363260990092e-07	2.07955812729853e-07	3.2752557514462565e-07	4.66606747821203e-27	3.8347689821588735e-27	6.039672081972313e-27
right_after_drop	34	-5.689866029018304e-07	-5.37191090297283e-07	1	GL05_isr_p1_ct	threshold_counterterm:3:0	-3.773758095609921e-08	3.858215830521612e-09	3.7934296432292366e-08	-6.9589256973620605e-28	7.114668351482282e-29	6.995200634643861e-28
right_after_drop	34	-5.689866029018304e-07	-5.37191090297283e-07	1	GL05_isr_p1_ct	threshold_counterterm:6:0	2.0993085450546413e-27	4.107499898172141e-27	4.6128789037675355e-27	3.8711893583924553e-47	7.574355819614983e-47	8.506290209642882e-47
right_after_drop	34	-5.689866029018304e-07	-5.37191090297283e-07	1	GL05_isr_p1_ct	threshold_counterterm:8:0	1.2046617669512198e-06	-1.6647029741991024e-06	2.0548591107570786e-06	2.2214332541396062e-26	-3.0697633531692693e-26	3.789223237955019e-26
right_after_drop	34	-5.689866029018304e-07	-5.37191090297283e-07	1	GL05_isr_p1_ct	threshold_counterterm:11:0	2.1415203140589043e-06	3.1883306655290337e-06	3.840776183049431e-06	3.9490291553833116e-26	5.879379556905997e-26	7.082509106540675e-26
right_after_drop	34	-5.689866029018304e-07	-5.37191090297283e-07	1	GL05_isr_p1_ct	threshold_counterterm:12:0	-2.2490129103578024e-06	4.3414694866816484e-07	2.2905332662927974e-06	-4.147248800551021e-26	8.005802918403357e-27	4.223813610631397e-26
right_after_drop	34	-5.689866029018304e-07	-5.37191090297283e-07	1	GL05_isr_p1_ct	threshold_counterterm:14:0	1.8651815909627373e-08	2.333946417992136e-08	2.987676061644671e-08	3.4394520726425766e-28	4.303868794167261e-28	5.50936631178324e-28
right_after_drop	34	-5.689866029018304e-07	-5.37191090297283e-07	1	GL05_isr_p1_ct	threshold_counterterm:20:0	3.8513738302139894e-18	5.383768218907349e-18	6.6195196664844185e-18	7.102051493020299e-38	9.927833755634602e-38	1.2206597334598602e-37
right_after_drop	34	-5.689866029018304e-07	-5.37191090297283e-07	1	GL05_isr_p1_ct	threshold_counterterm:26:0	2.996798088760005e-07	3.6970227242823526e-07	4.7590729988786393e-07	5.526187609623922e-27	6.81742331859294e-27	8.77587660588136e-27
right_after_drop	34	-5.689866029018304e-07	-5.37191090297283e-07	1	GL05_isr_p1_ct	threshold_counterterm:29:0	9.03905128931104e-74	1.6560197416481997e-73	1.8866493757019417e-73	1.6668287872011554e-93	3.0537512059664732e-93	3.4790393262773222e-93
right_after_drop	34	-5.689866029018304e-07	-5.37191090297283e-07	1	GL05_isr_p1_ct	threshold_counterterm:30:0	1.9353255140583673e-27	3.876098975516714e-27	4.332392885388743e-27	3.568799618663561e-47	7.147645419461504e-47	7.989065387172783e-47
right_after_drop	34	-5.689866029018304e-07	-5.37191090297283e-07	1	GL05_isr_p1_ct	threshold_counterterm:31:0	3.520756778480144e-07	2.3284982875240977e-07	4.22109376444264e-07	6.492383507154106e-27	4.293822274449763e-27	7.783826393781377e-27
right_after_drop	34	-5.689866029018304e-07	-5.37191090297283e-07	1	GL05_isr_p1_ct	threshold_counterterm:33:0	4.4902120426566656e-18	5.180020311236235e-18	6.8552618194230105e-18	8.280088754655022e-38	9.552116363434584e-38	1.2641313096571864e-37
right_after_drop	34	-5.689866029018304e-07	-5.37191090297283e-07	1	GL05_isr_p1_ct	threshold_counterterm:34:0	-0.7231274350515874	-1.4791647935369467	1.6464634140373378	-1.3334691738991012e-20	-2.727625256200708e-20	3.0361290446888336e-20
right_after_drop	34	-5.689866029018304e-07	-5.37191090297283e-07	2	GL05_isr_p2_ct	original	-2.1136309611229716e-05	1.746159393567467e-05	2.7416251508113797e-05	-3.897600332996832e-25	3.2199714893550623e-25	5.055640884006347e-25
right_after_drop	34	-5.689866029018304e-07	-5.37191090297283e-07	2	GL05_isr_p2_ct	threshold_counterterm:4:0	-0.7627794418181181	-1.8106934488267075	1.9648010694429896	-1.4065886907967488e-20	-3.338974266989628e-20	3.6231534470259794e-20
right_after_drop	34	-5.689866029018304e-07	-5.37191090297283e-07	2	GL05_isr_p2_ct	threshold_counterterm:12:0	2.0405673926062407e-27	3.967799728448934e-27	4.4617653421989e-27	3.7628688712522296e-47	7.316744421008485e-47	8.227632166340314e-47
right_after_drop	34	-5.689866029018304e-07	-5.37191090297283e-07	2	GL05_isr_p2_ct	threshold_counterterm:14:0	1.20466176695122e-06	-1.6647029741991028e-06	2.054859110757079e-06	2.2214332541396068e-26	-3.06976335316927e-26	3.7892232379550194e-26
right_after_drop	34	-5.689866029018304e-07	-5.37191090297283e-07	2	GL05_isr_p2_ct	threshold_counterterm:15:0	2.1179529032797994e-06	-1.193690590789413e-06	2.4311770250334524e-06	3.9055701269199375e-26	-2.2012020687301598e-26	4.4831650163329203e-26
right_after_drop	34	-5.689866029018304e-07	-5.37191090297283e-07	2	GL05_isr_p2_ct	threshold_counterterm:17:0	1.907742356410479e-08	-1.264417364954555e-08	2.2887184560887404e-08	3.517935429781509e-28	-2.331624410003676e-28	4.220467044941472e-28
right_after_drop	34	-5.689866029018304e-07	-5.37191090297283e-07	2	GL05_isr_p2_ct	threshold_counterterm:19:0	4.656204282710372e-18	5.334837994278866e-18	7.081012268562438e-18	8.586183537523117e-38	9.837604920367986e-38	1.3057603850220048e-37
right_after_drop	34	-5.689866029018304e-07	-5.37191090297283e-07	2	GL05_isr_p2_ct	threshold_counterterm:24:0	3.9923162030865723e-07	2.8868098163012245e-07	4.926688500496118e-07	7.361953552341799e-27	5.3233658610565526e-27	9.08496473287048e-27
right_after_drop	34	-5.689866029018304e-07	-5.37191090297283e-07	2	GL05_isr_p2_ct	threshold_counterterm:27:0	-1.3950463689879179e-05	1.4281174438374306e-06	1.4023371798395354e-05	-2.572508300798393e-25	2.63349237735523e-26	2.5859527796718403e-25
right_after_drop	34	-5.689866029018304e-07	-5.37191090297283e-07	2	GL05_isr_p2_ct	threshold_counterterm:29:0	9.058696891589404e-74	1.65210130918031e-73	1.8841546193272487e-73	1.6704514965288705e-93	3.0465254962883953e-93	3.4744389189897693e-93
right_after_drop	34	-5.689866029018304e-07	-5.37191090297283e-07	2	GL05_isr_p2_ct	threshold_counterterm:30:0	2.004706172166614e-27	3.9815072744776955e-27	4.4577176910883134e-27	3.696739680632832e-47	7.342021556397288e-47	8.220168173521013e-47
right_after_drop	34	-5.689866029018304e-07	-5.37191090297283e-07	2	GL05_isr_p2_ct	threshold_counterterm:31:0	3.773318717564943e-18	5.0715033485026175e-18	6.321240412941056e-18	6.958115470768149e-38	9.352007755136361e-38	1.165656124063498e-37
right_after_drop	34	-5.689866029018304e-07	-5.37191090297283e-07	2	GL05_isr_p2_ct	threshold_counterterm:32:0	3.2066144853725296e-07	3.9169296256639217e-07	5.062085948520101e-07	5.9130954815973166e-27	7.222938390910826e-27	9.334641780667326e-27
right_after_drop	34	-5.689866029018304e-07	-5.37191090297283e-07	2	GL05_isr_p2_ct	threshold_counterterm:33:0	1.873530326563573e-08	2.361420805514257e-08	3.0143696032950254e-08	3.4548473972079544e-28	4.354532407600615e-28	5.558590021474743e-28
right_after_drop	34	-5.689866029018304e-07	-5.37191090297283e-07	2	GL05_isr_p2_ct	threshold_counterterm:34:0	2.7215113080648896e-07	2.222762091907012e-07	3.513871812850307e-07	5.0185503409415745e-27	4.0988414860211085e-27	6.479687419319895e-27
right_after_drop	34	-5.689866029018304e-07	-5.37191090297283e-07	3	GL06	original	-1.370675788515966e-06	-4.70466514019224e-08	1.3714829581996267e-06	-2.5275682027822574e-26	-8.675546845372416e-28	2.5290566484407888e-26
right_after_drop	34	-5.689866029018304e-07	-5.37191090297283e-07	3	GL06	threshold_counterterm:6:0	-2.939018452430947e-08	-3.3680634526611016e-08	4.4700873464487266e-08	-5.41964018770457e-28	-6.210812330110742e-28	8.242978197474384e-28
right_after_drop	34	-5.689866029018304e-07	-5.37191090297283e-07	3	GL06	threshold_counterterm:7:0	-3.397740283548796e-08	-1.6169434711680386e-07	1.6522568139661122e-07	-6.265537316675432e-28	-2.981693364442979e-27	3.0468122518838958e-27
right_after_drop	34	-5.689866029018304e-07	-5.37191090297283e-07	3	GL06	threshold_counterterm:13:0	5.839230811553353e-19	-3.316350808772018e-18	3.3673652685072283e-18	1.0767720748878443e-38	-6.115452628370211e-38	6.209524857112531e-38
right_after_drop	34	-5.689866029018304e-07	-5.37191090297283e-07	3	GL06	threshold_counterterm:16:0	-2.1889350853581634e-08	-3.5832022146340175e-08	4.198901632435568e-08	-4.0364634482206835e-28	-6.607534807084988e-28	7.742903421563597e-28
right_after_drop	34	-5.689866029018304e-07	-5.37191090297283e-07	3	GL06	threshold_counterterm:17:0	-4.638152242755741e-08	-1.1992393882025202e-08	4.7906817194629475e-08	-8.552895022057266e-28	-2.2114342213825644e-28	8.834164056311942e-28
right_after_drop	34	-5.689866029018304e-07	-5.37191090297283e-07	3	GL06	threshold_counterterm:19:0	-2.0714671024833664e-07	2.8996322255263746e-07	3.563543601526698e-07	-3.81984888418817e-27	5.347010777025807e-27	6.571283721440107e-27
right_after_drop	34	-5.689866029018304e-07	-5.37191090297283e-07	3	GL06	threshold_counterterm:20:0	-6.946971396884084e-08	-3.7678676926277694e-07	3.8313745660062223e-07	-1.2810428370820765e-27	-6.948063613560771e-27	7.065172236295904e-27
right_after_drop	34	-5.689866029018304e-07	-5.37191090297283e-07	3	GL06	threshold_counterterm:21:0	3.887901113126541e-29	-2.025668059685562e-27	2.026041131254944e-27	7.16940892327283e-49	-3.735394044273818e-47	3.736081999692622e-47
right_after_drop	34	-5.689866029018304e-07	-5.37191090297283e-07	3	GL06	threshold_counterterm:23:0	5.16299872449313e-08	3.3867825095180295e-08	6.174694453646669e-08	9.520728035302405e-28	6.245330845206767e-28	1.1386325996048254e-27
right_after_drop	34	-5.689866029018304e-07	-5.37191090297283e-07	3	GL06	threshold_counterterm:34:0	3.9222053570892097e-75	-1.02367345541894e-73	1.024424576440682e-73	7.232667001504739e-95	-1.8876852554246563e-93	1.8890703456311826e-93
right_after_drop	34	-5.689866029018304e-07	-5.37191090297283e-07	3	GL06	threshold_counterterm:35:0	4.74987324348378e-19	-2.8960919293008743e-18	2.9347847316716933e-18	8.758911974708733e-39	-5.340482362178928e-38	5.411833076744993e-38
right_after_drop	34	-5.689866029018304e-07	-5.37191090297283e-07	3	GL06	threshold_counterterm:36:0	-4.6554112049123766e-08	-1.2160756918238982e-07	1.302140016708345e-07	-8.584721077734055e-28	-2.2424808817542758e-27	2.4011861370702496e-27
right_after_drop	34	-5.689866029018304e-07	-5.37191090297283e-07	3	GL06	threshold_counterterm:37:0	2.566015534248335e-29	-2.0616388876967252e-27	2.061798570868549e-27	4.731811363819002e-49	-3.801725354617603e-47	3.8020198152851095e-47
right_after_drop	34	-5.689866029018304e-07	-5.37191090297283e-07	3	GL06	threshold_counterterm:38:0	-2.3581431631350344e-08	-3.961793496948558e-08	4.6104931287557934e-08	-4.348488334503808e-28	-7.305668745866273e-28	8.501890767331876e-28
right_after_drop	34	-5.689866029018304e-07	-5.37191090297283e-07	3	GL06	threshold_counterterm:39:0	-2.9642958433700555e-08	-3.214167315683561e-08	4.3724045307164176e-08	-5.466252472040724e-28	-5.927023132391997e-28	8.062848088609952e-28
right_after_drop	34	-5.689866029018304e-07	-5.37191090297283e-07	4	GL06_isr_p1_ct	original	-4.248478598243008e-06	-1.3036527964668422e-06	4.443993813391812e-06	-7.834324867404544e-26	-2.4039757493530558e-26	8.194860922035884e-26
right_after_drop	34	-5.689866029018304e-07	-5.37191090297283e-07	4	GL06_isr_p1_ct	threshold_counterterm:3:0	-5.6902928782052835e-08	5.3808483376514e-09	5.71567741637698e-08	-1.0493074630757202e-27	9.92244940502429e-29	1.0539884497877245e-27
right_after_drop	34	-5.689866029018304e-07	-5.37191090297283e-07	4	GL06_isr_p1_ct	threshold_counterterm:8:0	-2.3493944439928345e-07	1.1249903901660448e-08	2.3520863690017974e-07	-4.332355428017702e-27	2.0745167912376667e-28	4.337319420315469e-27
right_after_drop	34	-5.689866029018304e-07	-5.37191090297283e-07	4	GL06_isr_p1_ct	threshold_counterterm:15:0	2.1649634935997613e-19	-9.762203297585533e-18	9.764603621892496e-18	3.992259097632267e-39	-1.8001802359687537e-37	1.8006228631345266e-37
right_after_drop	34	-5.689866029018304e-07	-5.37191090297283e-07	4	GL06_isr_p1_ct	threshold_counterterm:17:0	6.585998464818743e-06	-7.895807083928252e-06	1.0281981583586231e-05	1.2144783210384046e-25	-1.4560110485534763e-25	1.8960289464515188e-25
right_after_drop	34	-5.689866029018304e-07	-5.37191090297283e-07	4	GL06_isr_p1_ct	threshold_counterterm:20:0	-7.611718076252201e-28	-4.4406610592276156e-27	4.505424859396056e-27	-1.4036241640270203e-47	-8.1887152211169005e-47	8.308141655412007e-47
right_after_drop	34	-5.689866029018304e-07	-5.37191090297283e-07	4	GL06_isr_p1_ct	threshold_counterterm:22:0	2.8890736915167992e-08	-8.363624573710597e-07	8.36861299606607e-07	5.32754051640386e-28	-1.5422780288114047e-26	1.5431979091969326e-26
right_after_drop	34	-5.689866029018304e-07	-5.37191090297283e-07	4	GL06_isr_p1_ct	threshold_counterterm:23:0	-5.6176877131596545e-08	-2.2370124552197402e-08	6.046704885091814e-08	-1.0359188479075935e-27	-4.125119593133765e-28	1.1150309305246903e-27
right_after_drop	34	-5.689866029018304e-07	-5.37191090297283e-07	4	GL06_isr_p1_ct	threshold_counterterm:24:0	-3.3992421048596307e-06	1.5912319090528e-05	1.6271347385088686e-05	-6.268306721244573e-26	2.9342804551388025e-25	3.000486374060975e-25
right_after_drop	34	-5.689866029018304e-07	-5.37191090297283e-07	4	GL06_isr_p1_ct	threshold_counterterm:35:0	-3.846430304205135e-74	-2.2643048034987846e-73	2.2967425854890108e-73	-7.092935479405484e-94	-4.175447520618396e-93	4.235263785714935e-93
right_after_drop	34	-5.689866029018304e-07	-5.37191090297283e-07	4	GL06_isr_p1_ct	threshold_counterterm:36:0	-9.25459908865921e-28	-4.4639667358524734e-27	4.5588896742206325e-27	-1.706576462645397e-47	-8.231691603770522e-47	8.406732414109621e-47
right_after_drop	34	-5.689866029018304e-07	-5.37191090297283e-07	4	GL06_isr_p1_ct	threshold_counterterm:37:0	2.74244182604911e-20	-7.031626377356777e-18	7.031679856866105e-18	5.057146858198188e-40	-1.2966534751806451e-37	1.2966633369662263e-37
right_after_drop	34	-5.689866029018304e-07	-5.37191090297283e-07	4	GL06_isr_p1_ct	threshold_counterterm:38:0	-4.0991847322186235e-08	-2.898575558401333e-08	5.020463697370579e-08	-7.55902239850909e-28	-5.345062250431438e-28	9.257889072685485e-28
right_after_drop	34	-5.689866029018304e-07	-5.37191090297283e-07	4	GL06_isr_p1_ct	threshold_counterterm:39:0	-4.519771776930744e-10	-7.287305495401843e-10	8.575147712946617e-10	-8.334597811471987e-30	-1.3438014889050149e-29	1.581283544584358e-29
right_after_drop	34	-5.689866029018304e-07	-5.37191090297283e-07	4	GL06_isr_p1_ct	threshold_counterterm:40:0	-5.8071255023626015e-08	-4.0291705379475025e-08	7.068021068450084e-08	-1.0708517573823535e-27	-7.429914076420242e-28	1.3033647678676724e-27
right_after_drop	34	-5.689866029018304e-07	-5.37191090297283e-07	5	GL06_isr_p2_ct	original	-4.503685217932694e-06	-1.4798002978049745e-06	4.740568474730551e-06	-8.304933703185902e-26	-2.728797145566565e-26	8.741753695681739e-26
right_after_drop	34	-5.689866029018304e-07	-5.37191090297283e-07	5	GL06_isr_p2_ct	threshold_counterterm:3:0	-5.0919555749365114e-08	-5.611990103594157e-08	7.577759860273073e-08	-9.389722288101434e-28	-1.0348681912249354e-27	1.3973621648255178e-27
right_after_drop	34	-5.689866029018304e-07	-5.37191090297283e-07	5	GL06_isr_p2_ct	threshold_counterterm:6:0	7.341698042385688e-06	4.0894332774866574e-05	4.1548128516782756e-05	1.3538316414309857e-25	7.541040416834142e-25	7.661602357318328e-25
right_after_drop	34	-5.689866029018304e-07	-5.37191090297283e-07	5	GL06_isr_p2_ct	threshold_counterterm:8:0	-3.6407694254662716e-10	-7.742151789641958e-10	8.555472888348498e-10	-6.713690509871573e-30	-1.4276765409127105e-29	1.5776554465712337e-29
right_after_drop	34	-5.689866029018304e-07	-5.37191090297283e-07	5	GL06_isr_p2_ct	threshold_counterterm:13:0	1.1157186413465984e-19	-6.817714887301736e-18	6.8186277626368645e-18	2.057419401981532e-39	-1.257207540189827e-37	1.257375877202088e-37
right_after_drop	34	-5.689866029018304e-07	-5.37191090297283e-07	5	GL06_isr_p2_ct	threshold_counterterm:17:0	-3.518756328327034e-08	-3.148404790990665e-08	4.721662718373108e-08	-6.488694615703177e-28	-5.805755019435531e-28	8.706890900979308e-28
right_after_drop	34	-5.689866029018304e-07	-5.37191090297283e-07	5	GL06_isr_p2_ct	threshold_counterterm:19:0	6.425296097917382e-08	-1.2346370966015294e-08	6.54284026292993e-08	1.184844311588839e-27	-2.276708681579723e-28	1.2065198162119985e-27
right_after_drop	34	-5.689866029018304e-07	-5.37191090297283e-07	5	GL06_isr_p2_ct	threshold_counterterm:21:0	-9.461730483303078e-28	-4.310042193139283e-27	4.4126757352005315e-27	-1.7447721272428305e-47	-7.947850025003824e-47	8.137109425094194e-47
right_after_drop	34	-5.689866029018304e-07	-5.37191090297283e-07	5	GL06_isr_p2_ct	threshold_counterterm:23:0	2.8890736915168343e-08	-8.363624573710605e-07	8.368612996066077e-07	5.327540516403925e-28	-1.542278028811406e-26	1.543197909196934e-26
right_after_drop	34	-5.689866029018304e-07	-5.37191090297283e-07	5	GL06_isr_p2_ct	threshold_counterterm:25:0	-9.301117436990467e-06	-3.38440553663274e-05	3.509887276275012e-05	-1.7151545887838428e-25	-6.240947634286963e-25	6.472339811639861e-25
right_after_drop	34	-5.689866029018304e-07	-5.37191090297283e-07	5	GL06_isr_p2_ct	threshold_counterterm:35:0	-3.882476034110845e-74	-2.2569215114082947e-73	2.2900722499982293e-73	-7.159404911140609e-94	-4.161832503503385e-93	4.2229634824414355e-93
right_after_drop	34	-5.689866029018304e-07	-5.37191090297283e-07	5	GL06_isr_p2_ct	threshold_counterterm:36:0	-2.1021029431741716e-21	-9.80351539065044e-18	9.80351561602045e-18	-3.876342314249716e-41	-1.8077983126646508e-37	1.807798354223572e-37
right_after_drop	34	-5.689866029018304e-07	-5.37191090297283e-07	5	GL06_isr_p2_ct	threshold_counterterm:37:0	-2.799854289596188e-07	-3.198956226200524e-08	2.81806977421455e-07	-5.163017202243664e-27	-5.898973416748718e-28	5.19660711468349e-27
right_after_drop	34	-5.689866029018304e-07	-5.37191090297283e-07	5	GL06_isr_p2_ct	threshold_counterterm:38:0	-7.6767271989072565e-28	-4.546661060581081e-27	4.611013793589074e-27	-1.4156120456756482e-47	-8.384182475416311e-47	8.502850889257083e-47
right_after_drop	34	-5.689866029018304e-07	-5.37191090297283e-07	5	GL06_isr_p2_ct	threshold_counterterm:40:0	-6.762952614305897e-08	-3.787277538606242e-09	6.773548757844095e-08	-1.2471092090530211e-27	-6.983855964988533e-29	1.24906317042767e-27
right_falling	35	-3.727593720314938e-07	-3.5192922374426703e-07	0	GL05	original	-8.928363429797683e-06	1.0998774327102436e-05	1.4166464281290384e-05	-1.646417606345404e-25	2.0282077272891229e-25	2.6123394724881067e-25
right_falling	35	-3.727593720314938e-07	-3.5192922374426703e-07	0	GL05	threshold_counterterm:5:0	-0.02564585622794072	-0.2139409605887345	0.21547260744534247	-4.729174563231386e-22	-3.945136944763934e-21	3.973380982669099e-21
right_falling	35	-3.727593720314938e-07	-3.5192922374426703e-07	0	GL05	threshold_counterterm:8:0	3.434984167218419e-08	2.293461453507335e-09	3.442632115609865e-08	6.334216180707445e-28	4.229213277684152e-29	6.348319232160384e-28
right_falling	35	-3.727593720314938e-07	-3.5192922374426703e-07	0	GL05	threshold_counterterm:10:0	1.0697028478715588e-07	9.835801771855427e-08	1.4531669373120442e-07	1.972564867169013e-27	1.8137520204050486e-27	2.679684411775555e-27
right_falling	35	-3.727593720314938e-07	-3.5192922374426703e-07	0	GL05	threshold_counterterm:12:0	4.469223039526033e-07	-1.0516686625480632e-06	1.1426926627733002e-06	8.241384388994255e-27	-1.9393092761907096e-26	2.107160324985006e-26
right_falling	35	-3.727593720314938e-07	-3.5192922374426703e-07	0	GL05	threshold_counterterm:14:0	3.904971138005188e-28	1.6254107587419956e-27	1.6716602916025627e-27	7.200886572812904e-48	2.997307302483658e-47	3.082592859893605e-47
right_falling	35	-3.727593720314938e-07	-3.5192922374426703e-07	0	GL05	threshold_counterterm:15:0	1.7572956406842392e-08	4.6156984571741875e-09	1.8169024991020935e-08	3.240507070669411e-28	8.511489552621295e-29	3.3504239461749106e-28
right_falling	35	-3.727593720314938e-07	-3.5192922374426703e-07	0	GL05	threshold_counterterm:16:0	-1.5632843623741756e-08	6.776663238204666e-09	1.7038455458415174e-08	-2.8827443217055674e-28	1.249637490160573e-28	3.1419434560699065e-28
right_falling	35	-3.727593720314938e-07	-3.5192922374426703e-07	0	GL05	threshold_counterterm:21:0	4.6657063487836285e-19	2.6703464076053802e-18	2.7108002681757575e-18	8.60370563886081e-39	4.924200694888519e-38	4.998798854799243e-38
right_falling	35	-3.727593720314938e-07	-3.5192922374426703e-07	0	GL05	threshold_counterterm:26:0	1.2458600124379766e-07	1.296171970358339e-07	1.7978400783536265e-07	2.2974040826719226e-27	2.390180876516739e-27	3.315272257529379e-27
right_falling	35	-3.727593720314938e-07	-3.5192922374426703e-07	0	GL05	threshold_counterterm:28:0	1.4775438682867222e-74	6.664234064194471e-74	6.826064132798757e-74	2.724636220313534e-94	1.2289052055697059e-93	1.2587471666727855e-93
right_falling	35	-3.727593720314938e-07	-3.5192922374426703e-07	0	GL05	threshold_counterterm:29:0	3.4656630986725513e-28	1.6110053365476518e-27	1.6478611596612196e-27	6.390789071458479e-48	2.970743262036501e-47	3.038706530498462e-47
right_falling	35	-3.727593720314938e-07	-3.5192922374426703e-07	0	GL05	threshold_counterterm:30:0	1.3703478665413448e-07	1.4301574879809453e-07	1.9807078824911014e-07	2.5269635046012646e-27	2.6372542813391058e-27	3.652486098266241e-27
right_falling	35	-3.727593720314938e-07	-3.5192922374426703e-07	0	GL05	threshold_counterterm:31:0	-0.013951499832829133	-0.23438978034615446	0.23480462831533788	-2.572699368736981e-22	-4.322219454255406e-21	4.3298693780716865e-21
right_falling	35	-3.727593720314938e-07	-3.5192922374426703e-07	0	GL05	threshold_counterterm:32:0	4.724505103624568e-19	2.780059932028383e-18	2.8199189191200877e-18	8.71213234657997e-39	5.12651579964936e-38	5.200016994616245e-38
right_falling	35	-3.727593720314938e-07	-3.5192922374426703e-07	0	GL05	threshold_counterterm:33:0	1.1468901558586264e-07	1.1171001402439163e-07	1.6010214717293463e-07	2.1149006310024895e-27	2.05996692832897e-27	2.9523327090326084e-27
right_falling	35	-3.727593720314938e-07	-3.5192922374426703e-07	1	GL05_isr_p1_ct	original	-1.8539321991863965e-05	1.709315288412677e-05	2.5216707466244323e-05	-3.418707849105e-25	3.152029829168563e-25	4.65003821505808e-25
right_falling	35	-3.727593720314938e-07	-3.5192922374426703e-07	1	GL05_isr_p1_ct	threshold_counterterm:1:0	2.530359480609464e-07	2.079560039290515e-07	3.2752540448221975e-07	4.66606050707418e-27	3.834772507930748e-27	6.039668934905194e-27
right_falling	35	-3.727593720314938e-07	-3.5192922374426703e-07	1	GL05_isr_p1_ct	threshold_counterterm:3:0	-3.773755315944987e-08	3.858211631735803e-09	3.7934268352738354e-08	-6.958920571574651e-28	7.114660608792442e-29	6.995195456687961e-28
right_falling	35	-3.727593720314938e-07	-3.5192922374426703e-07	1	GL05_isr_p1_ct	threshold_counterterm:6:0	2.0993026424909874e-27	4.1075010915551925e-27	4.612877280168717e-27	3.8711784738840025e-47	7.57435802024994e-47	8.506287215676853e-47
right_falling	35	-3.727593720314938e-07	-3.5192922374426703e-07	1	GL05_isr_p1_ct	threshold_counterterm:8:0	1.2046612217090694e-06	-1.664697835429586e-06	2.0548546280390586e-06	2.2214322486963543e-26	-3.069753877120637e-26	3.789214971685471e-26
right_falling	35	-3.727593720314938e-07	-3.5192922374426703e-07	1	GL05_isr_p1_ct	threshold_counterterm:11:0	2.141493288539205e-06	3.188332028027676e-06	3.840762245415034e-06	3.948979319495914e-26	5.879382069395292e-26	7.082483405115275e-26
right_falling	35	-3.727593720314938e-07	-3.5192922374426703e-07	1	GL05_isr_p1_ct	threshold_counterterm:12:0	-2.2490088727272294e-06	4.341454951703162e-07	2.2905290263566805e-06	-4.14724135503638e-26	8.005776115457133e-27	4.223805792059127e-26
right_falling	35	-3.727593720314938e-07	-3.5192922374426703e-07	1	GL05_isr_p1_ct	threshold_counterterm:14:0	1.8651788042503236e-08	2.3339474388232354e-08	2.9876751193886874e-08	3.439446933859397e-28	4.3038706766111245e-28	5.509364574234301e-28
right_falling	35	-3.727593720314938e-07	-3.5192922374426703e-07	1	GL05_isr_p1_ct	threshold_counterterm:20:0	3.851364517401468e-18	5.383769813225079e-18	6.619515544788201e-18	7.102034319908317e-38	9.927836695605406e-38	1.2206589734064336e-37
right_falling	35	-3.727593720314938e-07	-3.5192922374426703e-07	1	GL05_isr_p1_ct	threshold_counterterm:26:0	2.996792998043231e-07	3.697023506217314e-07	4.75907040068166e-07	5.5261782221860205e-27	6.817424760504995e-27	8.775871814726423e-27
right_falling	35	-3.727593720314938e-07	-3.5192922374426703e-07	1	GL05_isr_p1_ct	threshold_counterterm:29:0	9.039028286371822e-74	1.6560206235330036e-73	1.8866490476993694e-73	1.6668245453885966e-93	3.053752832189106e-93	3.479038721430517e-93
right_falling	35	-3.727593720314938e-07	-3.5192922374426703e-07	1	GL05_isr_p1_ct	threshold_counterterm:30:0	1.9353198996585335e-27	3.876100104197323e-27	4.332391387187083e-27	3.5687892655380324e-47	7.147647500783172e-47	7.989062624442959e-47
right_falling	35	-3.727593720314938e-07	-3.5192922374426703e-07	1	GL05_isr_p1_ct	threshold_counterterm:31:0	3.5207520863165555e-07	2.3285002182969338e-07	4.221090915854721e-07	6.492374854660506e-27	4.293825834854104e-27	7.783821140897867e-27
right_falling	35	-3.727593720314938e-07	-3.5192922374426703e-07	1	GL05_isr_p1_ct	threshold_counterterm:33:0	4.490201531478146e-18	5.180022556444219e-18	6.8552566311232714e-18	8.280069371719378e-38	9.552120503666983e-38	1.264130352918798e-37
right_falling	35	-3.727593720314938e-07	-3.5192922374426703e-07	1	GL05_isr_p1_ct	threshold_counterterm:34:0	-0.48945829218271186	-1.0011950591700987	1.1144330245883034	-9.025761060889414e-21	-1.846234403163214e-20	2.0550486852398667e-20
right_falling	35	-3.727593720314938e-07	-3.5192922374426703e-07	2	GL05_isr_p2_ct	original	-2.1136239537551306e-05	1.7461508617072403e-05	2.741614314546889e-05	-3.8975874111955653e-25	3.2199557563430686e-25	5.0556209016021975e-25
right_falling	35	-3.727593720314938e-07	-3.5192922374426703e-07	2	GL05_isr_p2_ct	threshold_counterterm:4:0	-0.5162972923366513	-1.225594995787266	1.329904503253127	-9.520680457233413e-21	-2.260034770290148e-20	2.4523847020008717e-20
right_falling	35	-3.727593720314938e-07	-3.5192922374426703e-07	2	GL05_isr_p2_ct	threshold_counterterm:12:0	2.0405615177467276e-27	3.967800961622162e-27	4.461763752010922e-27	3.7628580378310617e-47	7.316746695017749e-47	8.227629233984902e-47
right_falling	35	-3.727593720314938e-07	-3.5192922374426703e-07	2	GL05_isr_p2_ct	threshold_counterterm:14:0	1.2046612217090698e-06	-1.6646978354295872e-06	2.0548546280390594e-06	2.221432248696355e-26	-3.069753877120639e-26	3.7892149716854726e-26
right_falling	35	-3.727593720314938e-07	-3.5192922374426703e-07	2	GL05_isr_p2_ct	threshold_counterterm:15:0	2.117953926844937e-06	-1.1936902232595363e-06	2.431177736271721e-06	3.905572014405451e-26	-2.2012013909937924e-26	4.4831663278781057e-26
right_falling	35	-3.727593720314938e-07	-3.5192922374426703e-07	2	GL05_isr_p2_ct	threshold_counterterm:17:0	1.9077427259724445e-08	-1.2644173024200895e-08	2.288718729586506e-08	3.5179361112651103e-28	-2.331624294688203e-28	4.220467549279741e-28
right_falling	35	-3.727593720314938e-07	-3.5192922374426703e-07	2	GL05_isr_p2_ct	threshold_counterterm:19:0	4.656193327318195e-18	5.3348401257474805e-18	7.081006670569368e-18	8.586163335443861e-38	9.837608850861499e-38	1.3057593527349094e-37
right_falling	35	-3.727593720314938e-07	-3.5192922374426703e-07	2	GL05_isr_p2_ct	threshold_counterterm:24:0	3.992310892967555e-07	2.886811132658497e-07	4.92668496879478e-07	7.361943760319431e-27	5.3233682884597454e-27	9.084958220304871e-27
right_falling	35	-3.727593720314938e-07	-3.5192922374426703e-07	2	GL05_isr_p2_ct	threshold_counterterm:27:0	-1.3950492154291467e-05	1.4281126484761205e-06	1.4023399626470226e-05	-2.5725135497233404e-25	2.633483534561865e-26	2.5859579112542156e-25
right_falling	35	-3.727593720314938e-07	-3.5192922374426703e-07	2	GL05_isr_p2_ct	threshold_counterterm:29:0	9.058673861271036e-74	1.6521021905042027e-73	1.8841542848497135e-73	1.6704472496675125e-93	3.04652712147669e-93	3.4744383022029337e-93
right_falling	35	-3.727593720314938e-07	-3.5192922374426703e-07	2	GL05_isr_p2_ct	threshold_counterterm:30:0	2.004700511715277e-27	3.981508362393614e-27	4.457716117192948e-27	3.696729242586918e-47	7.342023562547616e-47	8.220165271209676e-47
right_falling	35	-3.727593720314938e-07	-3.5192922374426703e-07	2	GL05_isr_p2_ct	threshold_counterterm:31:0	3.773309672304845e-18	5.071505112915765e-18	6.321236429167956e-18	6.958098791031045e-38	9.352011008768333e-38	1.1656553894435172e-37
right_falling	35	-3.727593720314938e-07	-3.5192922374426703e-07	2	GL05_isr_p2_ct	threshold_counterterm:32:0	3.2066094184725464e-07	3.916930197993389e-07	5.062083181713767e-07	5.9130861380783085e-27	7.22293944630392e-27	9.334636678591569e-27
right_falling	35	-3.727593720314938e-07	-3.5192922374426703e-07	2	GL05_isr_p2_ct	threshold_counterterm:33:0	1.873527770951437e-08	2.3614218450515608e-08	3.01436882925978e-08	3.454842684580776e-28	4.3545343245392935e-28	5.558588594130005e-28
right_falling	35	-3.727593720314938e-07	-3.5192922374426703e-07	2	GL05_isr_p2_ct	threshold_counterterm:34:0	2.721507549095825e-07	2.2227638726609495e-07	3.513870027959524e-07	5.0185434092873045e-27	4.098844769785998e-27	6.479684127926537e-27
right_falling	35	-3.727593720314938e-07	-3.5192922374426703e-07	3	GL06	original	-1.370677478275947e-06	-4.7048866333784527e-08	1.371484722946706e-06	-2.5275713187514996e-26	-8.675955285602625e-28	2.529059902688541e-26
right_falling	35	-3.727593720314938e-07	-3.5192922374426703e-07	3	GL06	threshold_counterterm:6:0	-2.9390167583991565e-08	-3.3680694777995935e-08	4.4700907723933654e-08	-5.41963706385798e-28	-6.210823440650956e-28	8.242984515021396e-28
right_falling	35	-3.727593720314938e-07	-3.5192922374426703e-07	3	GL06	threshold_counterterm:7:0	-3.397737159756076e-08	-1.6169452594996954e-07	1.6522584998378462e-07	-6.265531556305827e-28	-2.9816966621814157e-27	3.0468153606830914e-27
right_falling	35	-3.727593720314938e-07	-3.5192922374426703e-07	3	GL06	threshold_counterterm:13:0	5.839258507651085e-19	-3.316353979637789e-18	3.3673688716045288e-18	1.0767771821332306e-38	-6.115458475543967e-38	6.209531501334486e-38
right_falling	35	-3.727593720314938e-07	-3.5192922374426703e-07	3	GL06	threshold_counterterm:16:0	-2.1889338382663797e-08	-3.58320707451772e-08	4.198905129576211e-08	-4.0364611485451765e-28	-6.607543768859624e-28	7.742909870398227e-28
right_falling	35	-3.727593720314938e-07	-3.5192922374426703e-07	3	GL06	threshold_counterterm:17:0	-4.638151475432564e-08	-1.199240214277993e-08	4.79068118335992e-08	-8.55289360708979e-28	-2.211435744691078e-28	8.834163067721512e-28
right_falling	35	-3.727593720314938e-07	-3.5192922374426703e-07	3	GL06	threshold_counterterm:19:0	-2.0714625293339082e-07	2.8996280194775515e-07	3.56353752074729e-07	-3.8198404511602764e-27	5.347003020942747e-27	6.571272508296334e-27
right_falling	35	-3.727593720314938e-07	-3.5192922374426703e-07	3	GL06	threshold_counterterm:20:0	-6.946938846166198e-08	-3.767870631828062e-07	3.8313768662866e-07	-1.281036834629841e-27	-6.948069033536277e-27	7.065176478083486e-27
right_falling	35	-3.727593720314938e-07	-3.5192922374426703e-07	3	GL06	threshold_counterterm:21:0	3.8880587077390753e-29	-2.025669885455582e-27	2.0260429869312036e-27	7.169699532572935e-49	-3.7353974110497444e-47	3.736085421616571e-47
right_falling	35	-3.727593720314938e-07	-3.5192922374426703e-07	3	GL06	threshold_counterterm:23:0	5.1630034413610804e-08	3.386786741042745e-08	6.174700718642912e-08	9.520736733351606e-28	6.245338648268154e-28	1.138633754889352e-27
right_falling	35	-3.727593720314938e-07	-3.5192922374426703e-07	3	GL06	threshold_counterterm:34:0	3.9222837549653667e-75	-1.0236742304131065e-73	1.0244253808830159e-73	7.232811569593415e-95	-1.887686684537674e-93	1.8890718290475248e-93
right_falling	35	-3.727593720314938e-07	-3.5192922374426703e-07	3	GL06	threshold_counterterm:35:0	4.749899182130689e-19	-2.8960947297215938e-18	2.9347879149821457e-18	8.758959806369364e-39	-5.340487526240645e-38	5.411838946867124e-38
right_falling	35	-3.727593720314938e-07	-3.5192922374426703e-07	3	GL06	threshold_counterterm:36:0	-4.655405814493027e-08	-1.2160773867698e-07	1.3021414069097952e-07	-8.58471113763541e-28	-2.2424840072865155e-27	2.401188700644371e-27
right_falling	35	-3.727593720314938e-07	-3.5192922374426703e-07	3	GL06	threshold_counterterm:37:0	2.5661767329000364e-29	-2.0616406672989166e-27	2.061800370395536e-27	4.732108619077893e-49	-3.8017286362586375e-47	3.8020231336680784e-47
right_falling	35	-3.727593720314938e-07	-3.5192922374426703e-07	3	GL06	threshold_counterterm:38:0	-2.3581417701648442e-08	-3.961798901411064e-08	4.6104970603415524e-08	-4.3484857658240445e-28	-7.305678711860928e-28	8.501898017296624e-28
right_falling	35	-3.727593720314938e-07	-3.5192922374426703e-07	3	GL06	threshold_counterterm:39:0	-2.964293755283778e-08	-3.2141738017980246e-08	4.372407883052446e-08	-5.466248621545571e-28	-5.927035092986045e-28	8.062854270420428e-28
right_falling	35	-3.727593720314938e-07	-3.5192922374426703e-07	4	GL06_isr_p1_ct	original	-4.2484859334610305e-06	-1.3036578276579048e-06	4.444002301802956e-06	-7.834338393771602e-26	-2.403985027023719e-26	8.194876574926436e-26
right_falling	35	-3.727593720314938e-07	-3.5192922374426703e-07	4	GL06_isr_p1_ct	threshold_counterterm:3:0	-5.69028877998672e-08	5.3807934628732885e-09	5.715672819760046e-08	-1.0493067073516449e-27	9.922348214250037e-29	1.0539876021574607e-27
right_falling	35	-3.727593720314938e-07	-3.5192922374426703e-07	4	GL06_isr_p1_ct	threshold_counterterm:8:0	-2.349392601131178e-07	1.1249770245556426e-08	2.352084464322594e-07	-4.332352029724274e-27	2.074492144642063e-28	4.337315908028587e-27
right_falling	35	-3.727593720314938e-07	-3.5192922374426703e-07	4	GL06_isr_p1_ct	threshold_counterterm:15:0	2.1650427541873638e-19	-9.762210053949267e-18	9.764610552331452e-18	3.9924052565873136e-39	-1.8001814818629528e-37	1.8006241411287308e-37
right_falling	35	-3.727593720314938e-07	-3.5192922374426703e-07	4	GL06_isr_p1_ct	threshold_counterterm:17:0	6.5860181358036085e-06	-7.89579107733086e-06	1.0281981891736226e-05	1.214481948428359e-25	-1.4560080968878134e-25	1.8960290032753232e-25
right_falling	35	-3.727593720314938e-07	-3.5192922374426703e-07	4	GL06_isr_p1_ct	threshold_counterterm:20:0	-7.611675438186411e-28	-4.440663868643939e-27	4.50542690807904e-27	-1.4036163014368862e-47	-8.188720401766785e-47	8.308145433246275e-47
right_falling	35	-3.727593720314938e-07	-3.5192922374426703e-07	4	GL06_isr_p1_ct	threshold_counterterm:22:0	2.8891845275234474e-08	-8.363636043835414e-07	8.368624841996666e-07	5.327744901400279e-28	-1.5422801439376082e-26	1.5432000936228748e-26
right_falling	35	-3.727593720314938e-07	-3.5192922374426703e-07	4	GL06_isr_p1_ct	threshold_counterterm:23:0	-5.617692372525982e-08	-2.237015127169438e-08	6.046710202376288e-08	-1.035919707109038e-27	-4.125124520290976e-28	1.1150319110482594e-27
right_falling	35	-3.727593720314938e-07	-3.5192922374426703e-07	4	GL06_isr_p1_ct	threshold_counterterm:24:0	-3.3992500569757268e-06	1.591232275975081e-05	1.6271352634625467e-05	-6.268321385190605e-26	2.9342811317547454e-25	3.000487342091662e-25
right_falling	35	-3.727593720314938e-07	-3.5192922374426703e-07	4	GL06_isr_p1_ct	threshold_counterterm:35:0	-3.8464090024760836e-74	-2.264305888023e-73	2.296743297950147e-73	-7.092896198363632e-94	-4.17544952051432e-93	4.235265099515127e-93
right_falling	35	-3.727593720314938e-07	-3.5192922374426703e-07	4	GL06_isr_p1_ct	threshold_counterterm:36:0	-9.254556933290661e-28	-4.463969439347828e-27	4.55889146566866e-27	-1.706568689066115e-47	-8.231696589098892e-47	8.406735717594742e-47
right_falling	35	-3.727593720314938e-07	-3.5192922374426703e-07	4	GL06_isr_p1_ct	threshold_counterterm:37:0	2.743109129828181e-20	-7.031631046196527e-18	7.031684551699164e-18	5.058377386837935e-40	-1.296654336129018e-37	1.2966642027078452e-37
right_falling	35	-3.727593720314938e-07	-3.5192922374426703e-07	4	GL06_isr_p1_ct	threshold_counterterm:38:0	-4.099179668621599e-08	-2.8985825249171086e-08	5.020463585108005e-08	-7.559013061080838e-28	-5.345075096900243e-28	9.257888865669852e-28
right_falling	35	-3.727593720314938e-07	-3.5192922374426703e-07	4	GL06_isr_p1_ct	threshold_counterterm:39:0	-4.5197541967583463e-10	-7.287308308596951e-10	8.575140837540853e-10	-8.334565393094771e-30	-1.343802007666823e-29	1.581282276738443e-29
right_falling	35	-3.727593720314938e-07	-3.5192922374426703e-07	4	GL06_isr_p1_ct	threshold_counterterm:40:0	-5.807115583258905e-08	-4.029185986299894e-08	7.068021725314931e-08	-1.0708499282692027e-27	-7.429942563655967e-28	1.3033648889955655e-27
right_falling	35	-3.727593720314938e-07	-3.5192922374426703e-07	5	GL06_isr_p2_ct	original	-4.503692845688619e-06	-1.4798058462546366e-06	4.7405774533189785e-06	-8.304947769001828e-26	-2.7288073770779536e-26	8.741770252474238e-26
right_falling	35	-3.727593720314938e-07	-3.5192922374426703e-07	5	GL06_isr_p2_ct	threshold_counterterm:3:0	-5.0919469932219654e-08	-5.612005206197591e-08	7.577765278508637e-08	-9.389706463156547e-28	-1.0348709761913394e-27	1.3973631639647777e-27
right_falling	35	-3.727593720314938e-07	-3.5192922374426703e-07	5	GL06_isr_p2_ct	threshold_counterterm:6:0	7.341685159567938e-06	4.08943867260008e-05	4.1548179342516684e-05	1.3538292657998716e-25	7.541050365588801e-25	7.661611729739586e-25
right_falling	35	-3.727593720314938e-07	-3.5192922374426703e-07	5	GL06_isr_p2_ct	threshold_counterterm:8:0	-3.6407536097214857e-10	-7.742153786501397e-10	8.555467965023184e-10	-6.713661345153001e-30	-1.4276769091397168e-29	1.5776545386949424e-29
right_falling	35	-3.727593720314938e-07	-3.5192922374426703e-07	5	GL06_isr_p2_ct	threshold_counterterm:13:0	1.1157831961435266e-19	-6.817719194613989e-18	6.818632175005189e-18	2.0575384430074403e-39	-1.25720833447142e-37	1.257376690856343e-37
right_falling	35	-3.727593720314938e-07	-3.5192922374426703e-07	5	GL06_isr_p2_ct	threshold_counterterm:17:0	-3.5187518869727854e-08	-3.1484112067766324e-08	4.7216636865654915e-08	-6.4886864257096945e-28	-5.805766850341675e-28	8.706892686355767e-28
right_falling	35	-3.727593720314938e-07	-3.5192922374426703e-07	5	GL06_isr_p2_ct	threshold_counterterm:19:0	6.425294474546946e-08	-1.2346365832695206e-08	6.542838571857856e-08	1.1848440122343504e-27	-2.276707734979751e-28	1.2065195043731202e-27
right_falling	35	-3.727593720314938e-07	-3.5192922374426703e-07	5	GL06_isr_p2_ct	threshold_counterterm:21:0	-9.461689144703469e-28	-4.3100448748422384e-27	4.412677468143785e-27	-1.7447645042782466e-47	-7.947854970146341e-47	8.137112620694714e-47
right_falling	35	-3.727593720314938e-07	-3.5192922374426703e-07	5	GL06_isr_p2_ct	threshold_counterterm:23:0	2.8891845275234474e-08	-8.363636043835414e-07	8.368624841996666e-07	5.327744901400279e-28	-1.5422801439376082e-26	1.5432000936228748e-26
right_falling	35	-3.727593720314938e-07	-3.5192922374426703e-07	5	GL06_isr_p2_ct	threshold_counterterm:25:0	-9.301118525829574e-06	-3.384411189416923e-05	3.509892755821148e-05	-1.7151547895691143e-25	-6.24095805819441e-25	6.472349916091034e-25
right_falling	35	-3.727593720314938e-07	-3.5192922374426703e-07	5	GL06_isr_p2_ct	threshold_counterterm:35:0	-3.882454727617379e-74	-2.2569225852557657e-73	2.2900729470821567e-73	-7.15936562131303e-94	-4.161834483711064e-93	4.222964767885582e-93
right_falling	35	-3.727593720314938e-07	-3.5192922374426703e-07	5	GL06_isr_p2_ct	threshold_counterterm:36:0	-2.0939757309903477e-21	-9.803522163940568e-18	9.803522387571129e-18	-3.861355485661069e-41	-1.8077995616801293e-37	1.8077996029182908e-37
right_falling	35	-3.727593720314938e-07	-3.5192922374426703e-07	5	GL06_isr_p2_ct	threshold_counterterm:37:0	-2.799852674640718e-07	-3.1989786341532256e-08	2.8180684240646945e-07	-5.163014224216235e-27	-5.899014737700917e-28	5.1966046249657384e-27
right_falling	35	-3.727593720314938e-07	-3.5192922374426703e-07	5	GL06_isr_p2_ct	threshold_counterterm:38:0	-7.676683782834284e-28	-4.5466638222283174e-27	4.611015793876239e-27	-1.4156040396186028e-47	-8.384187567978534e-47	8.502854577847977e-47
right_falling	35	-3.727593720314938e-07	-3.5192922374426703e-07	5	GL06_isr_p2_ct	threshold_counterterm:40:0	-6.762949050728848e-08	-3.7873542071696176e-09	6.77354562852129e-08	-1.247108551918481e-27	-6.983997344171389e-29	1.2490625933709447e-27
